FirstNameLastNameFullName,,,
Isaako,Aaitui,Isaako Aaitui,
Israel,Abanikanda,Israel Abanikanda,
Joe,Abbey,Joe Abbey,
Fay,Abbott,Fay Abbott,
Vince,Abbott,Vince Abbott,
Jared,Abbrederis,Jared Abbrederis,
Duke,Abbruzzi,Duke Abbruzzi,
Mehdi,Abdesmad,Mehdi Abdesmad,
Jabbar,,Jabbar ,
Quddus,,Quddus ,
Ameer,Abdullah,Ameer Abdullah,
Hamza,Abdullah,Hamza Abdullah,
Husain,Abdullah,Husain Abdullah,
Khalid,Abdullah,Khalid Abdullah,
Rabih,Abdullah,Rabih Abdullah,
Rahim,Abdullah,Rahim Abdullah,
Yasir,Abdullah,Yasir Abdullah,
Fred,Abel,Fred Abel,
Bud,Abell,Bud Abell,
Walter,Abercrombie,Walter Abercrombie,
Micah,Abernathy,Micah Abernathy,
Cliff,Aberson,Cliff Aberson,
Victor,Abiamiri,Victor Abiamiri,
Oday,Aboushi,Oday Aboushi,
Clifton,Abraham,Clifton Abraham,
Donnie,Abraham,Donnie Abraham,
John,Abraham,John Abraham,
Robert,Abraham,Robert Abraham,
Johnathan,Abram,Johnathan Abram,
Danny,Abramowicz,Danny Abramowicz,
Sid,Abramowitz,Sid Abramowitz,
Bobby,Abrams,Bobby Abrams,
Delrick,Abrams,Delrick Abrams,
Kevin,Abrams,Kevin Abrams,
Nate,Abrams,Nate Abrams,
Draine,,Draine ,
George,Abramson,George Abramson,
Dick,Abrell,Dick Abrell,
Ray,Abruzzese,Ray Abruzzese,
Frank,Abruzzino,Frank Abruzzino,
Dick,Absher,Dick Absher,
Von,Achane,Von Achane,
Steve,Ache,Steve Ache,
George,Achica,George Achica,
Sneeze,Achiu,Sneeze Achiu,
Emmanuel,Acho,Emmanuel Acho,
Sam,Acho,Sam Acho,
Bill,Acker,Bill Acker,
Kenneth,Acker,Kenneth Acker,
Rick,Ackerman,Rick Ackerman,
Tom,Ackerman,Tom Ackerman,
Ron,Acks,Ron Acks,
Fred,Acorn,Fred Acorn,
Ed,Adamchik,Ed Adamchik,
Mike,Adamle,Mike Adamle,
Tony,Adamle,Tony Adamle,
Andrew,Adams,Andrew Adams,
Anthony,Adams,Anthony Adams,
Bill,Adams,Bill Adams,
Blue,Adams,Blue Adams,
Bob,Adams,Bob Adams,
Brent,Adams,Brent Adams,
Charlie,Adams,Charlie Adams,
Chet,Adams,Chet Adams,
Curtis,Adams,Curtis Adams,
Darvin,Adams,Darvin Adams,
Davante,Adams,Davante Adams,
David,Adams,David Adams,
Doug,Adams,Doug Adams,
Earnest,Adams,Earnest Adams,
Flozell,Adams,Flozell Adams,
Gaines,Adams,Gaines Adams,
George,Adams,George Adams,
Henry,Adams,Henry Adams,
Isaiah,Adams,Isaiah Adams,
Jamal,Adams,Jamal Adams,
Jamar,Adams,Jamar Adams,
Jeff,Adams,Jeff Adams,
Jerell,Adams,Jerell Adams,
Joe,Adams,Joe Adams,
John,Adams,John Adams,
John,Adams,John Adams,
Johnny,Adams,Johnny Adams,
Josh,Adams,Josh Adams,
Julius,Adams,Julius Adams,
Keith,Adams,Keith Adams,
Kris,Adams,Kris Adams,
Kyle,Adams,Kyle Adams,
Matthew,Adams,Matthew Adams,
Michael,Adams,Michael Adams,
Michael,Adams,Michael Adams,
Mike,Adams,Mike Adams,
Mike,Adams,Mike Adams,
Mike,Adams,Mike Adams,
Montravius,Adams,Montravius Adams,
Myles,Adams,Myles Adams,
Neal,Adams,Neal Adams,
Pete,Adams,Pete Adams,
Phillip,Adams,Phillip Adams,
Rodney,Adams,Rodney Adams,
Sam,Adams,Sam Adams,
Sam,Adams,Sam Adams,
Scott,Adams,Scott Adams,
Stan,Adams,Stan Adams,
Stefon,Adams,Stefon Adams,
Theo,Adams,Theo Adams,
Titus,Adams,Titus Adams,
Tom,Adams,Tom Adams,
Tony,Adams,Tony Adams,
Tony,Adams,Tony Adams,
Tyrell,Adams,Tyrell Adams,
Vashone,Adams,Vashone Adams,
Verlin,Adams,Verlin Adams,
Willie,Adams,Willie Adams,
Willis,Adams,Willis Adams,
Ken,Adamson,Ken Adamson,
Jahleel,Addae,Jahleel Addae,
Joseph,Addai,Joseph Addai,
Abe,Addams,Abe Addams,
Herb,Adderley+,Herb Adderley+,
Nasir,Adderley,Nasir Adderley,
Tucker,Addington,Tucker Addington,
Bralon,Addison,Bralon Addison,
Jordan,Addison,Jordan Addison,
Mario,Addison,Mario Addison,
Tom,Addison,Tom Addison,
Nick,Adduci,Nick Adduci,
Adetomiwa,Adebawore,Adetomiwa Adebawore,
Paulson,Adebo,Paulson Adebo,
Quincy,Adeboyejo,Quincy Adeboyejo,
Hakeem,Adeniji,Hakeem Adeniji,
Olasunkanmi,Adeniyi,Olasunkanmi Adeniyi,
Aaron,Adeoye,Aaron Adeoye,
Victor,Adeyanju,Victor Adeyanju,
Xavier,Adibi,Xavier Adibi,
John,Adickes,John Adickes,
Mark,Adickes,Mark Adickes,
Barimah,,Barimah ,
Bob,Adkins,Bob Adkins,
Kevin,Adkins,Kevin Adkins,
Margene,Adkins,Margene Adkins,
Nate,Adkins,Nate Adkins,
Roy,Adkins,Roy Adkins,
Sam,Adkins,Sam Adkins,
Spencer,Adkins,Spencer Adkins,
James,Adkisson,James Adkisson,
Cal,Adomitis,Cal Adomitis,
Daniel,Adongo,Daniel Adongo,
Al,Afalava,Al Afalava,
Erik,Affholter,Erik Affholter,
Dick,Afflis,Dick Afflis,
Ben,Agajanian,Ben Agajanian,
Alex,Agase,Alex Agase,
Louis,Age,Louis Age,
Mel,Agee,Mel Agee,
Sam,Agee,Sam Agee,
Tommie,Agee,Tommie Agee,
Nelson,Agholor,Nelson Agholor,
McTelvin,Agim,McTelvin Agim,
Bob,Agler,Bob Agler,
Jamal,Agnew,Jamal Agnew,
Ray,Agnew,Ray Agnew,
Ray,Agnew,Ray Agnew,
Vince,Agnew,Vince Agnew,
Roberto,Aguayo,Roberto Aguayo,
Mitchell,Agude,Mitchell Agude,
Louie,Aguiar,Louie Aguiar,
Joe,Aguirre,Joe Aguirre,
C.J.,Ah,C.J. Ah,
Chidi,Ahanotu,Chidi Ahanotu,
Dan,Ahern,Dan Ahern,
Ramiz,Ahmed,Ramiz Ahmed,
Salvon,Ahmed,Salvon Ahmed,
Dave,Ahrens,Dave Ahrens,
Tony,Aiello,Tony Aiello,
Danny,Aiken,Danny Aiken,
Kamar,Aiken,Kamar Aiken,
Sam,Aiken,Sam Aiken,
Carl,Aikens,Carl Aikens,
Walt,Aikens,Walt Aikens,
Troy,Aikman+,Troy Aikman+,
Jim,Ailinger,Jim Ailinger,
Charles,Aiu,Charles Aiu,
Victor,Aiyewa,Victor Aiyewa,
Brandon,Aiyuk,Brandon Aiyuk,
Jay,Ajayi,Jay Ajayi,
Seyi,Ajirotutu,Seyi Ajirotutu,
Hakim,Akbar,Hakim Akbar,
Cam,Akers,Cam Akers,
David,Akers,David Akers,
Landen,Akers,Landen Akers,
Harold,Akin,Harold Akin,
Len,Akin,Len Akin,
Alex,Akingbulu,Alex Akingbulu,
Freedom,Akinmoladun,Freedom Akinmoladun,
Al,Akins,Al Akins,
Chris,Akins,Chris Akins,
Frank,Akins,Frank Akins,
Jordan,Akins,Jordan Akins,
Mike,Akiu,Mike Akiu,
Shaair,,Shaair ,
Anthony,Alabi,Anthony Alabi,
Otaro,Alaka,Otaro Alaka,
Francis,,Francis ,
Dick,Alban,Dick Alban,
Dom,Albanese,Dom Albanese,
Vannie,Albanese,Vannie Albanese,
Tom,Alberghini,Tom Alberghini,
Branden,Albert,Branden Albert,
Frankie,Albert,Frankie Albert,
Sergio,Albert,Sergio Albert,
Trev,Alberts,Trev Alberts,
Art,Albrecht,Art Albrecht,
Ted,Albrecht,Ted Albrecht,
Alex,Albright,Alex Albright,
Bill,Albright,Bill Albright,
Bryson,Albright,Bryson Albright,
Ethan,Albright,Ethan Albright,
Ira,Albright,Ira Albright,
Vince,Albritton,Vince Albritton,
Zac,Alcorn,Zac Alcorn,
Grady,Alderman,Grady Alderman,
John,Alderton,John Alderton,
Ki,Aldrich,Ki Aldrich,
Allen,Aldridge,Allen Aldridge,
Allen,Aldridge,Allen Aldridge,
Bennie,Aldridge,Bennie Aldridge,
Jerry,Aldridge,Jerry Aldridge,
Kevin,Aldridge,Kevin Aldridge,
Lionel,Aldridge,Lionel Aldridge,
Melvin,Aldridge,Melvin Aldridge,
Arnold,Ale,Arnold Ale,
Ink,Aleaga,Ink Aleaga,
Keith,Alex,Keith Alex,
Steve,Alexakos,Steve Alexakos,
Adonis,Alexander,Adonis Alexander,
Brent,Alexander,Brent Alexander,
Bruce,Alexander,Bruce Alexander,
Charles,Alexander,Charles Alexander,
D.J.,Alexander,D.J. Alexander,
Dan,Alexander,Dan Alexander,
Dan,Alexander,Dan Alexander,
Danario,Alexander,Danario Alexander,
David,Alexander,David Alexander,
Derrick,Alexander,Derrick Alexander,
Derrick,Alexander,Derrick Alexander,
Doc,Alexander,Doc Alexander,
Dominique,Alexander,Dominique Alexander,
Elijah,Alexander,Elijah Alexander,
Eric,Alexander,Eric Alexander,
Frank,Alexander,Frank Alexander,
Gerald,Alexander,Gerald Alexander,
Glenn,Alexander,Glenn Alexander,
Harold,Alexander,Harold Alexander,
Jaire,Alexander,Jaire Alexander,
Jeff,Alexander,Jeff Alexander,
John,Alexander,John Alexander,
John,Alexander,John Alexander,
Kermit,Alexander,Kermit Alexander,
Kevin,Alexander,Kevin Alexander,
Kevin,Alexander,Kevin Alexander,
Kwon,Alexander,Kwon Alexander,
Lorenzo,Alexander,Lorenzo Alexander,
Mackensie,Alexander,Mackensie Alexander,
Maurice,Alexander,Maurice Alexander,
Maurice,Alexander,Maurice Alexander,
Mike,Alexander,Mike Alexander,
Mister,Alexander,Mister Alexander,
P.J.,Alexander,P.J. Alexander,
Patrise,Alexander,Patrise Alexander,
Ray,Alexander,Ray Alexander,
Robert,Alexander,Robert Alexander,
Roc,Alexander,Roc Alexander,
Rogers,Alexander,Rogers Alexander,
Rufus,Alexander,Rufus Alexander,
Shaun,Alexander,Shaun Alexander,
Stephen,Alexander,Stephen Alexander,
Vadal,Alexander,Vadal Alexander,
Vincent,Alexander,Vincent Alexander,
Willie,Alexander,Willie Alexander,
Alton,Alexis,Alton Alexis,
Rich,Alexis,Rich Alexis,
Ted,Alflen,Ted Alflen,
Julie,Alfonse,Julie Alfonse,
Brian,Alford,Brian Alford,
Bruce,Alford,Bruce Alford,
Bruce,Alford,Bruce Alford,
Darnell,Alford,Darnell Alford,
DeAundre,Alford,DeAundre Alford,
Gene,Alford,Gene Alford,
Jay,Alford,Jay Alford,
Lynwood,Alford,Lynwood Alford,
Mario,Alford,Mario Alford,
Mike,Alford,Mike Alford,
Robert,Alford,Robert Alford,
Warren,Alfson,Warren Alfson,
Charles,Ali,Charles Ali,
Josh,Ali,Josh Ali,
Rasheen,Ali,Rasheen Ali,
Cox,,Cox ,
Tuineau,Alipate,Tuineau Alipate,
Erick,All,Erick All,
Don,Allard,Don Allard,
Raul,Allegre,Raul Allegre,
Nick,Allegretti,Nick Allegretti,
Andy,Alleman,Andy Alleman,
Anthony,Allen,Anthony Allen,
Anthony,Allen,Anthony Allen,
Antonio,Allen,Antonio Allen,
Armando,Allen,Armando Allen,
Asher,Allen,Asher Allen,
Beau,Allen,Beau Allen,
Braelon,Allen,Braelon Allen,
Brandon,Allen,Brandon Allen,
Brevin,Allen,Brevin Allen,
Brian,Allen,Brian Allen,
Brian,Allen,Brian Allen,
Brian,Allen,Brian Allen,
Brian,Allen,Brian Allen,
Buddy,Allen,Buddy Allen,
Carl,Allen,Carl Allen,
Carl,Allen,Carl Allen,
Chase,Allen,Chase Allen,
Chase,Allen,Chase Allen,
Chuck,Allen,Chuck Allen,
Cortez,Allen,Cortez Allen,
Dakota,Allen,Dakota Allen,
Dalva,Allen,Dalva Allen,
David,Allen,David Allen,
Davis,Allen,Davis Allen,
Derek,Allen,Derek Allen,
Devon,Allen,Devon Allen,
Don,Allen,Don Allen,
Doug,Allen,Doug Allen,
Duane,Allen,Duane Allen,
Dwayne,Allen,Dwayne Allen,
Earl,Allen,Earl Allen,
Ed,Allen,Ed Allen,
Eddie,Allen,Eddie Allen,
Egypt,Allen,Egypt Allen,
Eric,Allen+,Eric Allen+,
Ermal,Allen,Ermal Allen,
Gary,Allen,Gary Allen,
George,Allen,George Allen,
Gerry,Allen,Gerry Allen,
Grady,Allen,Grady Allen,
Greg,Allen,Greg Allen,
Harvey,Allen,Harvey Allen,
Ian,Allen,Ian Allen,
Jackie,Allen,Jackie Allen,
Jake,Allen,Jake Allen,
James,Allen,James Allen,
James,Allen,James Allen,
Jared,Allen+,Jared Allen+,
Jason,Allen,Jason Allen,
Javorius,Allen,Javorius Allen,
Jeff,Allen,Jeff Allen,
Jeff,Allen,Jeff Allen,
Jeff,Allen,Jeff Allen,
Jimmy,Allen,Jimmy Allen,
Johnny,Allen,Johnny Allen,
Jonathan,Allen,Jonathan Allen,
Josh,Allen,Josh Allen,
Josh,Allen,Josh Allen,
Keenan,Allen,Keenan Allen,
Kenderick,Allen,Kenderick Allen,
Kevin,Allen,Kevin Allen,
Kyle,Allen,Kyle Allen,
Larry,Allen+,Larry Allen+,
Lou,Allen,Lou Allen,
Lynn,Allen,Lynn Allen,
Marcus,Allen+,Marcus Allen+,
Marcus,Allen,Marcus Allen,
Marvin,Allen,Marvin Allen,
Matt,Allen,Matt Allen,
Nate,Allen,Nate Allen,
Nate,Allen,Nate Allen,
Patrick,Allen,Patrick Allen,
Rashaun,Allen,Rashaun Allen,
Ricardo,Allen,Ricardo Allen,
Roger,Allen,Roger Allen,
Russell,Allen,Russell Allen,
Ryan,Allen,Ryan Allen,
Taje,Allen,Taje Allen,
Terry,Allen,Terry Allen,
Tremayne,Allen,Tremayne Allen,
Will,Allen,Will Allen,
Will,Allen,Will Allen,
Zach,Allen,Zach Allen,
Kurt,Allerman,Kurt Allerman,
Ty,Allert,Ty Allert,
Don,Alley,Don Alley,
Tyler,Allgeier,Tyler Allgeier,
Aundrae,Allison,Aundrae Allison,
Geronimo,Allison,Geronimo Allison,
Henry,Allison,Henry Allison,
Jim,Allison,Jim Allison,
Neely,Allison,Neely Allison,
Buddy,Alliston,Buddy Alliston,
Bob,Allman,Bob Allman,
Brian,Allred,Brian Allred,
Colin,Allred,Colin Allred,
John,Allred,John Allred,
Joe,Allton,Joe Allton,
Jeff,Alm,Jeff Alm,
Beau,Almodobar,Beau Almodobar,
Kiko,Alonso,Kiko Alonso,
Gerald,Alphin,Gerald Alphin,
Jon,Alston,Jon Alston,
Lyneal,Alston,Lyneal Alston,
Mack,Alston,Mack Alston,
Brien,Alston,Brien Alston,
Richard,Alston,Richard Alston,
Mike,Alstott,Mike Alstott,
Joe,Alt,Joe Alt,
John,Alt,John Alt,
Jim,Althoff,Jim Althoff,
Tyson,Alualu,Tyson Alualu,
Auzoyah,Alufohai,Auzoyah Alufohai,
Wilson,Alvarez,Wilson Alvarez,
Steve,Alvers,Steve Alvers,
Steve,Alvord,Steve Alvord,
Tom,Alward,Tom Alward,
Lance,Alworth+,Lance Alworth+,
Lyle,Alzado,Lyle Alzado,
Ugo,Amadi,Ugo Amadi,
Eugene,Amano,Eugene Amano,
Jace,Amaro,Jace Amaro,
Ken,Amato,Ken Amato,
Jonathon,Amaya,Jonathon Amaya,
John,Amberg,John Amberg,
Ashley,Ambrose,Ashley Ambrose,
Dick,Ambrose,Dick Ambrose,
John,Ambrose,John Ambrose,
Walt,Ambrose,Walt Ambrose,
Alan,Ameche,Alan Ameche,
Kiran,Amegadjie,Kiran Amegadjie,
Danny,Amendola,Danny Amendola,
David,Amerson,David Amerson,
Glen,Amerson,Glen Amerson,
Dave,Ames,Dave Ames,
Otis,Amey,Otis Amey,
Vincent,Amey,Vincent Amey,
Richard,Amman,Richard Amman,
Matt,Ammendola,Matt Ammendola,
Adrian,Amos,Adrian Amos,
Marty,Amsler,Marty Amsler,
Joe,Amstutz,Joe Amstutz,
Prince,Amukamara,Prince Amukamara,
Norm,Amundsen,Norm Amundsen,
George,Amundson,George Amundson,
Bradlee,Anae,Bradlee Anae,
Vito,Ananis,Vito Ananis,
Tremayne,Anchrum,Tremayne Anchrum,
Rudy,Andabaker,Rudy Andabaker,
Kimble,Anders,Kimble Anders,
Jason,Andersen,Jason Andersen,
Morten,Andersen+,Morten Andersen+,
Stan,Andersen,Stan Andersen,
Troy,Andersen,Troy Andersen,
Anderson,,Anderson ,
Abdullah,Anderson,Abdullah Anderson,
Alec,Anderson,Alec Anderson,
Alec,Anderson,Alec Anderson,
Alfred,Anderson,Alfred Anderson,
Anderson,,Anderson ,
Anthony,Anderson,Anthony Anderson,
Anthony,Anderson,Anthony Anderson,
Antonio,Anderson,Antonio Anderson,
Aric,Anderson,Aric Anderson,
Art,Anderson,Art Anderson,
Bennie,Anderson,Bennie Anderson,
Bill,Anderson,Bill Anderson,
Bill,Anderson,Bill Anderson,
Billy,Anderson,Billy Anderson,
Billy,Guy,Billy Guy,
Bob,Anderson,Bob Anderson,
Bobby,Anderson,Bobby Anderson,
Brad,Anderson,Brad Anderson,
Brandon,Anderson,Brandon Anderson,
Bruce,Anderson,Bruce Anderson,
Bryan,Anderson,Bryan Anderson,
C.J.,Anderson,C.J. Anderson,
Calvin,Anderson,Calvin Anderson,
Charlie,Anderson,Charlie Anderson,
Charlie,Anderson,Charlie Anderson,
Chet,Anderson,Chet Anderson,
Cliff,Anderson,Cliff Anderson,
Colt,Anderson,Colt Anderson,
Courtney,Anderson,Courtney Anderson,
Curtis,Anderson,Curtis Anderson,
Curtis,Anderson,Curtis Anderson,
Damien,Anderson,Damien Anderson,
Darren,Anderson,Darren Anderson,
David,Anderson,David Anderson,
Deon,Anderson,Deon Anderson,
Derek,Anderson,Derek Anderson,
Dick,Anderson,Dick Anderson,
Dick,Anderson,Dick Anderson,
Don,Anderson,Don Anderson,
Donny,Anderson,Donny Anderson,
Dunstan,Anderson,Dunstan Anderson,
Dwayne,Anderson,Dwayne Anderson,
Dwight,Anderson,Dwight Anderson,
Eddie,Anderson,Eddie Anderson,
Eddie,Anderson,Eddie Anderson,
Erick,Anderson,Erick Anderson,
Evan,Anderson,Evan Anderson,
Flipper,Anderson,Flipper Anderson,
Fred,Anderson,Fred Anderson,
Gary,Anderson,Gary Anderson,
Gary,Anderson,Gary Anderson,
Gary,Anderson,Gary Anderson,
Henry,Anderson,Henry Anderson,
Herbie,Anderson,Herbie Anderson,
Hunk,Anderson,Hunk Anderson,
Jack,Anderson,Jack Anderson,
Jamaal,Anderson,Jamaal Anderson,
Jamal,Anderson,Jamal Anderson,
James,Anderson,James Anderson,
Jason,Anderson,Jason Anderson,
Jerry,Anderson,Jerry Anderson,
Jesse,Anderson,Jesse Anderson,
Joe,Anderson,Joe Anderson,
John,Anderson,John Anderson,
Jonathan,Anderson,Jonathan Anderson,
Justin,Anderson,Justin Anderson,
Ken,Anderson,Ken Anderson,
Ken,Anderson,Ken Anderson,
Kim,Anderson,Kim Anderson,
Larry,Anderson,Larry Anderson,
Liam,Anderson,Liam Anderson,
Marcus,Anderson,Marcus Anderson,
Mark,Anderson,Mark Anderson,
Marques,Anderson,Marques Anderson,
Max,Anderson,Max Anderson,
Mel,Anderson,Mel Anderson,
Mike,Anderson,Mike Anderson,
Neal,Anderson,Neal Anderson,
Ockie,Anderson,Ockie Anderson,
Ottis,Anderson,Ottis Anderson,
Paul,Anderson,Paul Anderson,
Preston,Anderson,Preston Anderson,
Ralph,Anderson,Ralph Anderson,
Ralph,Anderson,Ralph Anderson,
Rashard,Anderson,Rashard Anderson,
Richie,Anderson,Richie Anderson,
Rickey,Anderson,Rickey Anderson,
Roger,Anderson,Roger Anderson,
Ronnie,Anderson,Ronnie Anderson,
Ryan,Anderson,Ryan Anderson,
Ryder,Anderson,Ryder Anderson,
Scott,Anderson,Scott Anderson,
Scotty,Anderson,Scotty Anderson,
Spencer,Anderson,Spencer Anderson,
Stephen,Anderson,Stephen Anderson,
Stevie,Anderson,Stevie Anderson,
Stuart,Anderson,Stuart Anderson,
Sugarfoot,Anderson,Sugarfoot Anderson,
Taz,Anderson,Taz Anderson,
Terry,Anderson,Terry Anderson,
Tim,Anderson,Tim Anderson,
Tycen,Anderson,Tycen Anderson,
Vickey,Ray,Vickey Ray,
Vince,Anderson,Vince Anderson,
Warren,Anderson,Warren Anderson,
Will,Anderson,Will Anderson,
Will,Anderson,Will Anderson,
William,Anderson,William Anderson,
Willie,Anderson,Willie Anderson,
Winnie,Anderson,Winnie Anderson,
Zaire,Anderson,Zaire Anderson,
Zayne,Anderson,Zayne Anderson,
Eric,Andolsek,Eric Andolsek,
Steve,Andrako,Steve Andrako,
Joe,Andreessen,Joe Andreessen,
Troy,Andrew,Troy Andrew,
Al,Andrews,Al Andrews,
Antonio,Andrews,Antonio Andrews,
Billy,Andrews,Billy Andrews,
David,Andrews,David Andrews,
George,Andrews,George Andrews,
Jaby,Andrews,Jaby Andrews,
Jake,Andrews,Jake Andrews,
John,Andrews,John Andrews,
John,Andrews,John Andrews,
Josh,Andrews,Josh Andrews,
Mark,Andrews,Mark Andrews,
Mitch,Andrews,Mitch Andrews,
Ricky,Andrews,Ricky Andrews,
Roy,Andrews,Roy Andrews,
Shawn,Andrews,Shawn Andrews,
Stacy,Andrews,Stacy Andrews,
Tom,Andrews,Tom Andrews,
William,Andrews,William Andrews,
Willie,Andrews,Willie Andrews,
George,Andrie,George Andrie,
Plato,Andros,Plato Andros,
Teddy,Andrulewicz,Teddy Andrulewicz,
Lou,Andrus,Lou Andrus,
Shane,Andrus,Shane Andrus,
Sheldon,Andrus,Sheldon Andrus,
Sig,Andrusking,Sig Andrusking,
Zenon,Andrusyshyn,Zenon Andrusyshyn,
Joe,Andruzzi,Joe Andruzzi,
Charlie,Ane,Charlie Ane,
Charlie,Ane,Charlie Ane,
Mark,Anelli,Mark Anelli,
Jim,Angelo,Jim Angelo,
Bryan,Anger,Bryan Anger,
Pat,Angerer,Pat Angerer,
Elmer,Angsman,Elmer Angsman,
Richard,Angulo,Richard Angulo,
Eli,Ankou,Eli Ankou,
Jason,Ankrah,Jason Ankrah,
Scott,Ankrom,Scott Ankrom,
Dunc,Annan,Dunc Annan,
Blake,Annen,Blake Annen,
Sam,Anno,Sam Anno,
Ezekiel,Ansah,Ezekiel Ansah,
Charles,Anthony,Charles Anthony,
Cornelius,Anthony,Cornelius Anthony,
Daijahn,Anthony,Daijahn Anthony,
Reidel,Anthony,Reidel Anthony,
Stephone,Anthony,Stephone Anthony,
Terrence,Anthony,Terrence Anthony,
Terry,Anthony,Terry Anthony,
Tyrone,Anthony,Tyrone Anthony,
Lionel,Antoine,Lionel Antoine,
Glenn,Antrum,Glenn Antrum,
Houston,Antwine,Houston Antwine,
Uzomah,,Uzomah ,
Kenny,Anunike,Kenny Anunike,
Chigozie,Anusiem,Chigozie Anusiem,
Alex,Anzalone,Alex Anzalone,
Steve,Apke,Steve Apke,
Troy,Apke,Troy Apke,
Chuck,Apolskis,Chuck Apolskis,
Ray,Apolskis,Ray Apolskis,
Clarence,Appelgran,Clarence Appelgran,
Eli,Apple,Eli Apple,
Jim,Apple,Jim Apple,
Scott,Appleton,Scott Appleton,
Antwan,Applewhite,Antwan Applewhite,
Marger,Apsit,Marger Apsit,
Ben,Apuna,Ben Apuna,
Leo,Araguz,Leo Araguz,
Matt,Araiza,Matt Araiza,
Evan,Arapostathis,Evan Arapostathis,
Fred,Arbanas,Fred Arbanas,
Hasson,Arbubakrr,Hasson Arbubakrr,
Charles,Arbuckle,Charles Arbuckle,
Whiteside,,Whiteside ,
Emmanuel,Arceneaux,Emmanuel Arceneaux,
Lester,Archambeau,Lester Archambeau,
Brandon,Archer,Brandon Archer,
Dan,Archer,Dan Archer,
David,Archer,David Archer,
Dri,Archer,Dri Archer,
Troy,Archer,Troy Archer,
Ben,Archibald,Ben Archibald,
Daniel,Archibong,Daniel Archibong,
Mike,Archie,Mike Archie,
Julie,Archoska,Julie Archoska,
Adam,Archuleta,Adam Archuleta,
AJ,Arcuri,AJ Arcuri,
Billy,Ard,Billy Ard,
Tony,Ardizzone,Tony Ardizzone,
Tony,Arena,Tony Arena,
Javier,Arenas,Javier Arenas,
Joe,Arenas,Joe Arenas,
Arnie,Arenz,Arnie Arenz,
Bob,Argus,Bob Argus,
Gump,Ariail,Gump Ariail,
Jake,Arians,Jake Arians,
Mike,Ariey,Mike Ariey,
Obed,Ariri,Obed Ariri,
David,Arkin,David Arkin,
Alex,Armah,Alex Armah,
Thurston,Armbrister,Thurston Armbrister,
JoJuan,Armour,JoJuan Armour,
Justin,Armour,Justin Armour,
Phil,Armour,Phil Armour,
Davis,,Davis ,
Loyd,Arms,Loyd Arms,
Arik,Armstead,Arik Armstead,
Jessie,Armstead,Jessie Armstead,
Ryquell,Armstead,Ryquell Armstead,
Terron,Armstead,Terron Armstead,
Adger,Armstrong,Adger Armstrong,
Anthony,Armstrong,Anthony Armstrong,
Antonio,Armstrong,Antonio Armstrong,
Bill,Armstrong,Bill Armstrong,
Bob,Armstrong,Bob Armstrong,
Bruce,Armstrong,Bruce Armstrong,
Charlie,Armstrong,Charlie Armstrong,
Cornell,Armstrong,Cornell Armstrong,
Derick,Armstrong,Derick Armstrong,
Dorance,Armstrong,Dorance Armstrong,
Graham,Armstrong,Graham Armstrong,
Harvey,Armstrong,Harvey Armstrong,
Jimmy,Armstrong,Jimmy Armstrong,
John,Armstrong,John Armstrong,
John,Armstrong,John Armstrong,
Neill,Armstrong,Neill Armstrong,
Norris,Armstrong,Norris Armstrong,
Otis,Armstrong,Otis Armstrong,
Quincy,Armstrong,Quincy Armstrong,
Ray,Armstrong,Ray Armstrong,
Ray,Armstrong,Ray Armstrong,
Trace,Armstrong,Trace Armstrong,
Tyji,Armstrong,Tyji Armstrong,
Al,Arndt,Al Arndt,
Dick,Arndt,Dick Arndt,
Jim,Arneson,Jim Arneson,
Mark,Arneson,Mark Arneson,
Jon,Arnett,Jon Arnett,
Damon,Arnette,Damon Arnette,
Brian,Arnfelt,Brian Arnfelt,
Dan,Arnold,Dan Arnold,
David,Arnold,David Arnold,
Grayland,Arnold,Grayland Arnold,
Jahine,Arnold,Jahine Arnold,
Jay,Arnold,Jay Arnold,
Jim,Arnold,Jim Arnold,
John,Arnold,John Arnold,
LeFrancis,Arnold,LeFrancis Arnold,
Terrion,Arnold,Terrion Arnold,
Walt,Arnold,Walt Arnold,
Stanley,Arnoux,Stanley Arnoux,
Devin,Aromashodu,Devin Aromashodu,
Doug,Aronson,Doug Aronson,
John,Arp,John Arp,
Adrian,Arrington,Adrian Arrington,
J.J.,Arrington,J.J. Arrington,
Kyle,Arrington,Kyle Arrington,
LaVar,Arrington,LaVar Arrington,
Rick,Arrington,Rick Arrington,
Chuck,Arrobio,Chuck Arrobio,
Elmer,Arterburn,Elmer Arterburn,
Gary,Arthur,Gary Arthur,
Mike,Arthur,Mike Arthur,
Payne,,Payne ,
Corrie,Artman,Corrie Artman,
Rodney,Artmore,Rodney Artmore,
Lee,Artoe,Lee Artoe,
Herman,Arvie,Herman Arvie,
Doug,Asad,Doug Asad,
Brian,Asamoah,Brian Asamoah,
Jon,Asamoah,Jon Asamoah,
Larry,Asante,Larry Asante,
Willie,Asbury,Willie Asbury,
Darrel,Aschbacher,Darrel Aschbacher,
Frank,Aschenbrenner,Frank Aschenbrenner,
Juddy,Ash,Juddy Ash,
Richard,Ash,Richard Ash,
Bill,Ashbaugh,Bill Ashbaugh,
Cliff,Ashburn,Cliff Ashburn,
Richard,Ashe,Richard Ashe,
Bob,Asher,Bob Asher,
Jamie,Asher,Jamie Asher,
Walker,Lee,Walker Lee,
Darryl,Ashmore,Darryl Ashmore,
Roger,Ashmore,Roger Ashmore,
Josh,Ashton,Josh Ashton,
Tom,Ashworth,Tom Ashworth,
Devin,Asiasi,Devin Asiasi,
Isaac,Asiata,Isaac Asiata,
Johan,Asiata,Johan Asiata,
Matt,Asiata,Matt Asiata,
K.C.,Asiodu,K.C. Asiodu,
Joe,Aska,Joe Aska,
Mike,Askea,Mike Askea,
B.J.,Askew,B.J. Askew,
Matthias,Askew,Matthias Askew,
Bert,Askson,Bert Askson,
Jim,Asmus,Jim Asmus,
Nnamdi,Asomugha,Nnamdi Asomugha,
Ed,Aspatore,Ed Aspatore,
Mark,Asper,Mark Asper,
Les,Asplundh,Les Asplundh,
Jack,Atchason,Jack Atchason,
Burl,Atcheson,Burl Atcheson,
Tim,Atchison,Tim Atchison,
Marcell,Ateman,Marcell Ateman,
Bill,Atessis,Bill Atessis,
Pete,Athas,Pete Athas,
Dale,Atkeson,Dale Atkeson,
Baraka,Atkins,Baraka Atkins,
Billy,Atkins,Billy Atkins,
Bob,Atkins,Bob Atkins,
Corey,Atkins,Corey Atkins,
Dave,Atkins,Dave Atkins,
Doug,Atkins+,Doug Atkins+,
Gene,Atkins,Gene Atkins,
Geno,Atkins,Geno Atkins,
George,Atkins,George Atkins,
James,Atkins,James Atkins,
James,Atkins,James Atkins,
John,Atkins,John Atkins,
Kelvin,Atkins,Kelvin Atkins,
Larry,Atkins,Larry Atkins,
Pervis,Atkins,Pervis Atkins,
Steve,Atkins,Steve Atkins,
Al,Atkinson,Al Atkinson,
Frank,Atkinson,Frank Atkinson,
George,Atkinson,George Atkinson,
George,Atkinson,George Atkinson,
Jess,Atkinson,Jess Atkinson,
Ricky,Atkinson,Ricky Atkinson,
O.J.,Atogwe,O.J. Atogwe,
Reggie,Attache,Reggie Attache,
Jeremiah,Attaochu,Jeremiah Attaochu,
Alex,Atty,Alex Atty,
Steve,Atwater+,Steve Atwater+,
Tutu,Atwell,Tutu Atwell,
John,Atwood,John Atwood,
Brandon,Aubrey,Brandon Aubrey,
Josh,Aubrey,Josh Aubrey,
Antony,Auclair,Antony Auclair,
Earl,Audet,Earl Audet,
Dan,Audick,Dan Audick,
Howie,Auer,Howie Auer,
Jim,Auer,Jim Auer,
Joe,Auer,Joe Auer,
Scott,Auer,Scott Auer,
Todd,Auer,Todd Auer,
Dowe,Aughtman,Dowe Aughtman,
Sky,August,Sky August,
Steve,August,Steve August,
Gene,Augusterfer,Gene Augusterfer,
Mike,Augustyniak,Mike Augustyniak,
Chalmer,Ault,Chalmer Ault,
Laulu,,Laulu ,
David,Aupiu,David Aupiu,
David,Ausberry,David Ausberry,
Alex,Austin,Alex Austin,
Bill,Austin,Bill Austin,
Billy,Austin,Billy Austin,
Blessuan,Austin,Blessuan Austin,
Calvin,Austin,Calvin Austin,
Cliff,Austin,Cliff Austin,
Darrell,Austin,Darrell Austin,
Eric,Austin,Eric Austin,
Hise,Austin,Hise Austin,
Jim,Austin,Jim Austin,
Kent,Austin,Kent Austin,
Kevin,Austin,Kevin Austin,
Marvin,Austin,Marvin Austin,
Miles,Austin,Miles Austin,
Ocie,Austin,Ocie Austin,
Raymond,Austin,Raymond Austin,
Reggie,Austin,Reggie Austin,
Rodney,Austin,Rodney Austin,
Tavon,Austin,Tavon Austin,
Terrence,Austin,Terrence Austin,
Thomas,Austin,Thomas Austin,
Billy,Autrey,Billy Autrey,
Darnell,Autry,Darnell Autry,
Denico,Autry,Denico Autry,
Hank,Autry,Hank Autry,
Troy,Auzenne,Troy Auzenne,
Jason,Avant,Jason Avant,
Chuck,Avedisian,Chuck Avedisian,
Bob,Avellini,Bob Avellini,
John,Aveni,John Aveni,
Anthony,Averett,Anthony Averett,
Sisto,Averno,Sisto Averno,
Don,Avery,Don Avery,
Donnie,Avery,Donnie Avery,
Genard,Avery,Genard Avery,
Jim,Avery,Jim Avery,
John,Avery,John Avery,
Ken,Avery,Ken Avery,
Steve,Avery,Steve Avery,
Tre,Avery,Tre Avery,
Joe,Avezzano,Joe Avezzano,
Steve,Avila,Steve Avila,
Butch,Avinger,Butch Avinger,
Cliff,Avril,Cliff Avril,
Robert,Awalt,Robert Awalt,
Adrian,Awasom,Adrian Awasom,
Kayode,Awosika,Kayode Awosika,
Chidobe,Awuzie,Chidobe Awuzie,
Brendon,Ayanbadejo,Brendon Ayanbadejo,
Obafemi,Ayanbadejo,Obafemi Ayanbadejo,
Buddy,Aydelette,Buddy Aydelette,
Akeem,Ayers,Akeem Ayers,
Demarcus,Ayers,Demarcus Ayers,
John,Ayers,John Ayers,
Marvin,Ayers,Marvin Ayers,
Robert,Ayers,Robert Ayers,
Kole,Ayi,Kole Ayi,
Akin,Ayodele,Akin Ayodele,
Remi,Ayodele,Remi Ayodele,
Joe,Azelby,Joe Azelby,
Jerry,Azumah,Jerry Azumah,
Mike,Baab,Mike Baab,
Steve,Baack,Steve Baack,
David,Baas,David Baas,
Al,Babartsky,Al Babartsky,
Charlie,Babb,Charlie Babb,
Gene,Babb,Gene Babb,
Harry,Babcock,Harry Babcock,
Sam,Babcock,Sam Babcock,
Bill,Baber,Bill Baber,
Roderick,Babers,Roderick Babers,
Bob,Babich,Bob Babich,
Jason,Babin,Jason Babin,
Jonathan,Babineaux,Jonathan Babineaux,
Jordan,Babineaux,Jordan Babineaux,
John,Babinecz,John Babinecz,
Jeff,Baca,Jeff Baca,
Marty,Baccaglio,Marty Baccaglio,
Andre,Baccellia,Andre Baccellia,
Carl,Bacchus,Carl Bacchus,
Joe,Bachie,Joe Bachie,
Joe,Bachmaier,Joe Bachmaier,
Alex,Bachman,Alex Bachman,
Jay,Bachman,Jay Bachman,
Ted,Bachman,Ted Bachman,
Rip,Bachor,Rip Bachor,
Kennard,Backman,Kennard Backman,
Backnor,,Backnor ,
Jeff,Backus,Jeff Backus,
Coy,Bacon,Coy Bacon,
Frank,Bacon,Frank Bacon,
Waine,Bacon,Waine Bacon,
David,Bada,David Bada,
John,Badaczewski,John Badaczewski,
Rick,Badanjek,Rick Badanjek,
Richard,Badar,Richard Badar,
Johnson,Bademosi,Johnson Bademosi,
Jeff,Badet,Jeff Badet,
Brad,Badger,Brad Badger,
Michael,Badgley,Michael Badgley,
Red,Badgro+,Red Badgro+,
Tyler,Badie,Tyler Badie,
Steve,Bagarus,Steve Bagarus,
Herm,Bagby,Herm Bagby,
Ed,Bagdon,Ed Bagdon,
Tyson,Bagent,Tyson Bagent,
Billy,Baggett,Billy Baggett,
Curt,Baham,Curt Baham,
Pete,Bahan,Pete Bahan,
Ken,Bahnsen,Ken Bahnsen,
Chris,Bahr,Chris Bahr,
Matt,Bahr,Matt Bahr,
Aaron,Bailey,Aaron Bailey,
Allen,Bailey,Allen Bailey,
Alvin,Bailey,Alvin Bailey,
Bill,Bailey,Bill Bailey,
Boss,Bailey,Boss Bailey,
Byron,Bailey,Byron Bailey,
Carlton,Bailey,Carlton Bailey,
Champ,Bailey+,Champ Bailey+,
Clarence,Bailey,Clarence Bailey,
Dan,Bailey,Dan Bailey,
David,Bailey,David Bailey,
Dion,Bailey,Dion Bailey,
Don,Bailey,Don Bailey,
Edwin,Bailey,Edwin Bailey,
Elmer,Bailey,Elmer Bailey,
Eric,Bailey,Eric Bailey,
Harold,Bailey,Harold Bailey,
Henry,Bailey,Henry Bailey,
Howard,Bailey,Howard Bailey,
Jake,Bailey,Jake Bailey,
Jim,Bailey,Jim Bailey,
Jim,Bailey,Jim Bailey,
Johnny,Bailey,Johnny Bailey,
Karsten,Bailey,Karsten Bailey,
Larry,Bailey,Larry Bailey,
Levelle,Bailey,Levelle Bailey,
Mark,Bailey,Mark Bailey,
Markus,Bailey,Markus Bailey,
Monk,Bailey,Monk Bailey,
Patrick,Bailey,Patrick Bailey,
Quinn,Bailey,Quinn Bailey,
Robert,Bailey,Robert Bailey,
Rodney,Bailey,Rodney Bailey,
Russ,Bailey,Russ Bailey,
Stacey,Bailey,Stacey Bailey,
Stedman,Bailey,Stedman Bailey,
Teddy,Bailey,Teddy Bailey,
Thomas,Bailey,Thomas Bailey,
Tom,Bailey,Tom Bailey,
Victor,Bailey,Victor Bailey,
Zack,Bailey,Zack Bailey,
Bill,Bain,Bill Bain,
Brandon,Bair,Brandon Bair,
Bill,Baird,Bill Baird,
Al,Baisi,Al Baisi,
Billy,Bajema,Billy Bajema,
Al,Baker,Al Baker,
Art,Baker,Art Baker,
Budda,Baker,Budda Baker,
Bullet,Baker,Bullet Baker,
Charles,Baker,Charles Baker,
Chase,Baker,Chase Baker,
Chris,Baker,Chris Baker,
Chris,Baker,Chris Baker,
Conway,Baker,Conway Baker,
Dallas,Baker,Dallas Baker,
Darrell,Baker,Darrell Baker,
Dave,Baker,Dave Baker,
Deandre,Baker,Deandre Baker,
Ed,Baker,Ed Baker,
Edwin,Baker,Edwin Baker,
Eugene,Baker,Eugene Baker,
Frank,Baker,Frank Baker,
Jason,Baker,Jason Baker,
Javon,Baker,Javon Baker,
Jerome,Baker,Jerome Baker,
Jerry,Baker,Jerry Baker,
Jesse,Baker,Jesse Baker,
John,Baker,John Baker,
John,Baker,John Baker,
John,Baker,John Baker,
Johnny,Baker,Johnny Baker,
Jon,Baker,Jon Baker,
Jon,Baker,Jon Baker,
Josh,Baker,Josh Baker,
Kawaan,Baker,Kawaan Baker,
Keith,Baker,Keith Baker,
Larry,Baker,Larry Baker,
Melvin,Baker,Melvin Baker,
Myron,Baker,Myron Baker,
Ralph,Baker,Ralph Baker,
Rashad,Baker,Rashad Baker,
Robert,Baker,Robert Baker,
Ron,Baker,Ron Baker,
Ryan,Baker,Ryan Baker,
Sam,Baker,Sam Baker,
Sam,Baker,Sam Baker,
Sean,Baker,Sean Baker,
Shannon,Baker,Shannon Baker,
Stephen,Baker,Stephen Baker,
Terry,Baker,Terry Baker,
Tim,Baker,Tim Baker,
Tony,Baker,Tony Baker,
Tony,Baker,Tony Baker,
Wayne,Baker,Wayne Baker,
David,Bakhtiari,David Bakhtiari,
Eric,Bakhtiari,Eric Bakhtiari,
Jim,Bakken,Jim Bakken,
Ed,Balatti,Ed Balatti,
Frank,Balazs,Frank Balazs,
Lou,Baldacci,Lou Baldacci,
Mike,Baldassin,Mike Baldassin,
Brian,Baldinger,Brian Baldinger,
Gary,Baldinger,Gary Baldinger,
Rich,Baldinger,Rich Baldinger,
Karl,Baldischwiler,Karl Baldischwiler,
Daniel,Baldridge,Daniel Baldridge,
Alex,Balducci,Alex Balducci,
Al,Baldwin,Al Baldwin,
Bob,Baldwin,Bob Baldwin,
Burr,Baldwin,Burr Baldwin,
Cliff,Baldwin,Cliff Baldwin,
Daylen,Baldwin,Daylen Baldwin,
Don,Baldwin,Don Baldwin,
Doug,Baldwin,Doug Baldwin,
Ervin,Baldwin,Ervin Baldwin,
George,Baldwin,George Baldwin,
Jack,Baldwin,Jack Baldwin,
Johnny,Baldwin,Johnny Baldwin,
Jonathan,Baldwin,Jonathan Baldwin,
Keith,Baldwin,Keith Baldwin,
Randy,Baldwin,Randy Baldwin,
Tom,Baldwin,Tom Baldwin,
Alan,Ball,Alan Ball,
Dave,Ball,Dave Ball,
Eric,Ball,Eric Ball,
Jason,Ball,Jason Ball,
Jerry,Ball,Jerry Ball,
Josh,Ball,Josh Ball,
Lance,Ball,Lance Ball,
Larry,Ball,Larry Ball,
Marcus,Ball,Marcus Ball,
Michael,Ball,Michael Ball,
Montee,Ball,Montee Ball,
Neiron,Ball,Neiron Ball,
Sam,Ball,Sam Ball,
Kalen,Ballage,Kalen Ballage,
Pat,Ballage,Pat Ballage,
Christian,Ballard,Christian Ballard,
Howard,Ballard,Howard Ballard,
Jake,Ballard,Jake Ballard,
Quinton,Ballard,Quinton Ballard,
Vick,Ballard,Vick Ballard,
Corey,Ballentine,Corey Ballentine,
Lonnie,Ballentine,Lonnie Ballentine,
Gary,Ballman,Gary Ballman,
Mike,Ballou,Mike Ballou,
Kentwan,Balmer,Kentwan Balmer,
Bob,Balog,Bob Balog,
Mike,Balogun,Mike Balogun,
Vic,Baltzell,Vic Baltzell,
Steve,Banas,Steve Banas,
John,Banaszak,John Banaszak,
Pete,Banaszak,Pete Banaszak,
Cas,Banaszek,Cas Banaszek,
Hugh,Bancroft,Hugh Bancroft,
Romeo,Bandison,Romeo Bandison,
Bruno,Banducci,Bruno Banducci,
John,Bandura,John Bandura,
Don,Bandy,Don Bandy,
Michael,Bandy,Michael Bandy,
Joey,Banes,Joey Banes,
Herb,Banet,Herb Banet,
Tony,Banfield,Tony Banfield,
Ben,Bangs,Ben Bangs,
Emil,Banjavic,Emil Banjavic,
Chris,Banjo,Chris Banjo,
Ted,Banker,Ted Banker,
Aaron,Banks,Aaron Banks,
Antonio,Banks,Antonio Banks,
Brandon,Banks,Brandon Banks,
Brandon,Banks,Brandon Banks,
Carl,Banks,Carl Banks,
Chip,Banks,Chip Banks,
Chris,Banks,Chris Banks,
Chuck,Banks,Chuck Banks,
Deonte,Banks,Deonte Banks,
Eric,Banks,Eric Banks,
Estes,Banks,Estes Banks,
Fred,Banks,Fred Banks,
Gary,Banks,Gary Banks,
Gordon,Banks,Gordon Banks,
Jason,Banks,Jason Banks,
Johnthan,Banks,Johnthan Banks,
Keshawn,Banks,Keshawn Banks,
Mike,Banks,Mike Banks,
Robert,Banks,Robert Banks,
Roy,Banks,Roy Banks,
Tavian,Banks,Tavian Banks,
Tom,Banks,Tom Banks,
Tony,Banks,Tony Banks,
Willie,Banks,Willie Banks,
Michael,Bankston,Michael Bankston,
Warren,Bankston,Warren Bankston,
Justin,Bannan,Justin Bannan,
Zach,Banner,Zach Banner,
Alex,Bannister,Alex Bannister,
Bruce,Bannon,Bruce Bannon,
Ben,Banogu,Ben Banogu,
Vince,Banonis,Vince Banonis,
Al,Bansavage,Al Bansavage,
Bradford,Banta,Bradford Banta,
Jack,Banta,Jack Banta,
Cain,,Cain ,
Joe,Banyard,Joe Banyard,
Gary,Barbaro,Gary Barbaro,
Roland,Barbay,Roland Barbay,
Joe,Barbee,Joe Barbee,
Ben,Barber,Ben Barber,
Bob,Barber,Bob Barber,
Chris,Barber,Chris Barber,
Dominique,Barber,Dominique Barber,
Ernie,Barber,Ernie Barber,
Jim,Barber,Jim Barber,
Kantroy,Barber,Kantroy Barber,
Kurt,Barber,Kurt Barber,
Marion,Barber,Marion Barber,
Marion,Barber,Marion Barber,
Mark,Barber,Mark Barber,
Michael,Barber,Michael Barber,
Mike,Barber,Mike Barber,
Mike,Barber,Mike Barber,
Peyton,Barber,Peyton Barber,
Ronde,Barber+,Ronde Barber+,
Rudy,Barber,Rudy Barber,
Shawn,Barber,Shawn Barber,
Stew,Barber,Stew Barber,
Tiki,Barber,Tiki Barber,
Pete,Barbolak,Pete Barbolak,
Elmer,Barbour,Elmer Barbour,
Allen,Barbre,Allen Barbre,
Chris,Barclay,Chris Barclay,
Don,Barclay,Don Barclay,
Luq,Barcoo,Luq Barcoo,
Brandon,Barden,Brandon Barden,
Ramses,Barden,Ramses Barden,
John,Barefield,John Barefield,
Ken,Barefoot,Ken Barefoot,
Ken,Barfield,Ken Barfield,
Jake,Bargas,Jake Bargas,
Adrian,Baril,Adrian Baril,
Bryce,Baringer,Bryce Baringer,
Carl,Barisich,Carl Barisich,
Bryan,Barker,Bryan Barker,
Chris,Barker,Chris Barker,
Dick,Barker,Dick Barker,
Ed,Barker,Ed Barker,
Hub,Barker,Hub Barker,
Leo,Barker,Leo Barker,
Roy,Barker,Roy Barker,
Tony,Barker,Tony Barker,
Will,Barker,Will Barker,
Matt,Barkley,Matt Barkley,
Saquon,Barkley,Saquon Barkley,
Ralph,Barkman,Ralph Barkman,
Joe,Barksdale,Joe Barksdale,
Rashad,Barksdale,Rashad Barksdale,
Rod,Barksdale,Rod Barksdale,
Jerome,Barkum,Jerome Barkum,
Lou,Barle,Lou Barle,
Corey,Barlow,Corey Barlow,
Kevan,Barlow,Kevan Barlow,
Reggie,Barlow,Reggie Barlow,
Christian,Barmore,Christian Barmore,
George,Barna,George Barna,
Brooks,Barnard,Brooks Barnard,
Charles,Barnard,Charles Barnard,
Tom,Barndt,Tom Barndt,
AJ,Barner,AJ Barner,
Kenjon,Barner,Kenjon Barner,
Adairius,Barnes,Adairius Barnes,
Al,Barnes,Al Barnes,
Antwan,Barnes,Antwan Barnes,
Benny,Barnes,Benny Barnes,
Billy,Ray,Billy Ray,
Brandon,Barnes,Brandon Barnes,
Bruce,Barnes,Bruce Barnes,
Charlie,Barnes,Charlie Barnes,
Darian,Barnes,Darian Barnes,
Derrick,Barnes,Derrick Barnes,
Derrick,Barnes,Derrick Barnes,
Earnest,Barnes,Earnest Barnes,
Emery,Barnes,Emery Barnes,
Erich,Barnes,Erich Barnes,
Ernie,Barnes,Ernie Barnes,
Gary,Barnes,Gary Barnes,
Jeff,Barnes,Jeff Barnes,
Joe,Barnes,Joe Barnes,
Johnnie,Barnes,Johnnie Barnes,
Kalon,Barnes,Kalon Barnes,
Kevin,Barnes,Kevin Barnes,
Khalif,Barnes,Khalif Barnes,
Krys,Barnes,Krys Barnes,
Larry,Barnes,Larry Barnes,
Larry,Barnes,Larry Barnes,
Lew,Barnes,Lew Barnes,
Lionel,Barnes,Lionel Barnes,
Marlon,Barnes,Marlon Barnes,
Mike,Barnes,Mike Barnes,
Mike,Barnes,Mike Barnes,
Pat,Barnes,Pat Barnes,
Pete,Barnes,Pete Barnes,
Rashidi,Barnes,Rashidi Barnes,
Reggie,Barnes,Reggie Barnes,
Rodrigo,Barnes,Rodrigo Barnes,
Roosevelt,Barnes,Roosevelt Barnes,
T.J.,Barnes,T.J. Barnes,
Tavaris,Barnes,Tavaris Barnes,
Tim,Barnes,Tim Barnes,
Tomur,Barnes,Tomur Barnes,
Walt,Barnes,Walt Barnes,
Walt,Barnes,Walt Barnes,
Zaire,Barnes,Zaire Barnes,
Bill,Barnett,Bill Barnett,
Buster,Barnett,Buster Barnett,
Dean,Barnett,Dean Barnett,
Derek,Barnett,Derek Barnett,
Doug,Barnett,Doug Barnett,
Fred,Barnett,Fred Barnett,
Harlon,Barnett,Harlon Barnett,
Nick,Barnett,Nick Barnett,
Oliver,Barnett,Oliver Barnett,
Solon,Barnett,Solon Barnett,
Steve,Barnett,Steve Barnett,
Tim,Barnett,Tim Barnett,
Tom,Barnett,Tom Barnett,
Troy,Barnett,Troy Barnett,
Vincent,Barnett,Vincent Barnett,
Eppie,Barney,Eppie Barney,
Lem,Barney+,Lem Barney+,
Milton,Barney,Milton Barney,
Tommy,Barnhardt,Tommy Barnhardt,
Dan,Barnhart,Dan Barnhart,
Roy,Barni,Roy Barni,
Gary,Barnidge,Gary Barnidge,
Eddie,Barnikow,Eddie Barnikow,
Amare,Barno,Amare Barno,
Len,Barnum,Len Barnum,
Pete,Barnum,Pete Barnum,
Malcolm,Barnwell,Malcolm Barnwell,
Anthony,Barr,Anthony Barr,
Dave,Barr,Dave Barr,
Mike,Barr,Mike Barr,
Shorty,Barr,Shorty Barr,
Terry,Barr,Terry Barr,
Bob,Barrabee,Bob Barrabee,
Nate,Barragar,Nate Barragar,
Napoleon,Barrel,Napoleon Barrel,
Alex,Barrett,Alex Barrett,
Bob,Barrett,Bob Barrett,
Dave,Barrett,Dave Barrett,
David,Barrett,David Barrett,
Emmett,Barrett,Emmett Barrett,
Jan,Barrett,Jan Barrett,
Jean,Barrett,Jean Barrett,
Jeff,Barrett,Jeff Barrett,
John,Barrett,John Barrett,
Johnny,Barrett,Johnny Barrett,
Josh,Barrett,Josh Barrett,
Reggie,Barrett,Reggie Barrett,
Shaquil,Barrett,Shaquil Barrett,
Sebastian,Barrie,Sebastian Barrie,
Sam,Barrington,Sam Barrington,
Tom,Barrington,Tom Barrington,
Alex,Barron,Alex Barron,
Jim,Barron,Jim Barron,
Mark,Barron,Mark Barron,
Lamin,Barrow,Lamin Barrow,
Micheal,Barrow,Micheal Barrow,
Scott,Barrows,Scott Barrows,
Al,Barry,Al Barry,
Fred,Barry,Fred Barry,
Kevin,Barry,Kevin Barry,
Norm,Barry,Norm Barry,
Odell,Barry,Odell Barry,
Paul,Barry,Paul Barry,
Alex,Bars,Alex Bars,
Brad,Bars,Brad Bars,
John,Barsha,John Barsha,
Steve,Bartalo,Steve Bartalo,
Ben,Bartch,Ben Bartch,
William,Bartee,William Bartee,
Richard,Bartel,Richard Bartel,
Ron,Bartell,Ron Bartell,
Connor,Barth,Connor Barth,
Brent,Bartholomew,Brent Bartholomew,
Sam,Bartholomew,Sam Bartholomew,
Shemar,Bartholomew,Shemar Bartholomew,
Steve,Bartkowski,Steve Bartkowski,
Doug,Bartlett,Doug Bartlett,
Earl,Bartlett,Earl Bartlett,
Rich,Bartlewski,Rich Bartlewski,
Ephesians,Bartley,Ephesians Bartley,
Cody,Barton,Cody Barton,
Don,Barton,Don Barton,
Eric,Barton,Eric Barton,
Graham,Barton,Graham Barton,
Greg,Barton,Greg Barton,
Harris,Barton,Harris Barton,
Jackson,Barton,Jackson Barton,
Jim,Barton,Jim Barton,
Kirk,Barton,Kirk Barton,
Hank,Bartos,Hank Bartos,
Joe,Bartos,Joe Bartos,
Mike,Bartrum,Mike Bartrum,
Joplo,Bartu,Joplo Bartu,
Dick,Barwegen,Dick Barwegen,
Connor,Barwin,Connor Barwin,
Carl,Barzilauskas,Carl Barzilauskas,
Fritz,Barzilauskas,Fritz Barzilauskas,
Brett,Basanez,Brett Basanez,
Nick,Basca,Nick Basca,
Brian,Baschnagel,Brian Baschnagel,
Boogie,Basham,Boogie Basham,
Tarell,Basham,Tarell Basham,
Mose,Bashaw,Mose Bashaw,
Idrees,Bashir,Idrees Bashir,
Myrt,Basing,Myrt Basing,
Michael,Basinger,Michael Basinger,
Rich,Baska,Rich Baska,
Micah,Baskerville,Micah Baskerville,
Hank,Baskett,Hank Baskett,
Michael,Basnight,Michael Basnight,
Mike,Basrak,Mike Basrak,
Anthony,Bass,Anthony Bass,
Ben,Bass,Ben Bass,
Bill,Bass,Bill Bass,
David,Bass,David Bass,
Dick,Bass,Dick Bass,
Don,Bass,Don Bass,
Glenn,Bass,Glenn Bass,
Mike,Bass,Mike Bass,
Norm,Bass,Norm Bass,
Robert,Bass,Robert Bass,
T.J.,Bass,T.J. Bass,
Tyler,Bass,Tyler Bass,
Henry,Bassett,Henry Bassett,
Maurice,Bassett,Maurice Bassett,
Eric,Bassey,Eric Bassey,
Essang,Bassey,Essang Bassey,
Dick,Bassi,Dick Bassi,
Reds,Bassman,Reds Bassman,
Bert,Baston,Bert Baston,
Baron,Batch,Baron Batch,
Charlie,Batch,Charlie Batch,
Don,Batchelor,Don Batchelor,
Marv,Bateman,Marv Bateman,
Rashod,Bateman,Rashod Bateman,
Bill,Bates,Bill Bates,
Brenden,Bates,Brenden Bates,
Wayne,Bates,Wayne Bates,
Daren,Bates,Daren Bates,
Houston,Bates,Houston Bates,
Jackie,Bates,Jackie Bates,
Jake,Bates,Jake Bates,
Jessie,Bates,Jessie Bates,
John,Bates,John Bates,
Mario,Bates,Mario Bates,
Michael,Bates,Michael Bates,
Patrick,Bates,Patrick Bates,
Phil,Bates,Phil Bates,
Ryan,Bates,Ryan Bates,
Solomon,Bates,Solomon Bates,
Ted,Bates,Ted Bates,
Trevor,Bates,Trevor Bates,
Stan,Batinski,Stan Batinski,
Anthony,Batiste,Anthony Batiste,
Michael,Batiste,Michael Batiste,
John,Batorski,John Batorski,
Cameron,Batson,Cameron Batson,
Marco,Battaglia,Marco Battaglia,
Matt,Battaglia,Matt Battaglia,
Pat,Batteaux,Pat Batteaux,
Danny,Batten,Danny Batten,
Pat,Batten,Pat Batten,
Arnaz,Battle,Arnaz Battle,
Jackie,Battle,Jackie Battle,
Jim,Battle,Jim Battle,
Jim,Battle,Jim Battle,
Jordan,Battle,Jordan Battle,
Julian,Battle,Julian Battle,
Mike,Battle,Mike Battle,
Miles,Battle,Miles Battle,
Ralph,Battle,Ralph Battle,
Ron,Battle,Ron Battle,
Tra,Battle,Tra Battle,
Ainsley,Battles,Ainsley Battles,
Cliff,Battles+,Cliff Battles+,
Bobby,Batton,Bobby Batton,
Greg,Baty,Greg Baty,
A.C.,Bauer,A.C. Bauer,
Hank,Bauer,Hank Bauer,
Herb,Bauer,Herb Bauer,
John,Bauer,John Bauer,
Marcus,Baugh,Marcus Baugh,
Sammy,Baugh+,Sammy Baugh+,
Tom,Baugh,Tom Baugh,
Maxie,Baughan,Maxie Baughan,
Harry,Baujan,Harry Baujan,
Alf,Bauman,Alf Bauman,
Rashad,Bauman,Rashad Bauman,
Buddy,Baumann,Buddy Baumann,
Charlie,Baumann,Charlie Baumann,
Joe,Billy,Joe Billy,
Bill,Baumgartner,Bill Baumgartner,
Steve,Baumgartner,Steve Baumgartner,
Bob,Baumhower,Bob Baumhower,
Zack,Baun,Zack Baun,
Vante,Bausby,Vante Bausby,
Frank,Bausch,Frank Bausch,
Jim,Bausch,Jim Bausch,
David,Bavaro,David Bavaro,
Mark,Bavaro,Mark Bavaro,
Nick,Bawden,Nick Bawden,
Bibbles,Bawel,Bibbles Bawel,
Carl,Bax,Carl Bax,
Rob,Baxley,Rob Baxley,
Brad,Baxter,Brad Baxter,
Colin,Baxter,Colin Baxter,
Fred,Baxter,Fred Baxter,
Gary,Baxter,Gary Baxter,
Jarrod,Baxter,Jarrod Baxter,
Jimmy,Baxter,Jimmy Baxter,
Lloyd,Baxter,Lloyd Baxter,
Alex,Bayer,Alex Bayer,
Martin,Bayless,Martin Bayless,
Rick,Bayless,Rick Bayless,
Tom,Bayless,Tom Bayless,
John,Bayley,John Bayley,
Evan,Baylis,Evan Baylis,
John,Baylor,John Baylor,
Raymond,Baylor,Raymond Baylor,
Tim,Baylor,Tim Baylor,
Chris,Bayne,Chris Bayne,
Craig,Baynham,Craig Baynham,
Reaves,Baysinger,Reaves Baysinger,
Winnie,Baze,Winnie Baze,
Fred,Beach,Fred Beach,
Pat,Beach,Pat Beach,
Sanjay,Beach,Sanjay Beach,
Walter,Beach,Walter Beach,
Kelvin,Beachum,Kelvin Beachum,
Zane,Beadles,Zane Beadles,
Norm,Beal,Norm Beal,
Robert,Beal,Robert Beal,
Sam,Beal,Sam Beal,
Bill,Bealles,Bill Bealles,
Alyn,Beals,Alyn Beals,
Shawn,Beals,Shawn Beals,
Tim,Beamer,Tim Beamer,
Autry,Beamon,Autry Beamon,
Willie,Beamon,Willie Beamon,
Byron,Beams,Byron Beams,
Bubba,Bean,Bubba Bean,
Robert,Bean,Robert Bean,
Ed,Beard,Ed Beard,
Tom,Beard,Tom Beard,
Aaron,Beasley,Aaron Beasley,
Chad,Beasley,Chad Beasley,
Cole,Beasley,Cole Beasley,
Fred,Beasley,Fred Beasley,
John,Beasley,John Beasley,
John,Beasley,John Beasley,
Terry,Beasley,Terry Beasley,
Tom,Beasley,Tom Beasley,
Vic,Beasley,Vic Beasley,
Jon,Beason,Jon Beason,
C.J.,Beathard,C.J. Beathard,
Pete,Beathard,Pete Beathard,
Bob,Beattie,Bob Beattie,
Chuck,Beatty,Chuck Beatty,
Ed,Beatty,Ed Beatty,
Will,Beatty,Will Beatty,
Al,Beauchamp,Al Beauchamp,
Joe,Beauchamp,Joe Beauchamp,
Doug,Beaudoin,Doug Beaudoin,
Clayton,Beauford,Clayton Beauford,
Steve,Beauharnais,Steve Beauharnais,
Abraham,Beauplan,Abraham Beauplan,
Jim,Beaver,Jim Beaver,
Aubrey,Beavers,Aubrey Beavers,
Darrian,Beavers,Darrian Beavers,
Scott,Beavers,Scott Beavers,
Willie,Beavers,Willie Beavers,
Gary,Beban,Gary Beban,
Nick,Bebout,Nick Bebout,
Brett,Bech,Brett Bech,
Anthony,Becht,Anthony Becht,
Hub,Bechtol,Hub Bechtol,
Andrew,Beck,Andrew Beck,
Braden,Beck,Braden Beck,
Carl,Beck,Carl Beck,
Clarence,Beck,Clarence Beck,
John,Beck,John Beck,
Jordan,Beck,Jordan Beck,
Ken,Beck,Ken Beck,
Marty,Beck,Marty Beck,
Ray,Beck,Ray Beck,
Dave,Becker,Dave Becker,
Doug,Becker,Doug Becker,
Johnnie,Becker,Johnnie Becker,
Kurt,Becker,Kurt Becker,
Nate,Becker,Nate Becker,
Wayland,Becker,Wayland Becker,
Jack,Beckett,Jack Beckett,
Rogers,Beckett,Rogers Beckett,
Tavante,Beckett,Tavante Beckett,
Odell,Beckham,Odell Beckham,
Tony,Beckham,Tony Beckham,
Ian,Beckles,Ian Beckles,
Art,Beckley,Art Beckley,
Brad,Beckman,Brad Beckman,
Ed,Beckman,Ed Beckman,
Tom,Beckman,Tom Beckman,
Travis,Beckum,Travis Beckum,
Darry,Beckwith,Darry Beckwith,
John,Beckwith,John Beckwith,
Kendell,Beckwith,Kendell Beckwith,
Mekhi,Becton,Mekhi Becton,
Nick,Becton,Nick Becton,
Brad,Bedell,Brad Bedell,
Gene,Bedford,Gene Bedford,
Vance,Bedford,Vance Bedford,
Chuck,Bednarik+,Chuck Bednarik+,
Al,Bedner,Al Bedner,
Tom,Bedore,Tom Bedore,
Hal,Bedsole,Hal Bedsole,
Ryan,Bee,Ryan Bee,
Chad,Beebe,Chad Beebe,
Cooper,Beebe,Cooper Beebe,
Don,Beebe,Don Beebe,
Keith,Beebe,Keith Beebe,
Earl,Beecham,Earl Beecham,
Willie,Beecher,Willie Beecher,
Frank,Beede,Frank Beede,
Bruce,Beekley,Bruce Beekley,
Ferris,Beekley,Ferris Beekley,
Josh,Beekman,Josh Beekman,
Bob,Beemer,Bob Beemer,
Tom,Beer,Tom Beer,
Tom,Beer,Tom Beer,
Terry,Beeson,Terry Beeson,
Reggie,Begelton,Reggie Begelton,
Charlie,Behan,Charlie Behan,
Bull,Behman,Bull Behman,
Mark,Behning,Mark Behning,
Dave,Behrman,Dave Behrman,
Tom,Beier,Tom Beier,
Larry,Beil,Larry Beil,
Ed,Beinor,Ed Beinor,
Jim,Beirne,Jim Beirne,
Monty,Beisel,Monty Beisel,
Randy,Beisler,Randy Beisler,
Bill,Belanich,Bill Belanich,
Jovan,Belcher,Jovan Belcher,
Kevin,Belcher,Kevin Belcher,
Kevin,Belcher,Kevin Belcher,
Bunny,Belden,Bunny Belden,
Les,Belding,Les Belding,
Steve,Belichick,Steve Belichick,
Chuck,Belin,Chuck Belin,
Bill,Belk,Bill Belk,
Rocky,Belk,Rocky Belk,
Veno,Belk,Veno Belk,
Albert,Bell,Albert Bell,
Anthony,Bell,Anthony Bell,
Beau,Bell,Beau Bell,
Bill,Bell,Bill Bell,
Billy,Bell,Billy Bell,
Blake,Bell,Blake Bell,
Bob,Bell,Bob Bell,
Bobby,Bell+,Bobby Bell+,
Bobby,Bell,Bobby Bell,
Brandon,Bell,Brandon Bell,
Byron,Bell,Byron Bell,
Carlos,Bell,Carlos Bell,
Coleman,Bell,Coleman Bell,
Anthony,Bell,Anthony Bell,
David,Bell,David Bell,
Demetress,Bell,Demetress Bell,
Ed,Bell,Ed Bell,
Eddie,Bell,Eddie Bell,
Eddie,Bell,Eddie Bell,
Gordon,Bell,Gordon Bell,
Greg,Bell,Greg Bell,
Henry,Bell,Henry Bell,
Jacob,Bell,Jacob Bell,
Jaheim,Bell,Jaheim Bell,
Jason,Bell,Jason Bell,
Jerry,Bell,Jerry Bell,
Joe,Bell,Joe Bell,
Joique,Bell,Joique Bell,
Josh,Bell,Josh Bell,
Kahlil,Bell,Kahlil Bell,
Kay,Bell,Kay Bell,
Ken,Bell,Ken Bell,
Kendrell,Bell,Kendrell Bell,
Kerwin,Bell,Kerwin Bell,
Kevin,Bell,Kevin Bell,
Veon,Bell,Veon Bell,
Len,Bell,Len Bell,
Marcus,Bell,Marcus Bell,
Marcus,Bell,Marcus Bell,
Mark,Bell,Mark Bell,
Mark,Bell,Mark Bell,
Markquese,Bell,Markquese Bell,
Mike,Bell,Mike Bell,
Mike,Bell,Mike Bell,
Myron,Bell,Myron Bell,
Nick,Bell,Nick Bell,
Quinton,Bell,Quinton Bell,
Richard,Bell,Richard Bell,
Rick,Bell,Rick Bell,
Ricky,Bell,Ricky Bell,
Ricky,Bell,Ricky Bell,
Ronnie,Bell,Ronnie Bell,
Shonn,Bell,Shonn Bell,
Tatum,Bell,Tatum Bell,
Theo,Bell,Theo Bell,
Todd,Bell,Todd Bell,
Travis,Bell,Travis Bell,
Tyrone,Bell,Tyrone Bell,
Vonn,Bell,Vonn Bell,
William,Bell,William Bell,
Yeremiah,Bell,Yeremiah Bell,
Jay,Bellamy,Jay Bellamy,
Josh,Bellamy,Josh Bellamy,
LeVante,Bellamy,LeVante Bellamy,
Mike,Bellamy,Mike Bellamy,
Ronald,Bellamy,Ronald Bellamy,
Vic,Bellamy,Vic Bellamy,
Bob,Bellinger,Bob Bellinger,
Daniel,Bellinger,Daniel Bellinger,
Rodney,Bellinger,Rodney Bellinger,
Mark,Bellini,Mark Bellini,
Joe,Bellino,Joe Bellino,
Greg,Bellisari,Greg Bellisari,
B.J.,Bello,B.J. Bello,
Nick,Bellore,Nick Bellore,
George,Belotti,George Belotti,
Ceasar,Belser,Ceasar Belser,
Jason,Belser,Jason Belser,
Dane,Belton,Dane Belton,
Horace,Belton,Horace Belton,
Willie,Belton,Willie Belton,
Brian,Belway,Brian Belway,
Al,Bemiller,Al Bemiller,
Marcus,Benard,Marcus Benard,
Carey,Bender,Carey Bender,
Jacob,Bender,Jacob Bender,
Wes,Bender,Wes Bender,
Jesse,Bendross,Jesse Bendross,
Daved,Benefield,Daved Benefield,
Caleb,Benenoch,Caleb Benenoch,
Lou,Benfatti,Lou Benfatti,
Christian,Benford,Christian Benford,
Brant,Bengen,Brant Bengen,
Rolf,Benirschke,Rolf Benirschke,
Dan,Benish,Dan Benish,
Bill,Benjamin,Bill Benjamin,
Eno,Benjamin,Eno Benjamin,
Guy,Benjamin,Guy Benjamin,
Kelvin,Benjamin,Kelvin Benjamin,
Ryan,Benjamin,Ryan Benjamin,
Ryan,Benjamin,Ryan Benjamin,
Tony,Benjamin,Tony Benjamin,
Travis,Benjamin,Travis Benjamin,
Heinie,Benkert,Heinie Benkert,
Kurt,Benkert,Kurt Benkert,
Arrelious,Benn,Arrelious Benn,
Fred,Benners,Fred Benners,
Antoine,Bennett,Antoine Bennett,
Barry,Bennett,Barry Bennett,
Ben,Bennett,Ben Bennett,
Brandon,Bennett,Brandon Bennett,
Charles,Bennett,Charles Bennett,
Charles,Bennett,Charles Bennett,
Chuck,Bennett,Chuck Bennett,
Cornelius,Bennett,Cornelius Bennett,
Darren,Bennett,Darren Bennett,
Donnell,Bennett,Donnell Bennett,
Drew,Bennett,Drew Bennett,
Earl,Bennett,Earl Bennett,
Edgar,Bennett,Edgar Bennett,
Fred,Bennett,Fred Bennett,
Jakorian,Bennett,Jakorian Bennett,
Jug,Bennett,Jug Bennett,
Lewis,Bennett,Lewis Bennett,
Martellus,Bennett,Martellus Bennett,
Michael,Bennett,Michael Bennett,
Michael,Bennett,Michael Bennett,
Michael,Bennett,Michael Bennett,
Monte,Bennett,Monte Bennett,
Phil,Bennett,Phil Bennett,
Roy,Bennett,Roy Bennett,
Sean,Bennett,Sean Bennett,
Sid,Bennett,Sid Bennett,
Tommy,Bennett,Tommy Bennett,
Tony,Bennett,Tony Bennett,
Woody,Bennett,Woody Bennett,
Brad,Benson,Brad Benson,
Cedric,Benson,Cedric Benson,
Charles,Benson,Charles Benson,
Cliff,Benson,Cliff Benson,
Darren,Benson,Darren Benson,
Duane,Benson,Duane Benson,
George,Benson,George Benson,
Harry,Benson,Harry Benson,
Mitchell,Benson,Mitchell Benson,
Thomas,Benson,Thomas Benson,
Trey,Benson,Trey Benson,
Trinity,Benson,Trinity Benson,
Troy,Benson,Troy Benson,
Albert,Bentley,Albert Bentley,
Bill,Bentley,Bill Bentley,
Whaun,Bentley,Whaun Bentley,
Kevin,Bentley,Kevin Bentley,
LeCharles,Bentley,LeCharles Bentley,
Ray,Bentley,Ray Bentley,
Scott,Bentley,Scott Bentley,
Elijah,Benton,Elijah Benton,
Jim,Benton,Jim Benton,
Keeanu,Benton,Keeanu Benton,
Chris,Bentz,Chris Bentz,
Roman,Bentz,Roman Bentz,
Al,Bentzin,Al Bentzin,
Bene,Benwikere,Bene Benwikere,
George,Benyola,George Benyola,
Eddie,Benz,Eddie Benz,
Larry,Benz,Larry Benz,
Beau,Benzschawel,Beau Benzschawel,
Jake,Bequette,Jake Bequette,
Bob,Bercich,Bob Bercich,
Pete,Bercich,Pete Bercich,
Paul,Berezney,Paul Berezney,
Pete,Berezney,Pete Berezney,
Adam,Bergen,Adam Bergen,
Joe,Berger,Joe Berger,
Mitch,Berger,Mitch Berger,
Ron,Berger,Ron Berger,
Matthew,Bergeron,Matthew Bergeron,
Gil,Bergerson,Gil Bergerson,
Eric,Bergeson,Eric Bergeson,
Bill,Bergey,Bill Bergey,
Bruce,Bergey,Bruce Bergey,
Scott,Bergold,Scott Bergold,
Tony,Bergstrom,Tony Bergstrom,
Nat,Berhe,Nat Berhe,
Brock,Berlin,Brock Berlin,
Eddie,Berlin,Eddie Berlin,
Mackenzy,Bernadeau,Mackenzy Bernadeau,
Chuck,Bernard,Chuck Bernard,
Dave,Bernard,Dave Bernard,
Francis,Bernard,Francis Bernard,
George,Bernard,George Bernard,
Giovani,Bernard,Giovani Bernard,
Karl,Bernard,Karl Bernard,
Rocky,Bernard,Rocky Bernard,
Terrel,Bernard,Terrel Bernard,
Walter,Bernard,Walter Bernard,
Converse,,Converse ,
Frank,Bernardi,Frank Bernardi,
Mil,Berner,Mil Berner,
Ed,Bernet,Ed Bernet,
Lee,Bernet,Lee Bernet,
George,Bernhardt,George Bernhardt,
Jared,Bernhardt,Jared Bernhardt,
Roger,Bernhardt,Roger Bernhardt,
Ken,Bernich,Ken Bernich,
Dan,Bernoske,Dan Bernoske,
Bobby,Berns,Bobby Berns,
Rick,Berns,Rick Berns,
Joe,Bernstein,Joe Bernstein,
Jordan,Bernstine,Jordan Bernstine,
Rod,Bernstine,Rod Bernstine,
Joy,Berquist,Joy Berquist,
Tim,Berra,Tim Berra,
Ed,Berrang,Ed Berrang,
Bill,Berrehsem,Bill Berrehsem,
Bernard,Berrian,Bernard Berrian,
Braxton,Berrios,Braxton Berrios,
Aaron,Berry,Aaron Berry,
Bertrand,Berry,Bertrand Berry,
Bob,Berry,Bob Berry,
Charlie,Berry,Charlie Berry,
Connie,Mack,Connie Mack,
Ed,Berry,Ed Berry,
Eric,Berry,Eric Berry,
Gary,Berry,Gary Berry,
George,Berry,George Berry,
Gil,Berry,Gil Berry,
Howard,Berry,Howard Berry,
Jordan,Berry,Jordan Berry,
Latin,Berry,Latin Berry,
Louis,Berry,Louis Berry,
Rashod,Berry,Rashod Berry,
Ray,Berry,Ray Berry,
Raymond,Berry+,Raymond Berry+,
Reggie,Berry,Reggie Berry,
Rex,Berry,Rex Berry,
Royce,Berry,Royce Berry,
Wayne,Berry,Wayne Berry,
Stanley,Berryhill,Stanley Berryhill,
Marv,Berschet,Marv Berschet,
Brenton,Bersin,Brenton Bersin,
Libby,Bertagnolli,Libby Bertagnolli,
Angelo,Bertelli,Angelo Bertelli,
Jim,Bertelsen,Jim Bertelsen,
Bill,Berthusen,Bill Berthusen,
Tony,Berti,Tony Berti,
Jim,Bertoglio,Jim Bertoglio,
Taylor,Bertolet,Taylor Bertolet,
Sean,Berton,Sean Berton,
JD,Bertrand,JD Bertrand,
Tony,Bertuca,Tony Bertuca,
Ed,Berwick,Ed Berwick,
Will,Berzinski,Will Berzinski,
Warren,Beson,Warren Beson,
Davone,Bess,Davone Bess,
Gerald,Bess,Gerald Bess,
Rufus,Bess,Rufus Bess,
Don,Bessillieu,Don Bessillieu,
Art,Best,Art Best,
Greg,Best,Greg Best,
Jahvid,Best,Jahvid Best,
Keith,Best,Keith Best,
Teddy,Besta,Teddy Besta,
Antoine,Bethea,Antoine Bethea,
Elvin,Bethea+,Elvin Bethea+,
Larry,Bethea,Larry Bethea,
Justin,Bethel,Justin Bethel,
Bobby,Bethune,Bobby Bethune,
George,Bethune,George Bethune,
Tatum,Bethune,Tatum Bethune,
Larry,Bettencourt,Larry Bettencourt,
Doug,Betters,Doug Betters,
James,Betterson,James Betterson,
Mike,Bettiga,Mike Bettiga,
Jerome,Bettis+,Jerome Bettis+,
Tom,Bettis,Tom Bettis,
Ed,Bettridge,Ed Bettridge,
John,Bettridge,John Bettridge,
Ladell,Betts,Ladell Betts,
Steve,Beuerlein,Steve Beuerlein,
Tom,Beutler,Tom Beutler,
David,Beverly,David Beverly,
Dwight,Beverly,Dwight Beverly,
Ed,Beverly,Ed Beverly,
Eric,Beverly,Eric Beverly,
Randy,Beverly,Randy Beverly,
Brennen,Beyer,Brennen Beyer,
George,Beyers,George Beyers,
Tyler,Biadasz,Tyler Biadasz,
Tim,Biakabutuka,Tim Biakabutuka,
Frank,Bianchini,Frank Bianchini,
Johnny,Biancone,Johnny Biancone,
Dean,Biasucci,Dean Biasucci,
E.J.,Bibbs,E.J. Bibbs,
Kapri,Bibbs,Kapri Bibbs,
Martin,Bibla,Martin Bibla,
Erik,Bickerstaff,Erik Bickerstaff,
Duane,Bickett,Duane Bickett,
Taye,Biddle,Taye Biddle,
Josh,Bidwell,Josh Bidwell,
Adolph,Bieberstein,Adolph Bieberstein,
Leo,Biedermann,Leo Biedermann,
Vince,Biegel,Vince Biegel,
Greg,Biekert,Greg Biekert,
Dick,Bielski,Dick Bielski,
Tom,Bienemann,Tom Bienemann,
Troy,Bienemann,Troy Bienemann,
Eric,Bieniemy,Eric Bieniemy,
Scotty,Bierce,Scotty Bierce,
Kroy,Biermann,Kroy Biermann,
Keishawn,Bierria,Keishawn Bierria,
Terreal,Bierria,Terreal Bierria,
Lyle,Bigbee,Lyle Bigbee,
Atari,Bigby,Atari Bigby,
Keiron,Bigby,Keiron Bigby,
E.J.,Biggers,E.J. Biggers,
Riley,Biggs,Riley Biggs,
Verlon,Biggs,Verlon Biggs,
Jack,Bighead,Jack Bighead,
Adam,Bighill,Adam Bighill,
Tank,Bigsby,Tank Bigsby,
Asmar,Bilal,Asmar Bilal,
Jonathan,Bilbo,Jonathan Bilbo,
Dick,Bilda,Dick Bilda,
Fred,Biletnikoff+,Fred Biletnikoff+,
Andrew,Billings,Andrew Billings,
Jace,Billingsley,Jace Billingsley,
Ron,Billingsley,Ron Billingsley,
John,Billman,John Billman,
Frank,Billock,Frank Billock,
Lewis,Billups,Lewis Billups,
Terry,Billups,Terry Billups,
Christo,Bilukidi,Christo Bilukidi,
Darnell,Bing,Darnell Bing,
Les,Bingaman,Les Bingaman,
Craig,Bingham,Craig Bingham,
Don,Bingham,Don Bingham,
Dwight,Bingham,Dwight Bingham,
Gregg,Bingham,Gregg Bingham,
Guy,Bingham,Guy Bingham,
Ryon,Bingham,Ryon Bingham,
David,Binn,David Binn,
Armon,Binns,Armon Binns,
John,Binotto,John Binotto,
Dennis,Biodrowski,Dennis Biodrowski,
John,Biolo,John Biolo,
Bront,Bird,Bront Bird,
Cory,Bird,Cory Bird,
Rodger,Bird,Rodger Bird,
Steve,Bird,Steve Bird,
J.J.,Birden,J.J. Birden,
Carl,Birdsong,Carl Birdsong,
Craig,Birdsong,Craig Birdsong,
Dan,Birdwell,Dan Birdwell,
Matt,Birk,Matt Birk,
Keith,Birlem,Keith Birlem,
Tom,Birney,Tom Birney,
Rob,Bironas,Rob Bironas,
Joe,Biscaha,Joe Biscaha,
Beanie,Bishop,Beanie Bishop,
Bill,Bishop,Bill Bishop,
Blaine,Bishop,Blaine Bishop,
Cole,Bishop,Cole Bishop,
Desmond,Bishop,Desmond Bishop,
Don,Bishop,Don Bishop,
Freddie,Bishop,Freddie Bishop,
Greg,Bishop,Greg Bishop,
Harold,Bishop,Harold Bishop,
Keith,Bishop,Keith Bishop,
Ken,Bishop,Ken Bishop,
Michael,Bishop,Michael Bishop,
Richard,Bishop,Richard Bishop,
Sonny,Bishop,Sonny Bishop,
Adam,Bisnowaty,Adam Bisnowaty,
Frank,Bissell,Frank Bissell,
Joel,Bitonio,Joel Bitonio,
Don,Bitterlich,Don Bitterlich,
Charlie,Bivins,Charlie Bivins,
Herb,Bizer,Herb Bizer,
Del,Bjork,Del Bjork,
Bob,Bjorklund,Bob Bjorklund,
Hank,Bjorklund,Hank Bjorklund,
Eric,Bjornson,Eric Bjornson,
Ahmad,Black,Ahmad Black,
Avion,Black,Avion Black,
Barry,Black,Barry Black,
Blondy,Black,Blondy Black,
Charlie,Black,Charlie Black,
Henry,Black,Henry Black,
James,Black,James Black,
James,Black,James Black,
Jordan,Black,Jordan Black,
Mel,Black,Mel Black,
Mike,Black,Mike Black,
Mike,Black,Mike Black,
Nathan,Black,Nathan Black,
Quincy,Black,Quincy Black,
Stan,Black,Stan Black,
Tarik,Black,Tarik Black,
Tim,Black,Tim Black,
Todd,Black,Todd Black,
Peter,Blackbear,Peter Blackbear,
Bill,Blackburn,Bill Blackburn,
Chase,Blackburn,Chase Blackburn,
Todd,Blackledge,Todd Blackledge,
Hugh,Blacklock,Hugh Blacklock,
Ross,Blacklock,Ross Blacklock,
Ken,Blackman,Ken Blackman,
Stub,Blackman,Stub Blackman,
Don,Blackmon,Don Blackmon,
Harold,Blackmon,Harold Blackmon,
Julian,Blackmon,Julian Blackmon,
Justin,Blackmon,Justin Blackmon,
Mekhi,Blackmon,Mekhi Blackmon,
Robert,Blackmon,Robert Blackmon,
Roosevelt,Blackmon,Roosevelt Blackmon,
Will,Blackmon,Will Blackmon,
Richard,Blackmore,Richard Blackmore,
Saeed,Blacknall,Saeed Blacknall,
Jeff,Blackshear,Jeff Blackshear,
Raheem,Blackshear,Raheem Blackshear,
Angelo,Blackson,Angelo Blackson,
Darryl,Blackstock,Darryl Blackstock,
Alois,Blackwell,Alois Blackwell,
Hal,Blackwell,Hal Blackwell,
Josh,Blackwell,Josh Blackwell,
Kelly,Blackwell,Kelly Blackwell,
Kory,Blackwell,Kory Blackwell,
Will,Blackwell,Will Blackwell,
Glenn,Blackwood,Glenn Blackwood,
Lyle,Blackwood,Lyle Blackwood,
Willie,Blade,Willie Blade,
Bennie,Blades,Bennie Blades,
Brian,Blades,Brian Blades,
H.B.,Blades,H.B. Blades,
Brian,Blados,Brian Blados,
Joe,Blahak,Joe Blahak,
Russ,Blailock,Russ Blailock,
Ed,Blaine,Ed Blaine,
Chris,Blair,Chris Blair,
George,Blair,George Blair,
Marquise,Blair,Marquise Blair,
Matt,Blair,Matt Blair,
Michael,Blair,Michael Blair,
Paul,Blair,Paul Blair,
Ronald,Blair,Ronald Blair,
Stanley,Blair,Stanley Blair,
T.C.,Blair,T.C. Blair,
Kerlin,Blaise,Kerlin Blaise,
Antwon,Blake,Antwon Blake,
Christian,Blake,Christian Blake,
Jeff,Blake,Jeff Blake,
Ricky,Blake,Ricky Blake,
Tom,Blake,Tom Blake,
Dwayne,Blakley,Dwayne Blakley,
Robert,Blakley,Robert Blakley,
Justin,Blalock,Justin Blalock,
Cary,Blanchard,Cary Blanchard,
Dick,Blanchard,Dick Blanchard,
Tom,Blanchard,Tom Blanchard,
Carl,Bland,Carl Bland,
DaRon,Bland,DaRon Bland,
Tony,Bland,Tony Bland,
George,Blanda+,George Blanda+,
Ernie,Blandin,Ernie Blandin,
Brian,Blankenship,Brian Blankenship,
Greg,Blankenship,Greg Blankenship,
Reed,Blankenship,Reed Blankenship,
Rodrigo,Blankenship,Rodrigo Blankenship,
Sid,Blanks,Sid Blanks,
Jerry,Blanton,Jerry Blanton,
Kendall,Blanton,Kendall Blanton,
Robert,Blanton,Robert Blanton,
Scott,Blanton,Scott Blanton,
Khari,Blasingame,Khari Blasingame,
Anthony,Blaylock,Anthony Blaylock,
Derrick,Blaylock,Derrick Blaylock,
Phil,Blazer,Phil Blazer,
Tony,Blazine,Tony Blazine,
Jeff,Bleamer,Jeff Bleamer,
Amani,Bledsoe,Amani Bledsoe,
Curtis,Bledsoe,Curtis Bledsoe,
Drew,Bledsoe,Drew Bledsoe,
Joshuah,Bledsoe,Joshuah Bledsoe,
Mal,Bleecker,Mal Bleecker,
Mel,Bleeker,Mel Bleeker,
Tom,Bleick,Tom Bleick,
Bob,Bleier,Bob Bleier,
Johnny,Bleier,Johnny Bleier,
Rocky,Bleier,Rocky Bleier,
Paul,Blessing,Paul Blessing,
Darrius,Blevins,Darrius Blevins,
Tony,Blevins,Tony Blevins,
Chris,Blewitt,Chris Blewitt,
Dennis,Bligen,Dennis Bligen,
Stan,Blinka,Stan Blinka,
Harry,Bliss,Harry Bliss,
Homer,Bliss,Homer Bliss,
Greg,Bloedorn,Greg Bloedorn,
Tom,Blondin,Tom Blondin,
Johnny,Blood+,Johnny Blood+,
Al,Bloodgood,Al Bloodgood,
David,Blough,David Blough,
Alvin,Blount,Alvin Blount,
Ed,Blount,Ed Blount,
Eric,Blount,Eric Blount,
Jeb,Blount,Jeb Blount,
Joey,Blount,Joey Blount,
Lamar,Blount,Lamar Blount,
LeGarrette,Blount,LeGarrette Blount,
Mel,Blount+,Mel Blount+,
Tony,Blount,Tony Blount,
Al,Blozis,Al Blozis,
Alfred,Blue,Alfred Blue,
Forrest,Blue,Forrest Blue,
Greg,Blue,Greg Blue,
Luther,Blue,Luther Blue,
Tony,Blue,Tony Blue,
Jim,Blumenstock,Jim Blumenstock,
Herb,Blumer,Herb Blumer,
Matt,Blundin,Matt Blundin,
Bly,,Bly ,
Ronnie,Blye,Ronnie Blye,
Austin,Blythe,Austin Blythe,
Steve,Boadway,Steve Boadway,
C.J.,Board,C.J. Board,
Chris,Board,Chris Board,
Dwaine,Board,Dwaine Board,
Mack,Boatner,Mack Boatner,
Kenneth,Boatright,Kenneth Boatright,
Harry,Boatswain,Harry Boatswain,
Bon,Boatwright,Bon Boatwright,
Adam,Bob,Adam Bob,
E.,Bobadash,E. Bobadash,
Jacob,Bobenmoyer,Jacob Bobenmoyer,
Chris,Bober,Chris Bober,
Hubert,Bobo,Hubert Bobo,
Jake,Bobo,Jake Bobo,
Orlando,Bobo,Orlando Bobo,
Joe,Bock,Joe Bock,
John,Bock,John Bock,
Wayne,Bock,Wayne Bock,
Colby,Bockwoldt,Colby Bockwoldt,
Leigh,Bodden,Leigh Bodden,
Tony,Boddie,Tony Boddie,
Calhoun,,Calhoun ,
Lynn,Boden,Lynn Boden,
Maury,Bodenger,Maury Bodenger,
Ping,Bodie,Ping Bodie,
Shaun,Bodiford,Shaun Bodiford,
Russell,Bodine,Russell Bodine,
Patrick,Body,Patrick Body,
Bill,Boedeker,Bill Boedeker,
Evan,Boehm,Evan Boehm,
Jim,Boeke,Jim Boeke,
Fred,Boensch,Fred Boensch,
Marc,Boerigter,Marc Boerigter,
Chuck,Boerio,Chuck Boerio,
Champ,Boettcher,Champ Boettcher,
Ike,Boettger,Ike Boettger,
Rex,Boggan,Rex Boggan,
Mark,Boggs,Mark Boggs,
Taylor,Boggs,Taylor Boggs,
Phil,Bogle,Phil Bogle,
George,Bogue,George Bogue,
Quinton,Bohanna,Quinton Bohanna,
Fred,Bohannon,Fred Bohannon,
Tommy,Bohanon,Tommy Bohanon,
Dewey,Bohling,Dewey Bohling,
Rob,Bohlinger,Rob Bohlinger,
Frank,Bohlmann,Frank Bohlmann,
Ron,Bohm,Ron Bohm,
Reed,Bohovich,Reed Bohovich,
Karl,Bohren,Karl Bohren,
Rocky,Boiman,Rocky Boiman,
Corey,Bojorquez,Corey Bojorquez,
Novo,Bojovic,Novo Bojovic,
Kim,Bokamper,Kim Bokamper,
George,Bolan,George Bolan,
Ned,Bolcar,Ned Bolcar,
Brandon,Bolden,Brandon Bolden,
Gary,Bolden,Gary Bolden,
Isaiah,Bolden,Isaiah Bolden,
Juran,Bolden,Juran Bolden,
Leroy,Bolden,Leroy Bolden,
Omar,Bolden,Omar Bolden,
Rickey,Bolden,Rickey Bolden,
Victor,Bolden,Victor Bolden,
Anquan,Boldin,Anquan Boldin,
Chase,Boldt,Chase Boldt,
Brock,Bolen,Brock Bolen,
Michael,Boley,Michael Boley,
Bookie,Bolin,Bookie Bolin,
Clint,Boling,Clint Boling,
Russ,Bolinger,Russ Bolinger,
Nick,Bolkovac,Nick Bolkovac,
Don,Boll,Don Boll,
Kyle,Boller,Kyle Boller,
Garett,Bolles,Garett Bolles,
Brian,Bollinger,Brian Bollinger,
Brooks,Bollinger,Brooks Bollinger,
Eddie,Bollinger,Eddie Bollinger,
Conrad,Bolston,Conrad Bolston,
Andy,Bolton,Andy Bolton,
Curtis,Bolton,Curtis Bolton,
Harry,Bolton,Harry Bolton,
Nick,Bolton,Nick Bolton,
Ron,Bolton,Ron Bolton,
Scott,Bolton,Scott Bolton,
Lynn,Bomar,Lynn Bomar,
Jack,Bonadies,Jack Bonadies,
Chuck,Bond,Chuck Bond,
Devante,Bond,Devante Bond,
Deyshawn,Bond,Deyshawn Bond,
Jim,Bond,Jim Bond,
Rink,Bond,Rink Bond,
Travis,Bond,Travis Bond,
Terrell,Bonds,Terrell Bonds,
Bourbon,Bondurant,Bourbon Bondurant,
Warren,Bone,Warren Bone,
Ernie,Bonelli,Ernie Bonelli,
Shane,Bonham,Shane Bonham,
Chris,Boniol,Chris Boniol,
Nik,Bonitto,Nik Bonitto,
Reggie,Bonnafon,Reggie Bonnafon,
Brian,Bonner,Brian Bonner,
Ethan,Bonner,Ethan Bonner,
Glen,Bonner,Glen Bonner,
Melvin,Bonner,Melvin Bonner,
Rik,Bonness,Rik Bonness,
Steve,Bono,Steve Bono,
Elliott,Bonowitz,Elliott Bonowitz,
Ian,Book,Ian Book,
Austin,Booker,Austin Booker,
Devontae,Booker,Devontae Booker,
Fred,Booker,Fred Booker,
Lorenzo,Booker,Lorenzo Booker,
Marty,Booker,Marty Booker,
Michael,Booker,Michael Booker,
Thomas,Booker,Thomas Booker,
Vaughn,Booker,Vaughn Booker,
Johnny,Bookman,Johnny Bookman,
Billy,Bookout,Billy Bookout,
Bob,Books,Bob Books,
Alex,Boone,Alex Boone,
Alfonso,Boone,Alfonso Boone,
Dave,Boone,Dave Boone,
Greg,Boone,Greg Boone,
J.R.,Boone,J.R. Boone,
Jack,Boone,Jack Boone,
Mike,Boone,Mike Boone,
Dorian,Boose,Dorian Boose,
Andrew,Booth,Andrew Booth,
Clarence,Booth,Clarence Booth,
Dick,Booth,Dick Booth,
Issac,Booth,Issac Booth,
Kevin,Boothe,Kevin Boothe,
Dicaprio,Bootle,Dicaprio Bootle,
John,Booty,John Booty,
Emerson,Boozer,Emerson Boozer,
Fred,Borak,Fred Borak,
Jon,Borchardt,Jon Borchardt,
Dennis,Borcky,Dennis Borcky,
Chris,Bordano,Chris Bordano,
Ben,Bordelon,Ben Bordelon,
Ken,Bordelon,Ken Bordelon,
Les,Borden,Les Borden,
Nate,Borden,Nate Borden,
Breon,Borders,Breon Borders,
Nate,Borders,Nate Borders,
Nick,Borelli,Nick Borelli,
Jocelyn,Borgella,Jocelyn Borgella,
Dirk,Borgognone,Dirk Borgognone,
Chris,Borland,Chris Borland,
Kyle,Borland,Kyle Borland,
Tuf,Borland,Tuf Borland,
Larry,Borom,Larry Borom,
Rich,Borresen,Rich Borresen,
Blake,Bortles,Blake Bortles,
Tanor,Bortolini,Tanor Bortolini,
John,Borton,John Borton,
Mark,Bortz,Mark Bortz,
Jarvis,Borum,Jarvis Borum,
Mike,Boryla,Mike Boryla,
Joey,Bosa,Joey Bosa,
John,Bosa,John Bosa,
Nick,Bosa,Nick Bosa,
Wade,Bosarge,Wade Bosarge,
Frank,Bosch,Frank Bosch,
Ryan,Boschetti,Ryan Boschetti,
John,Bosdett,John Bosdett,
Tony,Boselli+,Tony Boselli+,
Matthew,Bosher,Matthew Bosher,
Bruce,Bosley,Bruce Bosley,
Keith,Bosley,Keith Bosley,
Cap,Boso,Cap Boso,
Kevin,Boss,Kevin Boss,
Don,Bosseler,Don Bosseler,
James,Bostic,James Bostic,
Jason,Bostic,Jason Bostic,
Jeff,Bostic,Jeff Bostic,
Joe,Bostic,Joe Bostic,
John,Bostic,John Bostic,
Jonathan,Bostic,Jonathan Bostic,
Keith,Bostic,Keith Bostic,
Brandon,Bostick,Brandon Bostick,
Lew,Bostick,Lew Bostick,
David,Boston,David Boston,
McKinley,Boston,McKinley Boston,
Tre,Boston,Tre Boston,
Ben,Boswell,Ben Boswell,
Chris,Boswell,Chris Boswell,
Brian,Bosworth,Brian Bosworth,
Kyle,Bosworth,Kyle Bosworth,
Ron,Botchan,Ron Botchan,
Kirk,Botkin,Kirk Botkin,
Scott,Boucher,Scott Boucher,
Jim,Boudreaux,Jim Boudreaux,
Lee,Bouggess,Lee Bouggess,
Kevin,Bouie,Kevin Bouie,
Tony,Bouie,Tony Bouie,
Gil,Bouley,Gil Bouley,
Michael,Boulware,Michael Boulware,
Peter,Boulware,Peter Boulware,
Todd,Bouman,Todd Bouman,
Emil,Boures,Emil Boures,
Kendrick,Bourne,Kendrick Bourne,
Kayshon,Boutte,Kayshon Boutte,
Marc,Boutte,Marc Boutte,
Leon,Boutwell,Leon Boutwell,
Tommy,Boutwell,Tommy Boutwell,
Shawn,Bouwens,Shawn Bouwens,
A.J.,Bouye,A.J. Bouye,
Willie,Bouyer,Willie Bouyer,
Matt,Bouza,Matt Bouza,
Tony,Bova,Tony Bova,
Peter,Bove,Peter Bove,
Luke,Bowanko,Luke Bowanko,
Gordon,Bowdell,Gordon Bowdell,
Joe,Bowden,Joe Bowden,
Lynn,Bowden,Lynn Bowden,
Jim,Bowdoin,Jim Bowdoin,
Dwayne,Bowe,Dwayne Bowe,
Alvin,Bowen,Alvin Bowen,
Ken,Bowen,Ken Bowen,
Matt,Bowen,Matt Bowen,
Stephen,Bowen,Stephen Bowen,
David,Bowens,David Bowens,
Tim,Bowens,Tim Bowens,
Phil,Bower,Phil Bower,
Tashawn,Bower,Tashawn Bower,
Andy,Bowers,Andy Bowers,
Bill,Bowers,Bill Bowers,
Brock,Bowers,Brock Bowers,
Quan,Bowers,Quan Bowers,
Nick,Bowers,Nick Bowers,
R.J.,Bowers,R.J. Bowers,
Sam,Bowers,Sam Bowers,
Tony,Bowick,Tony Bowick,
John,Bowie,John Bowie,
Larry,Bowie,Larry Bowie,
Larry,Bowie,Larry Bowie,
Michael,Bowie,Michael Bowie,
Todd,Bowles,Todd Bowles,
Andy,Bowling,Andy Bowling,
Barry,Bowman,Barry Bowman,
Bill,Bowman,Bill Bowman,
Braedon,Bowman,Braedon Bowman,
Jim,Bowman,Jim Bowman,
Ken,Bowman,Ken Bowman,
Kevin,Bowman,Kevin Bowman,
NaVorro,Bowman,NaVorro Bowman,
Steve,Bowman,Steve Bowman,
Zackary,Bowman,Zackary Bowman,
Fabien,Bownes,Fabien Bownes,
Arda,Bowser,Arda Bowser,
Charles,Bowser,Charles Bowser,
Tyus,Bowser,Tyus Bowser,
Walt,Bowyer,Walt Bowyer,
Cloyce,Box,Cloyce Box,
Jerry,Boyarsky,Jerry Boyarsky,
Josh,Boyce,Josh Boyce,
Bill,Boyd,Bill Boyd,
Bob,Boyd,Bob Boyd,
Bobby,Boyd,Bobby Boyd,
Brent,Boyd,Brent Boyd,
Cory,Boyd,Cory Boyd,
Danny,Boyd,Danny Boyd,
Dennis,Boyd,Dennis Boyd,
Elmo,Boyd,Elmo Boyd,
Greg,Boyd,Greg Boyd,
Greg,Boyd,Greg Boyd,
James,Boyd,James Boyd,
Jerome,Boyd,Jerome Boyd,
Jerome,Boyd,Jerome Boyd,
Josh,Boyd,Josh Boyd,
Khristian,Boyd,Khristian Boyd,
Kris,Boyd,Kris Boyd,
LaVell,Boyd,LaVell Boyd,
Malik,Boyd,Malik Boyd,
Sam,Boyd,Sam Boyd,
Sean,Boyd,Sean Boyd,
Stephen,Boyd,Stephen Boyd,
Thomas,Boyd,Thomas Boyd,
Tommie,Boyd,Tommie Boyd,
Tyler,Boyd,Tyler Boyd,
Mike,Boyda,Mike Boyda,
Max,Boydston,Max Boydston,
Doe,,Doe ,
Brant,Boyer,Brant Boyer,
Mark,Boyer,Mark Boyer,
Verdi,Boyer,Verdi Boyer,
Lon,Boyett,Lon Boyett,
Garland,Boyette,Garland Boyette,
Brandon,Boykin,Brandon Boykin,
Deral,Boykin,Deral Boykin,
Greg,Boykin,Greg Boykin,
Jarrett,Boykin,Jarrett Boykin,
Lance,Boykin,Lance Boykin,
McKinley,Boykin,McKinley Boykin,
Miles,Boykin,Miles Boykin,
Trevone,Boykin,Trevone Boykin,
Brett,Boyko,Brett Boyko,
Jim,Boylan,Jim Boylan,
Jim,Boyle,Jim Boyle,
Knuckles,Boyle,Knuckles Boyle,
Nick,Boyle,Nick Boyle,
Tim,Boyle,Tim Boyle,
Benny,Boynton,Benny Boynton,
George,Boynton,George Boynton,
John,Boynton,John Boynton,
Bradley,Bozeman,Bradley Bozeman,
Swayze,Bozeman,Swayze Bozeman,
Ordell,Braase,Ordell Braase,
Tom,Braatz,Tom Braatz,
Cary,Brabham,Cary Brabham,
Danny,Brabham,Danny Brabham,
Bill,Brace,Bill Brace,
Ron,Brace,Ron Brace,
Greg,Bracelin,Greg Bracelin,
Don,Bracken,Don Bracken,
Tyron,Brackenridge,Tyron Brackenridge,
Tony,Brackens,Tony Brackens,
Brett,Brackett,Brett Brackett,
Gary,Brackett,Gary Brackett,
M.L.,Brackett,M.L. Brackett,
Charlie,Brackins,Charlie Brackins,
James,Bradberry,James Bradberry,
Garrett,Bradbury,Garrett Bradbury,
Beau,Brade,Beau Brade,
Ben,Braden,Ben Braden,
David,Braden,David Braden,
Cameron,Bradfield,Cameron Bradfield,
Allen,Bradford,Allen Bradford,
Anthony,Bradford,Anthony Bradford,
Carl,Bradford,Carl Bradford,
Corey,Bradford,Corey Bradford,
Millard,Bradford,Millard Bradford,
Paul,Bradford,Paul Bradford,
Ronnie,Bradford,Ronnie Bradford,
Sam,Bradford,Sam Bradford,
Byron,Bradfute,Byron Bradfute,
Nigel,Bradham,Nigel Bradham,
Bam,Bradley,Bam Bradley,
Bill,Bradley,Bill Bradley,
Carlos,Bradley,Carlos Bradley,
Chuck,Bradley,Chuck Bradley,
Chuck,Bradley,Chuck Bradley,
Danny,Bradley,Danny Bradley,
Dave,Bradley,Dave Bradley,
Ed,Bradley,Ed Bradley,
Ed,Bradley,Ed Bradley,
Freddie,Bradley,Freddie Bradley,
Hal,Bradley,Hal Bradley,
Hal,Bradley,Hal Bradley,
Harold,Bradley,Harold Bradley,
Henry,Bradley,Henry Bradley,
Hunter,Bradley,Hunter Bradley,
Marcus,Bradley,Marcus Bradley,
Jon,Bradley,Jon Bradley,
Luther,Bradley,Luther Bradley,
Mark,Bradley,Mark Bradley,
Melvin,Bradley,Melvin Bradley,
Shaun,Bradley,Shaun Bradley,
Steve,Bradley,Steve Bradley,
Stewart,Bradley,Stewart Bradley,
King,,King ,
Ahmad,Bradshaw,Ahmad Bradshaw,
Charlie,Bradshaw,Charlie Bradshaw,
Craig,Bradshaw,Craig Bradshaw,
Jim,Bradshaw,Jim Bradshaw,
Jim,Bradshaw,Jim Bradshaw,
Morris,Bradshaw,Morris Bradshaw,
Terry,Bradshaw+,Terry Bradshaw+,
Wes,Bradshaw,Wes Bradshaw,
Darius,Bradwell,Darius Bradwell,
Donny,Brady,Donny Brady,
Ed,Brady,Ed Brady,
Jeff,Brady,Jeff Brady,
Kerry,Brady,Kerry Brady,
Kyle,Brady,Kyle Brady,
Pat,Brady,Pat Brady,
Philip,Brady,Philip Brady,
Rickey,Brady,Rickey Brady,
Tom,Brady,Tom Brady,
Michael,Bragg,Michael Bragg,
Mike,Bragg,Mike Bragg,
Byron,Braggs,Byron Braggs,
Stephen,Braggs,Stephen Braggs,
Dennis,Bragonier,Dennis Bragonier,
Rich,Braham,Rich Braham,
Tom,Brahaney,Tom Brahaney,
Larry,Brahm,Larry Brahm,
Chuck,Braidwood,Chuck Braidwood,
Jordan,Brailford,Jordan Brailford,
Art,Braman,Art Braman,
Bryan,Braman,Bryan Braman,
Don,Bramlett,Don Bramlett,
John,Bramlett,John Bramlett,
Mark,Brammer,Mark Brammer,
George,Brancato,George Brancato,
Alan,Branch,Alan Branch,
Andre,Branch,Andre Branch,
Brian,Branch,Brian Branch,
Bruce,Branch,Bruce Branch,
Calvin,Branch,Calvin Branch,
Cliff,Branch+,Cliff Branch+,
Colin,Branch,Colin Branch,
Deion,Branch,Deion Branch,
Jamaal,Branch,Jamaal Branch,
Mel,Branch,Mel Branch,
Reggie,Branch,Reggie Branch,
Tyvon,Branch,Tyvon Branch,
Art,Brandau,Art Brandau,
Butch,Brandau,Butch Brandau,
Blake,Brandel,Blake Brandel,
Dan,Brandenburg,Dan Brandenburg,
John,Brandes,John Brandes,
David,Brandon,David Brandon,
Michael,Brandon,Michael Brandon,
Sam,Brandon,Sam Brandon,
Tom,Brandstater,Tom Brandstater,
David,Brandt,David Brandt,
Jim,Brandt,Jim Brandt,
Speed,Braney,Speed Braney,
Solomon,Brannan,Solomon Brannan,
John,Brannon,John Brannon,
Robert,Brannon,Robert Brannon,
Phil,Branon,Phil Branon,
Kent,Branstetter,Kent Branstetter,
Caleb,Brantley,Caleb Brantley,
Chris,Brantley,Chris Brantley,
John,Brantley,John Brantley,
Scot,Brantley,Scot Brantley,
Gene,Branton,Gene Branton,
Chris,Braswell,Chris Braswell,
Christian,Braswell,Christian Braswell,
Cameron,Brate,Cameron Brate,
Zeke,Bratkowski,Zeke Bratkowski,
Eddie,Bratt,Eddie Bratt,
Jason,Bratton,Jason Bratton,
Mel,Bratton,Mel Bratton,
Chad,Bratzke,Chad Bratzke,
Ben,Braunecker,Ben Braunecker,
Daniel,Braverman,Daniel Braverman,
Alex,Bravo,Alex Bravo,
Jack,Bravyak,Jack Bravyak,
Ed,Brawley,Ed Brawley,
David,Braxton,David Braxton,
Hezekiah,Braxton,Hezekiah Braxton,
Jim,Braxton,Jim Braxton,
Tyrone,Braxton,Tyrone Braxton,
Maury,Bray,Maury Bray,
Quan,Bray,Quan Bray,
Ray,Bray,Ray Bray,
Tyler,Bray,Tyler Bray,
Tyler,Brayton,Tyler Brayton,
Carl,Brazell,Carl Brazell,
Larry,Braziel,Larry Braziel,
Robert,Brazile+,Robert Brazile+,
LaVon,Brazill,LaVon Brazill,
Sam,Brazinsky,Sam Brazinsky,
Carl,Brazley,Carl Brazley,
Chris,Brazzell,Chris Brazzell,
Steve,Breaston,Steve Breaston,
Delvin,Breaux,Delvin Breaux,
Don,Breaux,Don Breaux,
Bill,Bredde,Bill Bredde,
Ben,Bredeson,Ben Bredeson,
John,Bredice,John Bredice,
Ed,Breding,Ed Breding,
Jim,Breech,Jim Breech,
Bill,Breeden,Bill Breeden,
Louis,Breeden,Louis Breeden,
Kevin,Breedlove,Kevin Breedlove,
Rod,Breedlove,Rod Breedlove,
Bashaud,Breeland,Bashaud Breeland,
Adrian,Breen,Adrian Breen,
Gene,Breen,Gene Breen,
Drew,Brees,Drew Brees,
Brady,Breeze,Brady Breeze,
Jeff,Bregel,Jeff Bregel,
Matt,Breida,Matt Breida,
Bob,Breitenstein,Bob Breitenstein,
Jake,Brendel,Jake Brendel,
Wayne,Brenkert,Wayne Brenkert,
Brian,Brennan,Brian Brennan,
John,Brennan,John Brennan,
Leo,Brennan,Leo Brennan,
Matt,Brennan,Matt Brennan,
Mike,Brennan,Mike Brennan,
Phil,Brennan,Phil Brennan,
Willis,Brennan,Willis Brennan,
Al,Brenner,Al Brenner,
Hoby,Brenner,Hoby Brenner,
Ray,Brenner,Ray Brenner,
Sam,Brenner,Sam Brenner,
Josh,Brent,Josh Brent,
K.J.,Brent,K.J. Brent,
Julius,Brents,Julius Brents,
Bryan,Bresee,Bryan Bresee,
Monte,Brethauer,Monte Brethauer,
Jeep,Brett,Jeep Brett,
Carl,Brettschneider,Carl Brettschneider,
Bob,Breunig,Bob Breunig,
Dorian,Brew,Dorian Brew,
Aaron,Brewer,Aaron Brewer,
Aaron,Brewer,Aaron Brewer,
Billy,Brewer,Billy Brewer,
C.J.,Brewer,C.J. Brewer,
Chandler,Brewer,Chandler Brewer,
Chris,Brewer,Chris Brewer,
Dewell,Brewer,Dewell Brewer,
Jack,Brewer,Jack Brewer,
James,Brewer,James Brewer,
John,Brewer,John Brewer,
John,Brewer,John Brewer,
Johnny,Brewer,Johnny Brewer,
Sean,Brewer,Sean Brewer,
Untz,Brewer,Untz Brewer,
Jim,Brewington,Jim Brewington,
Mike,Brewster,Mike Brewster,
Pete,Brewster,Pete Brewster,
Robert,Brewster,Robert Brewster,
Walt,Brewster,Walt Brewster,
Bobby,Brezina,Bobby Brezina,
Greg,Brezina,Greg Brezina,
Bill,Brian,Bill Brian,
Harry,Brian,Harry Brian,
Frank,Briante,Frank Briante,
Alundis,Brice,Alundis Brice,
Kentrell,Brice,Kentrell Brice,
Will,Brice,Will Brice,
Shirley,Brick,Shirley Brick,
George,Brickley,George Brickley,
Jeremy,Bridges,Jeremy Bridges,
Teddy,Bridgewater,Teddy Bridgewater,
Lane,Bridgford,Lane Bridgford,
Tom,Briehl,Tom Briehl,
Doug,Brien,Doug Brien,
O.J.,Brigance,O.J. Brigance,
Bill,Briggs,Bill Briggs,
Bob,Briggs,Bob Briggs,
Bob,Briggs,Bob Briggs,
Diyral,Briggs,Diyral Briggs,
Greg,Briggs,Greg Briggs,
Jowon,Briggs,Jowon Briggs,
Lance,Briggs,Lance Briggs,
Paul,Briggs,Paul Briggs,
Walter,Briggs,Walter Briggs,
Hi,Brigham,Hi Brigham,
Jeremy,Brigham,Jeremy Brigham,
Anthony,Bright,Anthony Bright,
Greg,Bright,Greg Bright,
Leon,Bright,Leon Bright,
Lamont,Brightful,Lamont Brightful,
Gary,Brightwell,Gary Brightwell,
Hal,Brill,Hal Brill,
Darrick,Brilz,Darrick Brilz,
James,Brim,James Brim,
Michael,Brim,Michael Brim,
Walt,Brindley,Walt Brindley,
Kyle,Brindza,Kyle Brindza,
Larry,Brink,Larry Brink,
Beau,Brinkley,Beau Brinkley,
Curtis,Brinkley,Curtis Brinkley,
Jasper,Brinkley,Jasper Brinkley,
Lester,Brinkley,Lester Brinkley,
Cookie,Brinkman,Cookie Brinkman,
Dana,Brinson,Dana Brinson,
Larry,Brinson,Larry Brinson,
Vincent,Brisby,Vincent Brisby,
Dezmon,Briscoe,Dezmon Briscoe,
Marlin,Briscoe,Marlin Briscoe,
Mike,Brisiel,Mike Brisiel,
Jaquan,Brisker,Jaquan Brisker,
Jacoby,Brissett,Jacoby Brissett,
Bubby,Brister,Bubby Brister,
Willie,Brister,Willie Brister,
John,Bristor,John Bristor,
Obie,Bristow,Obie Bristow,
Gene,Brito,Gene Brito,
Charley,Britt,Charley Britt,
Eddie,Britt,Eddie Britt,
James,Britt,James Britt,
Jessie,Britt,Jessie Britt,
Justin,Britt,Justin Britt,
K.J.,Britt,K.J. Britt,
Kenny,Britt,Kenny Britt,
Maurice,Britt,Maurice Britt,
Oscar,Britt,Oscar Britt,
Ralph,Britt,Ralph Britt,
Rankin,Britt,Rankin Britt,
Wesley,Britt,Wesley Britt,
Jon,Brittenum,Jon Brittenum,
Earl,Britton,Earl Britton,
Eben,Britton,Eben Britton,
Max,Broadhurst,Max Broadhurst,
Karl,Broadley,Karl Broadley,
Jerry,Broadnax,Jerry Broadnax,
Marion,Broadstone,Marion Broadstone,
Charley,Brock,Charley Brock,
Clyde,Brock,Clyde Brock,
Dieter,Brock,Dieter Brock,
Eric,Brock,Eric Brock,
Fred,Brock,Fred Brock,
Kevin,Brock,Kevin Brock,
Lou,Brock,Lou Brock,
Lou,Brock,Lou Brock,
Matt,Brock,Matt Brock,
Pete,Brock,Pete Brock,
Raheem,Brock,Raheem Brock,
Stan,Brock,Stan Brock,
Tramaine,Brock,Tramaine Brock,
Willie,Brock,Willie Brock,
Richie,Brockel,Richie Brockel,
Blake,Brockermeyer,Blake Brockermeyer,
Michael,Brockers,Michael Brockers,
Jeff,Brockhaus,Jeff Brockhaus,
John,Brockington,John Brockington,
Hal,Broda,Hal Broda,
Bob,Brodhead,Bob Brodhead,
John,Brodie,John Brodie,
Mason,Brodine,Mason Brodine,
J.W.,Brodnax,J.W. Brodnax,
Chuck,Brodnicki,Chuck Brodnicki,
Nick,Broeker,Nick Broeker,
Brian,Brohm,Brian Brohm,
Jeff,Brohm,Jeff Brohm,
Fred,Broker,Fred Broker,
Lorenzo,Bromell,Lorenzo Bromell,
Jay,Bromley,Jay Bromley,
Ben,Bronson,Ben Bronson,
John,Bronson,John Bronson,
Josiah,Bronson,Josiah Bronson,
Zack,Bronson,Zack Bronson,
Tommy,Brooker,Tommy Brooker,
Keith,Brooking,Keith Brooking,
Jason,Brookins,Jason Brookins,
Mitchell,Brookins,Mitchell Brookins,
Aaron,Brooks,Aaron Brooks,
Ahmad,Brooks,Ahmad Brooks,
Ahmad,Brooks,Ahmad Brooks,
Antoine,Brooks,Antoine Brooks,
Barrett,Brooks,Barrett Brooks,
Bill,Brooks,Bill Brooks,
Billy,Brooks,Billy Brooks,
Bob,Brooks,Bob Brooks,
Bobby,Brooks,Bobby Brooks,
Bobby,Brooks,Bobby Brooks,
Brandon,Brooks,Brandon Brooks,
British,Brooks,British Brooks,
Bucky,Brooks,Bucky Brooks,
Bud,Brooks,Bud Brooks,
Cariel,Brooks,Cariel Brooks,
Carlos,Brooks,Carlos Brooks,
Chet,Brooks,Chet Brooks,
Chris,Brooks,Chris Brooks,
Chris,Brooks,Chris Brooks,
Clifford,Brooks,Clifford Brooks,
Derrick,Brooks+,Derrick Brooks+,
Durant,Brooks,Durant Brooks,
Ethan,Brooks,Ethan Brooks,
Greg,Brooks,Greg Brooks,
Jalen,Brooks,Jalen Brooks,
Jamal,Brooks,Jamal Brooks,
James,Brooks,James Brooks,
Jermaine,Brooks,Jermaine Brooks,
Jon,Brooks,Jon Brooks,
Jonathon,Brooks,Jonathon Brooks,
Jordyn,Brooks,Jordyn Brooks,
Karl,Brooks,Karl Brooks,
Kendell,Brooks,Kendell Brooks,
Kevin,Brooks,Kevin Brooks,
Larry,Brooks,Larry Brooks,
Lee,Brooks,Lee Brooks,
Macey,Brooks,Macey Brooks,
Michael,Brooks,Michael Brooks,
Michael,Brooks,Michael Brooks,
Michael,Brooks,Michael Brooks,
Nate,Brooks,Nate Brooks,
Natrone,Brooks,Natrone Brooks,
Perry,Brooks,Perry Brooks,
Reggie,Brooks,Reggie Brooks,
Robert,Brooks,Robert Brooks,
Rodregis,Brooks,Rodregis Brooks,
Ron,Brooks,Ron Brooks,
Steve,Brooks,Steve Brooks,
Terrence,Brooks,Terrence Brooks,
Tony,Brooks,Tony Brooks,
James,,James ,
Tom,Brookshier,Tom Brookshier,
Jay,Brophy,Jay Brophy,
Al,Brosky,Al Brosky,
Mal,Bross,Mal Bross,
Bern,Brostek,Bern Brostek,
Kentrell,Brothers,Kentrell Brothers,
Bob,Brotzki,Bob Brotzki,
Cortez,Broughton,Cortez Broughton,
Luther,Broughton,Luther Broughton,
Nehemiah,Broughton,Nehemiah Broughton,
Walter,Broughton,Walter Broughton,
Willie,Broughton,Willie Broughton,
Fred,Broussard,Fred Broussard,
Jamall,Broussard,Jamall Broussard,
John,Broussard,John Broussard,
Steve,Broussard,Steve Broussard,
Steve,Broussard,Steve Broussard,
Angelo,Brovelli,Angelo Brovelli,
A.B.,Brown,A.B. Brown,
A.J.,Brown,A.J. Brown,
Aaron,Brown,Aaron Brown,
Aaron,Brown,Aaron Brown,
Aaron,Brown,Aaron Brown,
Alex,Brown,Alex Brown,
Alex,Brown,Alex Brown,
Allen,Brown,Allen Brown,
Andre,Brown,Andre Brown,
Andre,Brown,Andre Brown,
Andrew,Brown,Andrew Brown,
Anthony,Brown,Anthony Brown,
Anthony,Brown,Anthony Brown,
Anthony,Brown,Anthony Brown,
Antonio,Brown,Antonio Brown,
Antonio,Brown,Antonio Brown,
Arnold,Brown,Arnold Brown,
Arthur,Brown,Arthur Brown,
Barry,Brown,Barry Brown,
Ben,Brown,Ben Brown,
Bill,Brown,Bill Brown,
Bill,Brown,Bill Brown,
Bill,Brown,Bill Brown,
Blair,Brown,Blair Brown,
Bob,Brown+,Bob Brown+,
Bobby,Brown,Bobby Brown,
Bobby,Brown,Bobby Brown,
Booker,Brown,Booker Brown,
Boyd,Brown,Boyd Brown,
Brittain,Brown,Brittain Brown,
Bryce,Brown,Bryce Brown,
Bud,Brown,Bud Brown,
Buddy,Brown,Buddy Brown,
C.C.,Brown,C.C. Brown,
Cam,Brown,Cam Brown,
Carlos,Brown,Carlos Brown,
Cedric,Brown,Cedric Brown,
Cedrick,Brown,Cedrick Brown,
Chad,Brown,Chad Brown,
Chad,Brown,Chad Brown,
Charles,Brown,Charles Brown,
Charles,Brown,Charles Brown,
Charlie,Brown,Charlie Brown,
Charlie,Brown,Charlie Brown,
Charlie,Brown,Charlie Brown,
Charlie,Brown,Charlie Brown,
Chase,Brown,Chase Brown,
Chris,Brown,Chris Brown,
Chris,Brown,Chris Brown,
Chris,Brown,Chris Brown,
Chris,Brown,Chris Brown,
Chuck,Brown,Chuck Brown,
Chykie,Brown,Chykie Brown,
Clay,Brown,Clay Brown,
Colin,Brown,Colin Brown,
Corey,Brown,Corey Brown,
Cornelius,Brown,Cornelius Brown,
Cornell,Brown,Cornell Brown,
Corwin,Brown,Corwin Brown,
Courtney,Brown,Courtney Brown,
Courtney,Brown,Courtney Brown,
Curtis,Brown,Curtis Brown,
Curtis,Brown,Curtis Brown,
Cyron,Brown,Cyron Brown,
Dan,Brown,Dan Brown,
Daniel,Brown,Daniel Brown,
Dante,Brown,Dante Brown,
Dave,Brown,Dave Brown,
Dave,Brown,Dave Brown,
Dave,Brown,Dave Brown,
Dave,Brown,Dave Brown,
Dean,Brown,Dean Brown,
DeAuntae,Brown,DeAuntae Brown,
Dee,Brown,Dee Brown,
Delvin,Brown,Delvin Brown,
Dennis,Brown,Dennis Brown,
Deonte,Brown,Deonte Brown,
Derek,Brown,Derek Brown,
Derek,Brown,Derek Brown,
Derrick,Brown,Derrick Brown,
Don,Brown,Don Brown,
Don,Brown,Don Brown,
Donald,Brown,Donald Brown,
Donald,Brown,Donald Brown,
Donatello,Brown,Donatello Brown,
Doug,Brown,Doug Brown,
Doug,Brown,Doug Brown,
Duane,Brown,Duane Brown,
Dyami,Brown,Dyami Brown,
Earnest,Brown,Earnest Brown,
Ed,Brown,Ed Brown,
Eddie,Brown,Eddie Brown,
Eddie,Brown,Eddie Brown,
Elton,Brown,Elton Brown,
Eric,Brown,Eric Brown,
Eric,Brown,Eric Brown,
Eric,Brown,Eric Brown,
Ernie,Brown,Ernie Brown,
Evan,Brown,Evan Brown,
Everette,Brown,Everette Brown,
Fadol,Brown,Fadol Brown,
Fakhir,Brown,Fakhir Brown,
Fred,Brown,Fred Brown,
Fred,Brown,Fred Brown,
Fred,Brown,Fred Brown,
Fred,Brown,Fred Brown,
Gary,Brown,Gary Brown,
Gary,Brown,Gary Brown,
George,Brown,George Brown,
George,Brown,George Brown,
Gilbert,Brown,Gilbert Brown,
Gordon,Brown,Gordon Brown,
Greg,Brown,Greg Brown,
Guy,Brown,Guy Brown,
Hardy,Brown,Hardy Brown,
Howie,Brown,Howie Brown,
Ivory,Lee,Ivory Lee,
J.B.,Brown,J.B. Brown,
Jack,Brown,Jack Brown,
Jalil,Brown,Jalil Brown,
James,Brown,James Brown,
James,Brown,James Brown,
Jamie,Brown,Jamie Brown,
Jammal,Brown,Jammal Brown,
Jamon,Brown,Jamon Brown,
Jaron,Brown,Jaron Brown,
Jason,Brown,Jason Brown,
Jatavis,Brown,Jatavis Brown,
Jayon,Brown,Jayon Brown,
Jerome,Brown,Jerome Brown,
Jerry,Brown,Jerry Brown,
Jesse,Brown,Jesse Brown,
Ayir,Brown,Ayir Brown,
Jim,Brown+,Jim Brown+,
Joe,Brown,Joe Brown,
John,Brown,John Brown,
John,Brown,John Brown,
John,Brown,John Brown,
Jonathan,Brown,Jonathan Brown,
Jonathan,Brown,Jonathan Brown,
Josh,Brown,Josh Brown,
Justin,Brown,Justin Brown,
Kareem,Brown,Kareem Brown,
Ken,Brown,Ken Brown,
Ken,Brown,Ken Brown,
Ken,Brown,Ken Brown,
Ken,Brown,Ken Brown,
Kevin,Brown,Kevin Brown,
Kourtnei,Brown,Kourtnei Brown,
Kris,Brown,Kris Brown,
Kyron,Brown,Kyron Brown,
Lance,Brown,Lance Brown,
Laron,Brown,Laron Brown,
Larry,Brown,Larry Brown,
Larry,Brown,Larry Brown,
Larry,Brown,Larry Brown,
Larry,Brown,Larry Brown,
Larry,Brown,Larry Brown,
Larry,Brown,Larry Brown,
Levi,Brown,Levi Brown,
Levi,Brown,Levi Brown,
Lomas,Brown,Lomas Brown,
Mack,Brown,Mack Brown,
Malcolm,Brown,Malcolm Brown,
Malcom,Brown,Malcom Brown,
Marc,Brown,Marc Brown,
Marcus,Brown,Marcus Brown,
Mark,Brown,Mark Brown,
Mark,Brown,Mark Brown,
Marlon,Brown,Marlon Brown,
Marquise,Brown,Marquise Brown,
Marv,Brown,Marv Brown,
Matt,Brown,Matt Brown,
Michael,Brown,Michael Brown,
Mike,Brown,Mike Brown,
Mike,Brown,Mike Brown,
Mike,Brown,Mike Brown,
Miles,Brown,Miles Brown,
Milford,Brown,Milford Brown,
Montaric,Brown,Montaric Brown,
Monty,Brown,Monty Brown,
Na,Brown,Na Brown,
Noah,Brown,Noah Brown,
Norris,Brown,Norris Brown,
Omar,Brown,Omar Brown,
Omar,Brown,Omar Brown,
Omar,Brown,Omar Brown,
Orlando,Brown,Orlando Brown,
Orlando,Brown,Orlando Brown,
Otto,Brown,Otto Brown,
Patrick,Brown,Patrick Brown,
Pete,Brown,Pete Brown,
Pharaoh,Brown,Pharaoh Brown,
Preston,Brown,Preston Brown,
Preston,Brown,Preston Brown,
Ralph,Brown,Ralph Brown,
Ray,Brown,Ray Brown,
Ray,Brown,Ray Brown,
Ray,Brown,Ray Brown,
Ray,Brown,Ray Brown,
Reggie,Brown,Reggie Brown,
Reggie,Brown,Reggie Brown,
Reggie,Brown,Reggie Brown,
Reggie,Brown,Reggie Brown,
Reggie,Brown,Reggie Brown,
Richard,Brown,Richard Brown,
Richard,Brown,Richard Brown,
Ricky,Brown,Ricky Brown,
Robert,Brown,Robert Brown,
Robert,Brown,Robert Brown,
Robert,Brown,Robert Brown,
Roger,Brown,Roger Brown,
Roger,Brown,Roger Brown,
Ron,Brown,Ron Brown,
Ron,Brown,Ron Brown,
Ron,Brown,Ron Brown,
Ronnie,Brown,Ronnie Brown,
Rosey,Brown+,Rosey Brown+,
Ruben,Brown,Ruben Brown,
Rufus,Brown,Rufus Brown,
Rufus,Brown,Rufus Brown,
Rush,Brown,Rush Brown,
Sammy,Brown,Sammy Brown,
Selwyn,Brown,Selwyn Brown,
Sergio,Brown,Sergio Brown,
Sheldon,Brown,Sheldon Brown,
Sidney,Brown,Sidney Brown,
Sonny,Brown,Sonny Brown,
Spencer,Brown,Spencer Brown,
Spencer,Brown,Spencer Brown,
Stan,Brown,Stan Brown,
Steve,Brown,Steve Brown,
Stevie,Brown,Stevie Brown,
Sydney,Brown,Sydney Brown,
Tarell,Brown,Tarell Brown,
Ted,Brown,Ted Brown,
Terry,Brown,Terry Brown,
Theotis,Brown,Theotis Brown,
Thomas,Brown,Thomas Brown,
Tim,Brown+,Tim Brown+,
Timmy,Brown,Timmy Brown,
Titus,Brown,Titus Brown,
Tom,Brown,Tom Brown,
Tom,Brown,Tom Brown,
Tom,Brown,Tom Brown,
Tom,Brown,Tom Brown,
Tony,Brown,Tony Brown,
Tony,Brown,Tony Brown,
Tony,Brown,Tony Brown,
Tony,Brown,Tony Brown,
Tony,Brown,Tony Brown,
Travis,Brown,Travis Brown,
Tre,Brown,Tre Brown,
Trent,Brown,Trent Brown,
Troy,Brown,Troy Brown,
Tyrone,Brown,Tyrone Brown,
Vincent,Brown,Vincent Brown,
Vincent,Brown,Vincent Brown,
Wilbert,Brown,Wilbert Brown,
Willie,Brown+,Willie Brown+,
Willie,Brown,Willie Brown,
Zach,Brown,Zach Brown,
Gordie,Browne,Gordie Browne,
Jim,Browne,Jim Browne,
Brandon,Browner,Brandon Browner,
Jim,Browner,Jim Browner,
Joey,Browner,Joey Browner,
Keith,Browner,Keith Browner,
Keith,Browner,Keith Browner,
Ross,Browner,Ross Browner,
Baron,Browning,Baron Browning,
Bryant,Browning,Bryant Browning,
Charlie,Browning,Charlie Browning,
Dave,Browning,Dave Browning,
Gregg,Browning,Gregg Browning,
Jack,Browning,Jack Browning,
Jake,Browning,Jake Browning,
John,Browning,John Browning,
Claude,Brownlee,Claude Brownlee,
Jarvis,Brownlee,Jarvis Brownlee,
Jason,Brownlee,Jason Brownlee,
Darrick,Brownlow,Darrick Brownlow,
Ryan,Broyles,Ryan Broyles,
Dick,Brubaker,Dick Brubaker,
Arland,Bruce,Arland Bruce,
Aundray,Bruce,Aundray Bruce,
Gail,Bruce,Gail Bruce,
Isaac,Bruce+,Isaac Bruce+,
Mkristo,Bruce,Mkristo Bruce,
Les,Bruckner,Les Bruckner,
Nick,Bruckner,Nick Bruckner,
Doc,Bruder,Doc Bruder,
Hank,Bruder,Hank Bruder,
Bob,Brudzinski,Bob Brudzinski,
Charlie,Brueckman,Charlie Brueckman,
Mark,Bruener,Mark Bruener,
Bob,Bruer,Bob Bruer,
Rob,Bruggeman,Rob Bruggeman,
Bob,Bruggers,Bob Bruggers,
John,Bruhin,John Bruhin,
Boyd,Brumbaugh,Boyd Brumbaugh,
Carl,Brumbaugh,Carl Brumbaugh,
Justin,Brumbaugh,Justin Brumbaugh,
Jack,Brumfield,Jack Brumfield,
Jim,Brumfield,Jim Brumfield,
Scott,Brumfield,Scott Brumfield,
Bob,Brumley,Bob Brumley,
Don,Brumm,Don Brumm,
Fred,Brumm,Fred Brumm,
Roman,Brumm,Roman Brumm,
Dewey,Brundage,Dewey Brundage,
Bill,Brundige,Bill Brundige,
Larry,Brune,Larry Brune,
Mark,Brunell,Mark Brunell,
Sam,Brunelli,Sam Brunelli,
Bob,Brunet,Bob Brunet,
Fred,Bruney,Fred Bruney,
Austin,Brunklacher,Austin Brunklacher,
Scott,Brunner,Scott Brunner,
Dave,Bruno,Dave Bruno,
John,Bruno,John Bruno,
Daniel,Brunskill,Daniel Brunskill,
Larry,Brunson,Larry Brunson,
Mike,Brunson,Mike Brunson,
T.J.,Brunson,T.J. Brunson,
Brunswick,,Brunswick ,
Ross,Brupbacher,Ross Brupbacher,
Tedy,Bruschi,Tedy Bruschi,
Logan,Bruss,Logan Bruss,
Daryon,Brutley,Daryon Brutley,
David,Bruton,David Bruton,
Jim,Brutz,Jim Brutz,
Bill,Bryan,Bill Bryan,
Chris,Bryan,Chris Bryan,
Copeland,Bryan,Copeland Bryan,
Courtney,Bryan,Courtney Bryan,
Johnny,Bryan,Johnny Bryan,
Rick,Bryan,Rick Bryan,
Steve,Bryan,Steve Bryan,
Taven,Bryan,Taven Bryan,
Walter,Bryan,Walter Bryan,
Anthony,Bryant,Anthony Bryant,
Antonio,Bryant,Antonio Bryant,
Armonty,Bryant,Armonty Bryant,
Austin,Bryant,Austin Bryant,
Beno,Bryant,Beno Bryant,
Bill,Bryant,Bill Bryant,
Bob,Bryant,Bob Bryant,
Bob,Bryant,Bob Bryant,
Bobby,Bryant,Bobby Bryant,
Brandin,Bryant,Brandin Bryant,
C.B.,Bryant,C.B. Bryant,
Charlie,Bryant,Charlie Bryant,
Chuck,Bryant,Chuck Bryant,
Coby,Bryant,Coby Bryant,
Corbin,Bryant,Corbin Bryant,
Cullen,Bryant,Cullen Bryant,
Desmond,Bryant,Desmond Bryant,
Dez,Bryant,Dez Bryant,
Domingo,Bryant,Domingo Bryant,
Fernando,Bryant,Fernando Bryant,
Harrison,Bryant,Harrison Bryant,
Hubie,Bryant,Hubie Bryant,
Hunter,Bryant,Hunter Bryant,
Jeff,Bryant,Jeff Bryant,
Jim,Bryant,Jim Bryant,
Junior,Bryant,Junior Bryant,
Kelvin,Bryant,Kelvin Bryant,
Martavis,Bryant,Martavis Bryant,
Matt,Bryant,Matt Bryant,
Myles,Bryant,Myles Bryant,
Red,Bryant,Red Bryant,
Roderick,Bryant,Roderick Bryant,
Romby,Bryant,Romby Bryant,
Steve,Bryant,Steve Bryant,
Tim,Bryant,Tim Bryant,
Tony,Bryant,Tony Bryant,
Trent,Bryant,Trent Bryant,
Ventell,Bryant,Ventell Bryant,
Warren,Bryant,Warren Bryant,
Waymond,Bryant,Waymond Bryant,
Wendell,Bryant,Wendell Bryant,
Shawn,Bryson,Shawn Bryson,
Doug,Brzezinski,Doug Brzezinski,
Tony,Bua,Tony Bua,
Mark,Buben,Mark Buben,
Deone,Bucannon,Deone Bucannon,
Mike,Bucchianeri,Mike Bucchianeri,
Ray,Bucek,Ray Bucek,
Buck,Buchanan+,Buck Buchanan+,
Charles,Buchanan,Charles Buchanan,
Michael,Buchanan,Michael Buchanan,
Ray,Buchanan,Ray Buchanan,
Richard,Buchanan,Richard Buchanan,
Steve,Buchanan,Steve Buchanan,
Tim,Buchanan,Tim Buchanan,
Phillip,Buchanon,Phillip Buchanon,
Will,Buchanon,Will Buchanon,
Willie,Buchanon,Willie Buchanon,
Bill,Bucher,Bill Bucher,
Frank,Bucher,Frank Bucher,
Cub,Buck,Cub Buck,
Jason,Buck,Jason Buck,
Mike,Buck,Mike Buck,
Vince,Buck,Vince Buck,
Don,Buckey,Don Buckey,
Jeff,Buckey,Jeff Buckey,
Garland,Buckeye,Garland Buckeye,
Correll,Buckhalter,Correll Buckhalter,
Bill,Buckler,Bill Buckler,
Phil,Bucklew,Phil Bucklew,
Curtis,Buckley,Curtis Buckley,
Eldra,Buckley,Eldra Buckley,
Marcus,Buckley,Marcus Buckley,
Ralph,Buckley,Ralph Buckley,
Terrell,Buckley,Terrell Buckley,
Ted,Bucklin,Ted Bucklin,
Tom,Buckman,Tom Buckman,
Brentson,Buckner,Brentson Buckner,
DeForest,Buckner,DeForest Buckner,
Bob,Buczkowski,Bob Buczkowski,
Carl,Buda,Carl Buda,
Frank,Budd,Frank Budd,
Johnny,Budd,Johnny Budd,
Brad,Budde,Brad Budde,
Ed,Budde,Ed Budde,
Frank,Budka,Frank Budka,
Bill,Budness,Bill Budness,
Tom,Budrewicz,Tom Budrewicz,
David,Buehler,David Buehler,
George,Buehler,George Buehler,
Dan,Buenning,Dan Buenning,
Bart,Buetow,Bart Buetow,
Ted,Buffalo,Ted Buffalo,
Harry,Buffington,Harry Buffington,
Doug,Buffone,Doug Buffone,
Maury,Buford,Maury Buford,
Tony,Buford,Tony Buford,
Gary,Bugenhagen,Gary Bugenhagen,
Danny,Buggs,Danny Buggs,
Isaiah,Buggs,Isaiah Buggs,
Marcus,Buggs,Marcus Buggs,
Larry,Buhler,Larry Buhler,
Drew,Buie,Drew Buie,
Ray,Buivid,Ray Buivid,
Glenn,Bujnoch,Glenn Bujnoch,
Joe,Bukant,Joe Bukant,
Fred,Bukaty,Fred Bukaty,
Rudy,Bukich,Rudy Bukich,
George,Buksar,George Buksar,
Bryan,Bulaga,Bryan Bulaga,
Norm,Bulaich,Norm Bulaich,
Walt,Buland,Walt Buland,
Chet,Bulger,Chet Bulger,
Marc,Bulger,Marc Bulger,
Ronnie,Bull,Ronnie Bull,
Scott,Bull,Scott Bull,
Courtland,Bullard,Courtland Bullard,
Javon,Bullard,Javon Bullard,
Jonathan,Bullard,Jonathan Bullard,
Kendricke,Bullard,Kendricke Bullard,
Louis,Bullard,Louis Bullard,
Melvin,Bullitt,Melvin Bullitt,
Gale,Bullman,Gale Bullman,
Calen,Bullock,Calen Bullock,
Randy,Bullock,Randy Bullock,
Amos,Bullocks,Amos Bullocks,
Daniel,Bullocks,Daniel Bullocks,
Josh,Bullocks,Josh Bullocks,
Chuck,Bullough,Chuck Bullough,
Hank,Bullough,Hank Bullough,
Max,Bullough,Max Bullough,
Riley,Bullough,Riley Bullough,
Brian,Bulluck,Brian Bulluck,
Keith,Bulluck,Keith Bulluck,
Tim,Bulman,Tim Bulman,
Art,Bultman,Art Bultman,
Max,Bumgardner,Max Bumgardner,
Rex,Bumgardner,Rex Bumgardner,
Michael,Bumpus,Michael Bumpus,
Derek,Bunch,Derek Bunch,
Jarrod,Bunch,Jarrod Bunch,
Frank,Buncom,Frank Buncom,
Mike,Bundra,Mike Bundra,
Jim,Bundren,Jim Bundren,
Marquis,Bundy,Marquis Bundy,
Ken,Bungarda,Ken Bungarda,
Brodrick,Bunkley,Brodrick Bunkley,
Ian,Bunting,Ian Bunting,
John,Bunting,John Bunting,
John,Bunyan,John Bunyan,
Dan,Bunz,Dan Bunz,
Nick,Buoniconti+,Nick Buoniconti+,
Cornell,Burbage,Cornell Burbage,
Aaron,Burbridge,Aaron Burbridge,
Jerry,Burch,Jerry Burch,
Don,Burchfield,Don Burchfield,
Lloyd,Burdick,Lloyd Burdick,
Vontaze,Burfict,Vontaze Burfict,
Chris,Burford,Chris Burford,
Spencer,Burford,Spencer Burford,
Glen,Burgeis,Glen Burgeis,
Todd,Burger,Todd Burger,
Charlie,Burgess,Charlie Burgess,
Derrick,Burgess,Derrick Burgess,
Fernanza,Burgess,Fernanza Burgess,
James,Burgess,James Burgess,
James,Burgess,James Burgess,
Marvell,Burgess,Marvell Burgess,
Prescott,Burgess,Prescott Burgess,
Ronnie,Burgess,Ronnie Burgess,
Terrell,Burgess,Terrell Burgess,
Al,Burgin,Al Burgin,
Ted,Burgmeier,Ted Burgmeier,
Earl,Burgner,Earl Burgner,
Adrian,Burk,Adrian Burk,
Scott,Burk,Scott Burk,
Anthony,Burke,Anthony Burke,
Chick,Burke,Chick Burke,
Don,Burke,Don Burke,
Joe,Burke,Joe Burke,
John,Burke,John Burke,
Mark,Burke,Mark Burke,
Mike,Burke,Mike Burke,
Randy,Burke,Randy Burke,
Tom,Burke,Tom Burke,
Vern,Burke,Vern Burke,
Chris,Burkett,Chris Burkett,
Jackie,Burkett,Jackie Burkett,
Jeff,Burkett,Jeff Burkett,
Rex,Burkhead,Rex Burkhead,
Brandon,Burks,Brandon Burks,
Dialleo,Burks,Dialleo Burks,
Joe,Burks,Joe Burks,
Oren,Burks,Oren Burks,
Randy,Burks,Randy Burks,
Raymond,Burks,Raymond Burks,
Shawn,Burks,Shawn Burks,
Steve,Burks,Steve Burks,
Treylon,Burks,Treylon Burks,
Alex,Burl,Alex Burl,
John,Burleson,John Burleson,
Nate,Burleson,Nate Burleson,
Gary,Burley,Gary Burley,
Marcus,Burley,Marcus Burley,
George,Burman,George Burman,
Danny,Burmeister,Danny Burmeister,
Forrest,Burmeister,Forrest Burmeister,
Max,Burnell,Max Burnell,
Bobby,Burnett,Bobby Burnett,
Chester,Burnett,Chester Burnett,
Dale,Burnett,Dale Burnett,
Deontay,Burnett,Deontay Burnett,
Joe,Burnett,Joe Burnett,
Kaelin,Burnett,Kaelin Burnett,
Kevin,Burnett,Kevin Burnett,
Len,Burnett,Len Burnett,
Morgan,Burnett,Morgan Burnett,
Ray,Burnett,Ray Burnett,
Rob,Burnett,Rob Burnett,
Victor,Burnett,Victor Burnett,
Dave,Burnette,Dave Burnette,
Reggie,Burnette,Reggie Burnette,
Tom,Burnette,Tom Burnette,
Amari,Burney,Amari Burney,
Lem,Burnham,Lem Burnham,
Stanley,Burnham,Stanley Burnham,
Tim,Burnham,Tim Burnham,
Hank,Burnine,Hank Burnine,
Artie,Burns,Artie Burns,
Brian,Burns,Brian Burns,
Curry,Burns,Curry Burns,
Ed,Burns,Ed Burns,
Jason,Burns,Jason Burns,
Joe,Burns,Joe Burns,
Keith,Burns,Keith Burns,
Lamont,Burns,Lamont Burns,
Leon,Burns,Leon Burns,
Mike,Burns,Mike Burns,
Robert,Burns,Robert Burns,
George,Burnside,George Burnside,
Kirven,,Kirven ,
Clinton,Burrell,Clinton Burrell,
George,Burrell,George Burrell,
John,Burrell,John Burrell,
Ode,Burrell,Ode Burrell,
Plaxico,Burress,Plaxico Burress,
Bo,Burris,Bo Burris,
Buddy,Burris,Buddy Burris,
Henry,Burris,Henry Burris,
Jeff,Burris,Jeff Burris,
Juston,Burris,Juston Burris,
Miles,Burris,Miles Burris,
John,Burrough,John Burrough,
Ken,Burrough,Ken Burrough,
Derrick,Burroughs,Derrick Burroughs,
Don,Burroughs,Don Burroughs,
Jim,Burroughs,Jim Burroughs,
Sammie,Burroughs,Sammie Burroughs,
Curtis,Burrow,Curtis Burrow,
Jim,Burrow,Jim Burrow,
Joe,Burrow,Joe Burrow,
Ken,Burrow,Ken Burrow,
Harry,Burrus,Harry Burrus,
Lloyd,Burruss,Lloyd Burruss,
Isaiah,Burse,Isaiah Burse,
Tony,Burse,Tony Burse,
Jimmy,Burson,Jimmy Burson,
Hal,Burt,Hal Burt,
Jim,Burt,Jim Burt,
Russ,Burt,Russ Burt,
Al,Burton,Al Burton,
Antwon,Burton,Antwon Burton,
Brandon,Burton,Brandon Burton,
Deante,Burton,Deante Burton,
Derek,Burton,Derek Burton,
James,Burton,James Burton,
Jermaine,Burton,Jermaine Burton,
Keenan,Burton,Keenan Burton,
Kendrick,Burton,Kendrick Burton,
Larry,Burton,Larry Burton,
Leon,Burton,Leon Burton,
Leonard,Burton,Leonard Burton,
Lyle,Burton,Lyle Burton,
Michael,Burton,Michael Burton,
Ron,Burton,Ron Burton,
Ron,Burton,Ron Burton,
Shane,Burton,Shane Burton,
Stephen,Burton,Stephen Burton,
Trey,Burton,Trey Burton,
Tyreek,Burwell,Tyreek Burwell,
Sherrill,Busby,Sherrill Busby,
Elmer,Busch,Elmer Busch,
Mike,Busch,Mike Busch,
Blair,Bush,Blair Bush,
Deon,Bush,Deon Bush,
Devin,Bush,Devin Bush,
Devin,Bush,Devin Bush,
Frank,Bush,Frank Bush,
Jarrett,Bush,Jarrett Bush,
Josh,Bush,Josh Bush,
Lewis,Bush,Lewis Bush,
Michael,Bush,Michael Bush,
Rafael,Bush,Rafael Bush,
Ray,Bush,Ray Bush,
Reggie,Bush,Reggie Bush,
Steve,Bush,Steve Bush,
Tom,Bushby,Tom Bushby,
Matt,Bushman,Matt Bushman,
Jermon,Bushrod,Jermon Bushrod,
Sam,Busich,Sam Busich,
Steve,Busick,Steve Busick,
John,Busing,John Busing,
Ray,Busler,Ray Busler,
Art,Buss,Art Buss,
Gerry,Bussell,Gerry Bussell,
Barney,Bussey,Barney Bussey,
Dexter,Bussey,Dexter Bussey,
Nate,Bussey,Nate Bussey,
Young,Bussey,Young Bussey,
Paul,Butcher,Paul Butcher,
Wendell,Butcher,Wendell Butcher,
Harrison,Butker,Harrison Butker,
Carl,Butkus,Carl Butkus,
Dick,Butkus+,Dick Butkus+,
Adam,Butler,Adam Butler,
Bill,Butler,Bill Butler,
Bill,Butler,Bill Butler,
Bill,Butler,Bill Butler,
Bob,Butler,Bob Butler,
Bobby,Butler,Bobby Butler,
Brad,Butler,Brad Butler,
Brice,Butler,Brice Butler,
Cannonball,Butler,Cannonball Butler,
Chuck,Butler,Chuck Butler,
Crezdon,Butler,Crezdon Butler,
Darien,Butler,Darien Butler,
Darius,Butler,Darius Butler,
Dave,Butler,Dave Butler,
Deon,Butler,Deon Butler,
Donald,Butler,Donald Butler,
Drew,Butler,Drew Butler,
Duane,Butler,Duane Butler,
Frank,Butler,Frank Butler,
Gary,Butler,Gary Butler,
Hakeem,Butler,Hakeem Butler,
Hillary,Butler,Hillary Butler,
Jack,Butler+,Jack Butler+,
James,Butler,James Butler,
Jerametrius,Butler,Jerametrius Butler,
Jeremy,Butler,Jeremy Butler,
Jerry,Butler,Jerry Butler,
Jerry,Butler,Jerry Butler,
John,Butler,John Butler,
Johnny,Butler,Johnny Butler,
Josh,Butler,Josh Butler,
Keith,Butler,Keith Butler,
Kelly,Butler,Kelly Butler,
Kevin,Butler,Kevin Butler,
LeRoy,Butler+,LeRoy Butler+,
Malcolm,Butler,Malcolm Butler,
Mario,Butler,Mario Butler,
Matthew,Butler,Matthew Butler,
Mike,Butler,Mike Butler,
Percy,Butler,Percy Butler,
Quincy,Butler,Quincy Butler,
Rashad,Butler,Rashad Butler,
Ray,Butler,Ray Butler,
Robb,Butler,Robb Butler,
Skip,Butler,Skip Butler,
Sol,Butler,Sol Butler,
Terry,Butler,Terry Butler,
Vernon,Butler,Vernon Butler,
Victor,Butler,Victor Butler,
Harry,Butsko,Harry Butsko,
Jake,Butt,Jake Butt,
Greg,Buttle,Greg Buttle,
Eddie,Butts,Eddie Butts,
Marion,Butts,Marion Butts,
Dave,Butz,Dave Butz,
Rich,Buzin,Rich Buzin,
Bernard,Buzyniski,Bernard Buzyniski,
e,,e ,
Kevin,Byard,Kevin Byard,
Keith,Byars,Keith Byars,
Rick,Byas,Rick Byas,
Jeff,Byers,Jeff Byers,
Ken,Byers,Ken Byers,
Scott,Byers,Scott Byers,
Nate,Byham,Nate Byham,
Frank,Bykowski,Frank Bykowski,
Joseph,Byler,Joseph Byler,
Carrington,Byndom,Carrington Byndom,
Earnest,Byner,Earnest Byner,
Josh,Bynes,Josh Bynes,
Camryn,Bynum,Camryn Bynum,
Kenny,Bynum,Kenny Bynum,
Reggie,Bynum,Reggie Bynum,
Terrell,Bynum,Terrell Bynum,
Boris,Byrd,Boris Byrd,
Butch,Byrd,Butch Byrd,
Damiere,Byrd,Damiere Byrd,
Darryl,Byrd,Darryl Byrd,
Dennis,Byrd,Dennis Byrd,
Dennis,Byrd,Dennis Byrd,
Dominique,Byrd,Dominique Byrd,
Emanuel,Byrd,Emanuel Byrd,
Gill,Byrd,Gill Byrd,
Isaac,Byrd,Isaac Byrd,
Israel,Byrd,Israel Byrd,
Jairus,Byrd,Jairus Byrd,
LaRon,Byrd,LaRon Byrd,
Mac,Byrd,Mac Byrd,
Richard,Byrd,Richard Byrd,
Solomon,Byrd,Solomon Byrd,
Sylvester,Byrd,Sylvester Byrd,
Shawn,Byrdsong,Shawn Byrdsong,
Bill,Byrne,Bill Byrne,
Jake,Byrne,Jake Byrne,
Carl,Byrum,Carl Byrum,
Dion,Byrum,Dion Byrum,
Jason,Cabinda,Jason Cabinda,
Brian,Cabral,Brian Cabral,
Larry,Cabrelli,Larry Cabrelli,
Augie,Cabrinha,Augie Cabrinha,
Ernie,Caddel,Ernie Caddel,
Eddie,Cade,Eddie Cade,
Mossy,Cade,Mossy Cade,
Travaris,Cadet,Travaris Cadet,
Dave,Cadigan,Dave Cadigan,
Jim,Cadile,Jim Cadile,
Glenn,Cadrez,Glenn Cadrez,
John,Cadwell,John Cadwell,
Ivan,Caesar,Ivan Caesar,
George,Cafego,George Cafego,
Lee,Roy,Lee Roy,
Lawrence,Cager,Lawrence Cager,
Chris,Cagle,Chris Cagle,
Jim,Cagle,Jim Cagle,
John,Cagle,John Cagle,
Bill,Cahill,Bill Cahill,
Dave,Cahill,Dave Cahill,
Denny,Cahill,Denny Cahill,
Ronnie,Cahill,Ronnie Cahill,
Tiny,Cahoon,Tiny Cahoon,
Deon,Cain,Deon Cain,
J.V.,Cain,J.V. Cain,
Jeremy,Cain,Jeremy Cain,
Jim,Cain,Jim Cain,
Joe,Cain,Joe Cain,
Lynn,Cain,Lynn Cain,
Patrick,Cain,Patrick Cain,
Yodny,Cajuste,Yodny Cajuste,
Pete,Calac,Pete Calac,
Jeremy,Calahan,Jeremy Calahan,
Raymond,Calais,Raymond Calais,
Ralph,Calcagni,Ralph Calcagni,
Grant,Calcaterra,Grant Calcaterra,
Alan,Caldwell,Alan Caldwell,
Andre,Caldwell,Andre Caldwell,
Antoine,Caldwell,Antoine Caldwell,
Bruce,Caldwell,Bruce Caldwell,
Bryan,Caldwell,Bryan Caldwell,
Darryl,Caldwell,Darryl Caldwell,
David,Caldwell,David Caldwell,
David,Caldwell,David Caldwell,
Knute,Caldwell,Knute Caldwell,
Mike,Caldwell,Mike Caldwell,
Mike,Caldwell,Mike Caldwell,
Ravin,Caldwell,Ravin Caldwell,
Reche,Caldwell,Reche Caldwell,
Scott,Caldwell,Scott Caldwell,
Tony,Caldwell,Tony Caldwell,
Trey,Caldwell,Trey Caldwell,
Jamie,Caleb,Jamie Caleb,
Brian,Calhoun,Brian Calhoun,
Don,Calhoun,Don Calhoun,
Duke,Calhoun,Duke Calhoun,
Eric,Calhoun,Eric Calhoun,
Mike,Calhoun,Mike Calhoun,
Rick,Calhoun,Rick Calhoun,
Shaq,Calhoun,Shaq Calhoun,
Shilique,Calhoun,Shilique Calhoun,
Taveze,Calhoun,Taveze Calhoun,
Lonny,Calicchio,Lonny Calicchio,
Tyrone,Calico,Tyrone Calico,
Mike,Caliendo,Mike Caliendo,
Dean,Caliguire,Dean Caliguire,
Austin,Calitro,Austin Calitro,
Jack,Call,Jack Call,
Kevin,Call,Kevin Call,
Bill,Callahan,Bill Callahan,
Bob,Callahan,Bob Callahan,
Bryce,Callahan,Bryce Callahan,
Dan,Callahan,Dan Callahan,
Jim,Callahan,Jim Callahan,
Joe,Callahan,Joe Callahan,
Lee,Calland,Lee Calland,
Antonio,Callaway,Antonio Callaway,
Marquez,Callaway,Marquez Callaway,
Rob,Callaway,Rob Callaway,
Ken,Callicutt,Ken Callicutt,
Len,Calligaro,Len Calligaro,
Bill,Callihan,Bill Callihan,
Chris,Calloway,Chris Calloway,
Ernie,Calloway,Ernie Calloway,
Rocky,Calmus,Rocky Calmus,
Tony,Calvelli,Tony Calvelli,
Jorrick,Calvin,Jorrick Calvin,
Tom,Calvin,Tom Calvin,
Jake,Camarda,Jake Camarda,
Greg,Camarillo,Greg Camarillo,
Rich,Camarillo,Rich Camarillo,
Dennis,Cambal,Dennis Cambal,
Glenn,Cameron,Glenn Cameron,
Jack,Cameron,Jack Cameron,
John,Cameron,John Cameron,
Jordan,Cameron,Jordan Cameron,
Paul,Cameron,Paul Cameron,
Jalen,Camp,Jalen Camp,
Jim,Camp,Jim Camp,
Reggie,Camp,Reggie Camp,
Al,Campana,Al Campana,
Michael,Campanaro,Michael Campanaro,
Joe,Campanella,Joe Campanella,
Arnold,Campbell,Arnold Campbell,
Bill,Campbell,Bill Campbell,
Bob,Campbell,Bob Campbell,
Bruce,Campbell,Bruce Campbell,
Calais,Campbell,Calais Campbell,
Caleb,Campbell,Caleb Campbell,
Carter,Campbell,Carter Campbell,
Chance,Campbell,Chance Campbell,
D.J.,Campbell,D.J. Campbell,
Dan,Campbell,Dan Campbell,
Vondre,Campbell,Vondre Campbell,
Dick,Campbell,Dick Campbell,
Don,Campbell,Don Campbell,
Earl,Campbell+,Earl Campbell+,
Elijah,Campbell,Elijah Campbell,
Gary,Campbell,Gary Campbell,
Glenn,Campbell,Glenn Campbell,
Ibraheim,Campbell,Ibraheim Campbell,
Jack,Campbell,Jack Campbell,
Jack,Campbell,Jack Campbell,
Jason,Campbell,Jason Campbell,
Jeff,Campbell,Jeff Campbell,
Jesse,Campbell,Jesse Campbell,
Jim,Campbell,Jim Campbell,
Joe,Campbell,Joe Campbell,
Joe,Campbell,Joe Campbell,
John,Campbell,John Campbell,
Kelly,Campbell,Kelly Campbell,
Ken,Campbell,Ken Campbell,
Khary,Campbell,Khary Campbell,
Lamar,Campbell,Lamar Campbell,
Leon,Campbell,Leon Campbell,
Marion,Campbell,Marion Campbell,
Mark,Campbell,Mark Campbell,
Mark,Campbell,Mark Campbell,
Matt,Campbell,Matt Campbell,
Michael,Campbell,Michael Campbell,
Mike,Campbell,Mike Campbell,
Milt,Campbell,Milt Campbell,
Parris,Campbell,Parris Campbell,
Rich,Campbell,Rich Campbell,
Russ,Campbell,Russ Campbell,
Scott,Campbell,Scott Campbell,
Sonny,Campbell,Sonny Campbell,
Stan,Campbell,Stan Campbell,
Tevaughn,Campbell,Tevaughn Campbell,
Tommie,Campbell,Tommie Campbell,
Tommy,Campbell,Tommy Campbell,
Tyson,Campbell,Tyson Campbell,
Woody,Campbell,Woody Campbell,
James,Campen,James Campen,
Billy,Campfield,Billy Campfield,
Bob,Campiglio,Bob Campiglio,
T.J.,Campion,T.J. Campion,
Nick,Campofreda,Nick Campofreda,
Don,Campora,Don Campora,
Alan,Campos,Alan Campos,
Larry,Canada,Larry Canada,
Kameron,Canaday,Kameron Canaday,
Tony,Canadeo+,Tony Canadeo+,
Jim,Canady,Jim Canady,
Maurice,Canady,Maurice Canady,
Justin,Canale,Justin Canale,
Rocco,Canale,Rocco Canale,
Whit,Canale,Whit Canale,
Phil,Cancik,Phil Cancik,
Trung,Canidate,Trung Canidate,
Sheldon,Canley,Sheldon Canley,
A.J.,Cann,A.J. Cann,
John,Cannady,John Cannady,
Pat,Cannamela,Pat Cannamela,
Al,Cannava,Al Cannava,
Joe,Cannavino,Joe Cannavino,
John,Cannella,John Cannella,
James,Cannida,James Cannida,
Anthony,Cannon,Anthony Cannon,
Billy,Cannon,Billy Cannon,
Billy,Cannon,Billy Cannon,
John,Cannon,John Cannon,
Marcus,Cannon,Marcus Cannon,
Mark,Cannon,Mark Cannon,
Trenton,Cannon,Trenton Cannon,
Leo,Cantor,Leo Cantor,
Barry,Cantrell,Barry Cantrell,
Rolando,Cantu,Rolando Cantu,
Chris,Canty,Chris Canty,
Chris,Canty,Chris Canty,
Bill,Capece,Bill Capece,
James,Capers,James Capers,
Selvish,Capers,Selvish Capers,
Wayne,Capers,Wayne Capers,
Nordly,Capi,Nordly Capi,
Warren,Capone,Warren Capone,
Dick,Capp,Dick Capp,
Alex,Cappa,Alex Cappa,
Bob,Cappadona,Bob Cappadona,
Gino,Cappelletti,Gino Cappelletti,
John,Cappelletti,John Cappelletti,
Bill,Cappleman,Bill Cappleman,
Bill,Capps,Bill Capps,
Carl,Capria,Carl Capria,
Ralph,Capron,Ralph Capron,
Jim,Capuzzi,Jim Capuzzi,
Mac,Cara,Mac Cara,
Roland,Caranci,Roland Caranci,
Glenn,Carano,Glenn Carano,
Al,Carapella,Al Carapella,
Joe,Caravello,Joe Caravello,
Glenn,Carberry,Glenn Carberry,
Harper,Card,Harper Card,
Carl,Cardarelli,Carl Cardarelli,
Tank,Carder,Tank Carder,
Fred,Cardinal,Fred Cardinal,
Joe,Cardona,Joe Cardona,
Joe,Cardwell,Joe Cardwell,
John,Cardwell,John Cardwell,
Lloyd,Cardwell,Lloyd Cardwell,
Bob,Carey,Bob Carey,
Brian,Carey,Brian Carey,
Don,Carey,Don Carey,
Joe,Carey,Joe Carey,
Deem,Carey,Deem Carey,
Richard,Carey,Richard Carey,
Vernon,Carey,Vernon Carey,
Steve,Cargile,Steve Cargile,
Gabe,Carimi,Gabe Carimi,
Harland,Carl,Harland Carl,
Jaylon,Carlies,Jaylon Carlies,
Cooper,Carlisle,Cooper Carlisle,
Anders,Carlson,Anders Carlson,
Cody,Carlson,Cody Carlson,
Daniel,Carlson,Daniel Carlson,
Dean,Carlson,Dean Carlson,
Hal,Carlson,Hal Carlson,
Irv,Carlson,Irv Carlson,
Jeff,Carlson,Jeff Carlson,
John,Carlson,John Carlson,
Mark,Carlson,Mark Carlson,
Oke,Carlson,Oke Carlson,
Roy,Carlson,Roy Carlson,
Stephen,Carlson,Stephen Carlson,
Wes,Carlson,Wes Carlson,
Zuck,Carlson,Zuck Carlson,
Darryl,Carlton,Darryl Carlton,
Wray,Carlton,Wray Carlton,
Charlie,Carman,Charlie Carman,
Ed,Carman,Ed Carman,
Jackson,Carman,Jackson Carman,
Jon,Carman,Jon Carman,
Al,Carmichael,Al Carmichael,
Harold,Carmichael+,Harold Carmichael+,
Paul,Carmichael,Paul Carmichael,
Roc,Carmichael,Roc Carmichael,
Ray,Carnelly,Ray Carnelly,
Art,Carney,Art Carney,
Chuck,Carney,Chuck Carney,
John,Carney,John Carney,
Brett,Carolan,Brett Carolan,
Reggie,Carolan,Reggie Carolan,
J.C.,Caroline,J.C. Caroline,
Joe,Carollo,Joe Carollo,
Roger,Caron,Roger Caron,
Don,Carothers,Don Carothers,
Joe,Carpe,Joe Carpe,
Bobby,Carpenter,Bobby Carpenter,
Brian,Carpenter,Brian Carpenter,
Dan,Carpenter,Dan Carpenter,
Dwaine,Carpenter,Dwaine Carpenter,
Jack,Carpenter,Jack Carpenter,
James,Carpenter,James Carpenter,
Keion,Carpenter,Keion Carpenter,
Ken,Carpenter,Ken Carpenter,
Lew,Carpenter,Lew Carpenter,
Preston,Carpenter,Preston Carpenter,
Rob,Carpenter,Rob Carpenter,
Rob,Carpenter,Rob Carpenter,
Ron,Carpenter,Ron Carpenter,
Ron,Carpenter,Ron Carpenter,
Ron,Carpenter,Ron Carpenter,
Rudy,Carpenter,Rudy Carpenter,
Steve,Carpenter,Steve Carpenter,
Tariq,Carpenter,Tariq Carpenter,
Austin,Carr,Austin Carr,
Brandon,Carr,Brandon Carr,
Carl,Carr,Carl Carr,
Charley,Carr,Charley Carr,
Chetti,Carr,Chetti Carr,
Chris,Carr,Chris Carr,
David,Carr,David Carr,
Derek,Carr,Derek Carr,
Deveron,Carr,Deveron Carr,
Earl,Carr,Earl Carr,
Eddie,Carr,Eddie Carr,
Fred,Carr,Fred Carr,
Gregg,Carr,Gregg Carr,
Harlan,Carr,Harlan Carr,
Henry,Carr,Henry Carr,
Jimmy,Carr,Jimmy Carr,
Levert,Carr,Levert Carr,
Lydell,Carr,Lydell Carr,
Paul,Carr,Paul Carr,
Reggie,Carr,Reggie Carr,
Roger,Carr,Roger Carr,
Tom,Carr,Tom Carr,
Tank,Carradine,Tank Carradine,
Josh,Carraway,Josh Carraway,
Alphonso,Carreker,Alphonso Carreker,
Vince,Carreker,Vince Carreker,
Duane,Carrell,Duane Carrell,
John,Carrell,John Carrell,
Ryan,Carrethers,Ryan Carrethers,
T.J.,Carrie,T.J. Carrie,
Derek,Carrier,Derek Carrier,
Mark,Carrier,Mark Carrier,
Mark,Carrier,Mark Carrier,
Adam,Carriker,Adam Carriker,
Alex,Carrington,Alex Carrington,
Darren,Carrington,Darren Carrington,
Ed,Carrington,Ed Carrington,
Paul,Carrington,Paul Carrington,
Russ,Carroccio,Russ Carroccio,
Ahmad,Carroll,Ahmad Carroll,
Bart,Carroll,Bart Carroll,
Bird,Carroll,Bird Carroll,
Gene,Carroll,Gene Carroll,
Herman,Carroll,Herman Carroll,
Jay,Carroll,Jay Carroll,
Jim,Carroll,Jim Carroll,
Joe,Carroll,Joe Carroll,
Leo,Carroll,Leo Carroll,
Nolan,Carroll,Nolan Carroll,
Ronnie,Carroll,Ronnie Carroll,
Travis,Carroll,Travis Carroll,
Victor,Carroll,Victor Carroll,
Wesley,Carroll,Wesley Carroll,
Leonte,Carroo,Leonte Carroo,
Paul,Ott,Paul Ott,
Rae,Carruth,Rae Carruth,
Caelen,Carson,Caelen Carson,
Carlos,Carson,Carlos Carson,
Chris,Carson,Chris Carson,
Glenn,Carson,Glenn Carson,
Harry,Carson+,Harry Carson+,
Howard,Carson,Howard Carson,
John,Carson,John Carson,
Kern,Carson,Kern Carson,
Leonardo,Carson,Leonardo Carson,
Malcolm,Carson,Malcolm Carson,
Tra,Carson,Tra Carson,
Jordan,Carstens,Jordan Carstens,
Dwayne,Carswell,Dwayne Carswell,
Robert,Carswell,Robert Carswell,
Alex,Carter,Alex Carter,
Alex,Carter,Alex Carter,
Allen,Carter,Allen Carter,
Andre,Carter,Andre Carter,
Andre,Carter,Andre Carter,
Anthony,Carter,Anthony Carter,
Bernard,Carter,Bernard Carter,
Blanchard,Carter,Blanchard Carter,
Brandon,Carter,Brandon Carter,
Bruce,Carter,Bruce Carter,
Carl,Carter,Carl Carter,
Cethan,Carter,Cethan Carter,
Chris,Carter,Chris Carter,
Chris,Carter,Chris Carter,
Cris,Carter+,Cris Carter+,
Dale,Carter,Dale Carter,
Daryl,Carter,Daryl Carter,
David,Carter,David Carter,
David,Carter,David Carter,
DeAndre,Carter,DeAndre Carter,
Delone,Carter,Delone Carter,
DeWayne,Carter,DeWayne Carter,
Dexter,Carter,Dexter Carter,
Drew,Carter,Drew Carter,
Dyshod,Carter,Dyshod Carter,
Gerald,Carter,Gerald Carter,
Tyre,Carter,Tyre Carter,
Jalen,Carter,Jalen Carter,
Jamal,Carter,Jamal Carter,
Jason,Carter,Jason Carter,
Jermaine,Carter,Jermaine Carter,
Jerome,Carter,Jerome Carter,
Jim,Carter,Jim Carter,
Jimmie,Carter,Jimmie Carter,
Joe,Carter,Joe Carter,
Joe,Carter,Joe Carter,
Jon,Carter,Jon Carter,
Jonathan,Carter,Jonathan Carter,
Kent,Carter,Kent Carter,
Kerry,Carter,Kerry Carter,
Kevin,Carter,Kevin Carter,
Jana,Carter,Jana Carter,
Kyle,Carter,Kyle Carter,
Lorenzo,Carter,Lorenzo Carter,
Louis,Carter,Louis Carter,
M.L.,Carter,M.L. Carter,
Marty,Carter,Marty Carter,
Michael,Carter,Michael Carter,
Michael,Carter,Michael Carter,
Michael,Carter,Michael Carter,
Mike,Carter,Mike Carter,
Pat,Carter,Pat Carter,
Perry,Carter,Perry Carter,
Quincy,Carter,Quincy Carter,
Quinton,Carter,Quinton Carter,
Rodney,Carter,Rodney Carter,
Roger,Carter,Roger Carter,
Dell,Carter,Dell Carter,
Ross,Carter,Ross Carter,
Rubin,Carter,Rubin Carter,
Russell,Carter,Russell Carter,
Shyheim,Carter,Shyheim Carter,
Steve,Carter,Steve Carter,
T.J.,Carter,T.J. Carter,
T.J.,Carter,T.J. Carter,
Tim,Carter,Tim Carter,
Tim,Carter,Tim Carter,
Todd,Carter,Todd Carter,
Tom,Carter,Tom Carter,
Tony,Carter,Tony Carter,
Tony,Carter,Tony Carter,
Tory,Carter,Tory Carter,
Tyrone,Carter,Tyrone Carter,
Virgil,Carter,Virgil Carter,
Walter,Carter,Walter Carter,
Willie,Carter,Willie Carter,
Zachary,Carter,Zachary Carter,
Jason,Carthen,Jason Carthen,
Milt,Carthens,Milt Carthens,
Maurice,Carthon,Maurice Carthon,
Ran,Carthon,Ran Carthon,
Charlie,Carton,Charlie Carton,
Rock,Cartwright,Rock Cartwright,
Johndale,Carty,Johndale Carty,
Dale,Carver,Dale Carver,
Mel,Carver,Mel Carver,
Shante,Carver,Shante Carver,
Larry,Carwell,Larry Carwell,
Ken,Casanega,Ken Casanega,
Tommy,Casanova,Tommy Casanova,
Rick,Casares,Rick Casares,
Chad,Cascadden,Chad Cascadden,
Ernie,Case,Ernie Case,
Frank,Case,Frank Case,
Pete,Case,Pete Case,
Scott,Case,Scott Case,
Stoney,Case,Stoney Case,
Alvro,Casey,Alvro Casey,
Bernie,Casey,Bernie Casey,
Chance,Casey,Chance Casey,
Eddie,Casey,Eddie Casey,
James,Casey,James Casey,
Jurrell,Casey,Jurrell Casey,
Pete,Casey,Pete Casey,
Tim,Casey,Tim Casey,
Tom,Casey,Tom Casey,
Antoine,Cash,Antoine Cash,
Chris,Cash,Chris Cash,
Jeremy,Cash,Jeremy Cash,
John,Cash,John Cash,
Keith,Cash,Keith Cash,
Kerry,Cash,Kerry Cash,
Rick,Cash,Rick Cash,
Blake,Cashman,Blake Cashman,
Jonathan,Casillas,Jonathan Casillas,
Tony,Casillas,Tony Casillas,
Ken,Casner,Ken Casner,
Antoine,Cason,Antoine Cason,
Aveion,Cason,Aveion Cason,
Jim,Cason,Jim Cason,
Wendell,Cason,Wendell Cason,
Cy,Casper,Cy Casper,
Dave,Casper+,Dave Casper+,
Craig,Cassady,Craig Cassady,
Howard,Cassady,Howard Cassady,
Frank,Cassara,Frank Cassara,
Matt,Cassel,Matt Cassel,
Tom,Cassese,Tom Cassese,
Dick,Cassiano,Dick Cassiano,
Cassidy,,Cassidy ,
Ron,Cassidy,Ron Cassidy,
Walt,Cassidy,Walt Cassidy,
Mike,Casteel,Mike Casteel,
Rich,Caster,Rich Caster,
Jesse,Castete,Jesse Castete,
Jim,Castiglia,Jim Castiglia,
Jeremiah,Castille,Jeremiah Castille,
Simeon,Castille,Simeon Castille,
Tim,Castille,Tim Castille,
Luis,Castillo,Luis Castillo,
Sergio,Castillo,Sergio Castillo,
Eric,Castle,Eric Castle,
Toby,Caston,Toby Caston,
Anthony,Castonzo,Anthony Castonzo,
Chris,Castor,Chris Castor,
Fields,,Fields ,
Tony,Catalano,Tony Catalano,
Tyler,Catalina,Tyler Catalina,
Alcides,Catanho,Alcides Catanho,
Mark,Catano,Mark Catano,
Chandler,Catanzaro,Chandler Catanzaro,
Mike,Catapano,Mike Catapano,
Toney,Catchings,Toney Catchings,
Greg,Cater,Greg Cater,
Mike,Caterbone,Mike Caterbone,
Thomas,Caterbone,Thomas Caterbone,
Royal,Cathcart,Royal Cathcart,
Sam,Cathcart,Sam Cathcart,
Tom,Catlin,Tom Catlin,
Daryl,Cato,Daryl Cato,
Sean,Cattouse,Sean Cattouse,
Jehuu,Caulcrick,Jehuu Caulcrick,
Mike,Caussin,Mike Caussin,
Carmen,Cavalli,Carmen Cavalli,
Matt,Cavanaugh,Matt Cavanaugh,
Ronnie,Caveness,Ronnie Caveness,
Jim,Caver,Jim Caver,
Quinton,Caver,Quinton Caver,
Ben,Cavil,Ben Cavil,
Kwame,Cavil,Kwame Cavil,
Grady,Cavness,Grady Cavness,
John,Cavosie,John Cavosie,
Lowell,Caylor,Lowell Caylor,
Les,Caywood,Les Caywood,
Lloyd,Cearing,Lloyd Cearing,
Curtis,Ceaser,Curtis Ceaser,
Chuck,Cecil,Chuck Cecil,
Jimmy,Cefalo,Jimmy Cefalo,
Brent,Celek,Brent Celek,
Garrett,Celek,Garrett Celek,
Bob,Celeri,Bob Celeri,
Oliver,Celestin,Oliver Celestin,
Mario,Celotto,Mario Celotto,
Tony,Cemore,Tony Cemore,
John,Cenci,John Cenci,
Larry,Centers,Larry Centers,
Frank,Cephous,Frank Cephous,
Joshua,Cephus,Joshua Cephus,
Quintez,Cephus,Quintez Cephus,
Gene,Ceppetelli,Gene Ceppetelli,
Matt,Cercone,Matt Cercone,
Gordy,Ceresino,Gordy Ceresino,
Joe,Cerne,Joe Cerne,
Marq,Cerqua,Marq Cerqua,
Jacques,Cesaire,Jacques Cesaire,
William,Cesare,William Cesare,
Sal,Cesario,Sal Cesario,
Andre,Chachere,Andre Chachere,
Jeff,Chadwick,Jeff Chadwick,
Pat,Chaffey,Pat Chaffey,
Lavon,Chaisson,Lavon Chaisson,
Mike,Chalenski,Mike Chalenski,
George,Chalmers,George Chalmers,
Byron,Chamberlain,Byron Chamberlain,
Chris,Chamberlain,Chris Chamberlain,
Dan,Chamberlain,Dan Chamberlain,
Garth,Chamberlain,Garth Chamberlain,
Frank,Chamberlin,Frank Chamberlin,
Guy,Chamberlin+,Guy Chamberlin+,
Bill,Chambers,Bill Chambers,
Chris,Chambers,Chris Chambers,
Kirk,Chambers,Kirk Chambers,
Rusty,Chambers,Rusty Chambers,
Wally,Chambers,Wally Chambers,
Al,Chamblee,Al Chamblee,
Corey,Chamblin,Corey Chamblin,
Ed,Champagne,Ed Champagne,
Jim,Champion,Jim Champion,
Kam,Chancellor,Kam Chancellor,
Robert,Chancey,Robert Chancey,
Al,Chandler,Al Chandler,
Bob,Chandler,Bob Chandler,
Chris,Chandler,Chris Chandler,
Don,Chandler,Don Chandler,
Edgar,Chandler,Edgar Chandler,
Jeff,Chandler,Jeff Chandler,
Karl,Chandler,Karl Chandler,
Nate,Chandler,Nate Chandler,
Scott,Chandler,Scott Chandler,
Sean,Chandler,Sean Chandler,
Thornton,Chandler,Thornton Chandler,
Ty,Chandler,Ty Chandler,
Wes,Chandler,Wes Chandler,
Lynn,Chandnois,Lynn Chandnois,
Jamar,Chaney,Jamar Chaney,
Roger,Chanoine,Roger Chanoine,
Tom,Chantiles,Tom Chantiles,
Shaun,Chapas,Shaun Chapas,
Clarence,Chapman,Clarence Chapman,
Doug,Chapman,Doug Chapman,
Gil,Chapman,Gil Chapman,
Josh,Chapman,Josh Chapman,
Kory,Chapman,Kory Chapman,
Lamar,Chapman,Lamar Chapman,
Mike,Chapman,Mike Chapman,
Ted,Chapman,Ted Chapman,
Leo,Chappell,Leo Chappell,
Dave,Chapple,Dave Chapple,
Jack,Chapple,Jack Chapple,
Bob,Chappuis,Bob Chappuis,
Dick,Chapura,Dick Chapura,
Zach,Charbonnet,Zach Charbonnet,
DJ,Chark,DJ Chark,
Irvin,Charles,Irvin Charles,
Jamaal,Charles,Jamaal Charles,
John,Charles,John Charles,
Mike,Charles,Mike Charles,
Orson,Charles,Orson Charles,
Saahdiq,Charles,Saahdiq Charles,
Stefan,Charles,Stefan Charles,
Win,Charles,Win Charles,
Jeff,Charleston,Jeff Charleston,
Clifford,Charlton,Clifford Charlton,
Ike,Charlton,Ike Charlton,
Joseph,Charlton,Joseph Charlton,
Taco,Charlton,Taco Charlton,
Carl,Charon,Carl Charon,
Len,Charpier,Len Charpier,
Ben,Chase,Ben Chase,
Marr,Chase,Marr Chase,
Martin,Chase,Martin Chase,
Ralph,Chase,Ralph Chase,
Matt,Chatham,Matt Chatham,
Antonio,Chatman,Antonio Chatman,
Cliff,Chatman,Cliff Chatman,
Elijah,Chatman,Elijah Chatman,
Jesse,Chatman,Jesse Chatman,
Ricky,Chatman,Ricky Chatman,
Laz,Chavez,Laz Chavez,
Eddie,Chavis,Eddie Chavis,
Barney,Chavous,Barney Chavous,
Corey,Chavous,Corey Chavous,
Ernie,Cheatham,Ernie Cheatham,
Lloyd,Cheatham,Lloyd Cheatham,
Coonie,Checkaye,Coonie Checkaye,
Louis,Cheek,Louis Cheek,
Richard,Cheek,Richard Cheek,
Stephen,Cheek,Stephen Cheek,
B.W.,Cheeks,B.W. Cheeks,
Camaron,Cheeseman,Camaron Cheeseman,
Michael,Cheever,Michael Cheever,
Chimdi,Chekwa,Chimdi Chekwa,
Donald,Chelf,Donald Chelf,
Leo,Chenal,Leo Chenal,
Red,Chenoweth,Red Chenoweth,
Claudin,Cherelus,Claudin Cherelus,
Gosder,Cherilus,Gosder Cherilus,
Harold,Cherne,Harold Cherne,
George,Cheroke,George Cheroke,
Bill,Cherry,Bill Cherry,
Deron,Cherry,Deron Cherry,
Ed,Cherry,Ed Cherry,
Rod,Cherry,Rod Cherry,
Mike,Cherry,Mike Cherry,
Raphel,Cherry,Raphel Cherry,
Stan,Cherry,Stan Cherry,
Tony,Cherry,Tony Cherry,
Chuck,Cherundolo,Chuck Cherundolo,
Red,Chesbro,Red Chesbro,
Al,Chesley,Al Chesley,
Anthony,Chesley,Anthony Chesley,
Frank,Chesley,Frank Chesley,
John,Chesley,John Chesley,
Chet,Chesney,Chet Chesney,
George,Chesser,George Chesser,
Jehu,Chesson,Jehu Chesson,
Wes,Chesson,Wes Chesson,
Chris,Chester,Chris Chester,
Larry,Chester,Larry Chester,
Raymond,Chester,Raymond Chester,
Julius,Chestnut,Julius Chestnut,
Joe,Chetti,Joe Chetti,
George,Cheverko,George Cheverko,
Randy,Chevrier,Randy Chevrier,
Jim,Cheyunski,Jim Cheyunski,
Darrin,Chiaverini,Darrin Chiaverini,
John,Chick,John Chick,
Fred,Chicken,Fred Chicken,
John,Chickerneo,John Chickerneo,
Anthony,Chickillo,Anthony Chickillo,
Nick,Chickillo,Nick Chickillo,
Tony,Chickillo,Tony Chickillo,
Bam,Childress,Bam Childress,
Freddie,Childress,Freddie Childress,
Joe,Childress,Joe Childress,
O.J.,Childress,O.J. Childress,
Ray,Childress,Ray Childress,
Clarence,Childs,Clarence Childs,
Henry,Childs,Henry Childs,
Jimmy,Childs,Jimmy Childs,
Ron,Childs,Ron Childs,
Brandon,Chillar,Brandon Chillar,
Gene,Chilton,Gene Chilton,
Jeremy,Chinn,Jeremy Chinn,
Bill,Chipley,Bill Chipley,
John,Chirico,John Chirico,
Dan,Chisena,Dan Chisena,
Andy,Chisick,Andy Chisick,
Ed,Chlebek,Ed Chlebek,
Mark,Chmura,Mark Chmura,
Bob,Choate,Bob Choate,
Putt,Choate,Putt Choate,
Max,Choboian,Max Choboian,
Tashard,Choice,Tashard Choice,
John,Choma,John Choma,
Steve,Chomyszak,Steve Chomyszak,
Jason,Chorak,Jason Chorak,
Dick,Chorovich,Dick Chorovich,
Robbie,Chosen,Robbie Chosen,
Joseph,Chrape,Joseph Chrape,
Wayne,Chrebet,Wayne Chrebet,
Drue,Chrisman,Drue Chrisman,
Brady,Christensen,Brady Christensen,
Erik,Christensen,Erik Christensen,
Frank,Christensen,Frank Christensen,
George,Christensen,George Christensen,
Jeff,Christensen,Jeff Christensen,
Koester,Christensen,Koester Christensen,
Todd,Christensen,Todd Christensen,
Brad,Christenson,Brad Christenson,
Bob,Christian,Bob Christian,
Gerald,Christian,Gerald Christian,
Geron,Christian,Geron Christian,
Marqui,Christian,Marqui Christian,
Bob,Christiansen,Bob Christiansen,
Cole,Christiansen,Cole Christiansen,
Jack,Christiansen+,Jack Christiansen+,
Marty,Christiansen,Marty Christiansen,
Oscar,Christianson,Oscar Christianson,
Steve,Christie,Steve Christie,
Floyd,Christman,Floyd Christman,
Paul,Christman,Paul Christman,
Herb,Christopher,Herb Christopher,
Jim,Christopherson,Jim Christopherson,
Ryan,Christopherson,Ryan Christopherson,
Dick,Christy,Dick Christy,
Earl,Christy,Earl Christy,
Greg,Christy,Greg Christy,
Jeff,Christy,Jeff Christy,
Pete,Chryplewicz,Pete Chryplewicz,
Bradley,Chubb,Bradley Chubb,
Nick,Chubb,Nick Chubb,
Patrick,Chukwurah,Patrick Chukwurah,
Eugene,Chung,Eugene Chung,
Patrick,Chung,Patrick Chung,
Jordan,Chunn,Jordan Chunn,
Barry,Church,Barry Church,
Ricky,Churchman,Ricky Churchman,
Don,Churchwell,Don Churchwell,
Don,Chuy,Don Chuy,
Joe,Cibulas,Joe Cibulas,
Mike,Ciccolella,Mike Ciccolella,
Ben,Ciccone,Ben Ciccone,
Chick,Cichowski,Chick Cichowski,
Tom,Cichowski,Tom Cichowski,
Jack,Cichy,Jack Cichy,
Brad,Cieslak,Brad Cieslak,
Gus,Cifelli,Gus Cifelli,
Bob,Cifers,Bob Cifers,
Ed,Cifers,Ed Cifers,
Ralph,Cindrich,Ralph Cindrich,
Lewis,Cine,Lewis Cine,
Larry,Cipa,Larry Cipa,
Andre,Cisco,Andre Cisco,
Steve,Cisowski,Steve Cisowski,
Vinny,Ciurciu,Vinny Ciurciu,
Frank,Civiletto,Frank Civiletto,
Neil,Clabo,Neil Clabo,
Tyson,Clabo,Tyson Clabo,
Darryl,Clack,Darryl Clack,
Jim,Clack,Jim Clack,
Ryan,Clady,Ryan Clady,
Walt,Clago,Walt Clago,
Chris,Claiborne,Chris Claiborne,
Morris,Claiborne,Morris Claiborne,
Robert,Claiborne,Robert Claiborne,
Frank,Clair,Frank Clair,
Rickey,Claitt,Rickey Claitt,
Jack,Clancy,Jack Clancy,
Kendrick,Clancy,Kendrick Clancy,
Sam,Clancy,Sam Clancy,
Sean,Clancy,Sean Clancy,
Stu,Clancy,Stu Clancy,
Chuck,Clanton,Chuck Clanton,
Sam,Claphan,Sam Claphan,
Will,Clapp,Will Clapp,
Dennis,Claridge,Dennis Claridge,
Travis,Claridge,Travis Claridge,
Al,Clark,Al Clark,
Algy,Clark,Algy Clark,
Allan,Clark,Allan Clark,
Babe,Clark,Babe Clark,
Bernard,Clark,Bernard Clark,
Beryl,Clark,Beryl Clark,
Bill,Clark,Bill Clark,
Bill,Clark,Bill Clark,
Boobie,Clark,Boobie Clark,
Bret,Clark,Bret Clark,
Brian,Clark,Brian Clark,
Brian,Clark,Brian Clark,
Bruce,Clark,Bruce Clark,
Bryan,Clark,Bryan Clark,
Charlie,Clark,Charlie Clark,
Chris,Clark,Chris Clark,
Chuck,Clark,Chuck Clark,
Corey,Clark,Corey Clark,
Dallas,Clark,Dallas Clark,
Damone,Clark,Damone Clark,
Dan,Clark,Dan Clark,
Danny,Clark,Danny Clark,
Darius,Clark,Darius Clark,
Darryl,Clark,Darryl Clark,
Derrick,Clark,Derrick Clark,
Desmond,Clark,Desmond Clark,
Devin,Clark,Devin Clark,
Dexter,Clark,Dexter Clark,
Don,Clark,Don Clark,
Dutch,Clark+,Dutch Clark+,
Dwight,Clark,Dwight Clark,
Ernie,Clark,Ernie Clark,
Frank,Clark,Frank Clark,
Gail,Clark,Gail Clark,
Gary,Clark,Gary Clark,
Greg,Clark,Greg Clark,
Greg,Clark,Greg Clark,
Hal,Clark,Hal Clark,
Herman,Clark,Herman Clark,
Howard,Clark,Howard Clark,
James,Clark,James Clark,
Jeremy,Clark,Jeremy Clark,
Jeremy,Clark,Jeremy Clark,
Jessie,Clark,Jessie Clark,
Jim,Clark,Jim Clark,
Jon,Clark,Jon Clark,
Trel,Clark,Trel Clark,
Kelvin,Clark,Kelvin Clark,
Ken,Clark,Ken Clark,
Ken,Clark,Ken Clark,
Kenny,Clark,Kenny Clark,
Kenny,Clark,Kenny Clark,
Kevin,Clark,Kevin Clark,
Raven,Clark,Raven Clark,
Leroy,Clark,Leroy Clark,
Louis,Clark,Louis Clark,
Mario,Clark,Mario Clark,
Michael,Clark,Michael Clark,
Mike,Clark,Mike Clark,
Mike,Clark,Mike Clark,
Monte,Clark,Monte Clark,
Phil,Clark,Phil Clark,
Pots,Clark,Pots Clark,
Randy,Clark,Randy Clark,
Randy,Clark,Randy Clark,
Reggie,Clark,Reggie Clark,
Rico,Clark,Rico Clark,
Robert,Clark,Robert Clark,
Ryan,Clark,Ryan Clark,
Sedric,Clark,Sedric Clark,
Spark,Clark,Spark Clark,
Steve,Clark,Steve Clark,
Steve,Clark,Steve Clark,
Steve,Clark,Steve Clark,
Torin,Clark,Torin Clark,
Vinnie,Clark,Vinnie Clark,
Wayne,Clark,Wayne Clark,
Wayne,Clark,Wayne Clark,
Willie,Clark,Willie Clark,
Adrien,Clarke,Adrien Clarke,
Frank,Clarke,Frank Clarke,
Fred,Clarke,Fred Clarke,
Hagood,Clarke,Hagood Clarke,
Harry,Clarke,Harry Clarke,
Ken,Clarke,Ken Clarke,
Leon,Clarke,Leon Clarke,
Phil,Clarke,Phil Clarke,
Will,Clarke,Will Clarke,
Bill,Clarkin,Bill Clarkin,
Conrad,Clarks,Conrad Clarks,
Stu,Clarkson,Stu Clarkson,
Jeromey,Clary,Jeromey Clary,
Bob,Clasby,Bob Clasby,
Corwin,Clatt,Corwin Clatt,
Bob,Clatterbuck,Bob Clatterbuck,
Blaine,Clausell,Blaine Clausell,
Jimmy,Clausen,Jimmy Clausen,
Jared,Clauss,Jared Clauss,
Shannon,Clavelle,Shannon Clavelle,
Ben,Claxton,Ben Claxton,
Billy,Clay,Billy Clay,
Boyd,Clay,Boyd Clay,
Charles,Clay,Charles Clay,
Hayward,Clay,Hayward Clay,
John,Clay,John Clay,
John,Clay,John Clay,
Kaelin,Clay,Kaelin Clay,
Ozzie,Clay,Ozzie Clay,
Randy,Clay,Randy Clay,
Roy,Clay,Roy Clay,
Walt,Clay,Walt Clay,
Willie,Clay,Willie Clay,
Adrian,Clayborn,Adrian Clayborn,
Raymond,Clayborn,Raymond Clayborn,
Chris,Claybrooks,Chris Claybrooks,
DeVone,Claybrooks,DeVone Claybrooks,
Felipe,Claybrooks,Felipe Claybrooks,
Chase,Claypool,Chase Claypool,
Ralph,Claypool,Ralph Claypool,
Carey,Clayton,Carey Clayton,
Harvey,Clayton,Harvey Clayton,
Keenan,Clayton,Keenan Clayton,
Mark,Clayton,Mark Clayton,
Mark,Clayton,Mark Clayton,
Michael,Clayton,Michael Clayton,
Ralph,Clayton,Ralph Clayton,
Stan,Clayton,Stan Clayton,
Thomas,Clayton,Thomas Clayton,
Zach,Clayton,Zach Clayton,
Emmett,Cleary,Emmett Cleary,
Paul,Cleary,Paul Cleary,
Cam,Cleeland,Cam Cleeland,
Bob,Clemens,Bob Clemens,
Bob,Clemens,Bob Clemens,
Cal,Clemens,Cal Clemens,
Kellen,Clemens,Kellen Clemens,
Alex,Clement,Alex Clement,
Anthony,Clement,Anthony Clement,
Corey,Clement,Corey Clement,
Henry,Clement,Henry Clement,
Johnny,Clement,Johnny Clement,
Chase,Clements,Chase Clements,
Chuck,Clements,Chuck Clements,
Chunky,Clements,Chunky Clements,
Nate,Clements,Nate Clements,
Tom,Clements,Tom Clements,
Vince,Clements,Vince Clements,
T.J.,Clemmings,T.J. Clemmings,
Charlie,Clemons,Charlie Clemons,
Chris,Clemons,Chris Clemons,
Chris,Clemons,Chris Clemons,
Craig,Clemons,Craig Clemons,
Duane,Clemons,Duane Clemons,
Michael,Clemons,Michael Clemons,
Micheal,Clemons,Micheal Clemons,
Nic,Clemons,Nic Clemons,
Ray,Clemons,Ray Clemons,
Ray,Clemons,Ray Clemons,
Toney,Clemons,Toney Clemons,
Topper,Clemons,Topper Clemons,
Mike,Clendenen,Mike Clendenen,
Ainer,Cleve,Ainer Cleve,
Asante,Cleveland,Asante Cleveland,
Ben,Cleveland,Ben Cleveland,
Ezra,Cleveland,Ezra Cleveland,
Greg,Cleveland,Greg Cleveland,
Tyrie,Cleveland,Tyrie Cleveland,
Sean,Clifford,Sean Clifford,
Chad,Clifton,Chad Clifton,
Gregory,Clifton,Gregory Clifton,
Kyle,Clifton,Kyle Clifton,
Ben,Clime,Ben Clime,
Doug,Cline,Doug Cline,
Jackie,Cline,Jackie Cline,
Kameron,Cline,Kameron Cline,
Ollie,Cline,Ollie Cline,
Tony,Cline,Tony Cline,
Tony,Cline,Tony Cline,
Dextor,Clinkscale,Dextor Clinkscale,
Joey,Clinkscales,Joey Clinkscales,
Charles,Clinton,Charles Clinton,
Dix,,Dix ,
Colin,Cloherty,Colin Cloherty,
Jack,Cloud,Jack Cloud,
Mike,Cloud,Mike Cloud,
Dave,Cloutier,Dave Cloutier,
Herbert,Clow,Herbert Clow,
John,Clowes,John Clowes,
David,Clowney,David Clowney,
Jadeveon,Clowney,Jadeveon Clowney,
Don,Clune,Don Clune,
Tyler,Clutts,Tyler Clutts,
Rich,Coady,Rich Coady,
Rich,Coady,Rich Coady,
John,Coaker,John Coaker,
Dexter,Coakley,Dexter Coakley,
Bert,Coan,Bert Coan,
Ben,Coates,Ben Coates,
Ray,Coates,Ray Coates,
Sammie,Coates,Sammie Coates,
Sherrod,Coates,Sherrod Coates,
Josiah,Coatney,Josiah Coatney,
Daniel,Coats,Daniel Coats,
Alf,Cobb,Alf Cobb,
David,Cobb,David Cobb,
DeAndra,Cobb,DeAndra Cobb,
Garry,Cobb,Garry Cobb,
Marvin,Cobb,Marvin Cobb,
Mike,Cobb,Mike Cobb,
Omari,Cobb,Omari Cobb,
Randall,Cobb,Randall Cobb,
Reggie,Cobb,Reggie Cobb,
Robert,Cobb,Robert Cobb,
Tom,Cobb,Tom Cobb,
Trevor,Cobb,Trevor Cobb,
Lyron,Cobbins,Lyron Cobbins,
Eric,Cobble,Eric Cobble,
Cedric,Cobbs,Cedric Cobbs,
Duffy,Cobbs,Duffy Cobbs,
Patrick,Cobbs,Patrick Cobbs,
R.J.,Cobbs,R.J. Cobbs,
Avon,Cobourne,Avon Cobourne,
Keondre,Coburn,Keondre Coburn,
Colin,Cochart,Colin Cochart,
Antonio,Cochran,Antonio Cochran,
Devin,Cochran,Devin Cochran,
Earl,Cochran,Earl Cochran,
Leon,Cochran,Leon Cochran,
Mark,Cochran,Mark Cochran,
Moose,Cochran,Moose Cochran,
Red,Cochran,Red Cochran,
Jack,Cochrane,Jack Cochrane,
Gene,Cockrell,Gene Cockrell,
Ross,Cockrell,Ross Cockrell,
Don,Cockroft,Don Cockroft,
Jack,Coco,Jack Coco,
Joe,Cocozzo,Joe Cocozzo,
Sherman,Cocroft,Sherman Cocroft,
Ron,Coder,Ron Coder,
Nakia,Codie,Nakia Codie,
Brandon,Codrington,Brandon Codrington,
Bill,Cody,Bill Cody,
Dan,Cody,Dan Cody,
Ed,Cody,Ed Cody,
Mac,Cody,Mac Cody,
Shaun,Cody,Shaun Cody,
Tay,Cody,Tay Cody,
Terrence,Cody,Terrence Cody,
Michael,Coe,Michael Coe,
Rodney,Coe,Rodney Coe,
Stan,Cofall,Stan Cofall,
Joe,Cofer,Joe Cofer,
Mike,Cofer,Mike Cofer,
Mike,Cofer,Mike Cofer,
Glen,Coffee,Glen Coffee,
Pat,Coffee,Pat Coffee,
Donald,Coffey,Donald Coffey,
Junior,Coffey,Junior Coffey,
Ken,Coffey,Ken Coffey,
Wayne,Coffey,Wayne Coffey,
Randy,Coffield,Randy Coffield,
Chase,Coffman,Chase Coffman,
Paul,Coffman,Paul Coffman,
Barry,Cofield,Barry Cofield,
Tim,Cofield,Tim Cofield,
Gail,Cogdill,Gail Cogdill,
George,Coghill,George Coghill,
Abe,Cohen,Abe Cohen,
Dustin,Cohen,Dustin Cohen,
Javion,Cohen,Javion Cohen,
Joe,Cohen,Joe Cohen,
Landon,Cohen,Landon Cohen,
Tarik,Cohen,Tarik Cohen,
Angelo,Coia,Angelo Coia,
Will,Cokeley,Will Cokeley,
Jalen,Coker,Jalen Coker,
Jack,Colahan,Jack Colahan,
Steve,Colavito,Steve Colavito,
Adrian,Colbert,Adrian Colbert,
Danny,Colbert,Danny Colbert,
Darrell,Colbert,Darrell Colbert,
Keary,Colbert,Keary Colbert,
Lewis,Colbert,Lewis Colbert,
Rondy,Colbert,Rondy Colbert,
Daniel,Colchico,Daniel Colchico,
Jim,Colclough,Jim Colclough,
Ricardo,Colclough,Ricardo Colclough,
AJ,Cole,AJ Cole,
Audie,Cole,Audie Cole,
Chris,Cole,Chris Cole,
Colin,Cole,Colin Cole,
Dylan,Cole,Dylan Cole,
Eddie,Cole,Eddie Cole,
Emerson,Cole,Emerson Cole,
Fred,Cole,Fred Cole,
John,Cole,John Cole,
Justin,Cole,Justin Cole,
Keelan,Cole,Keelan Cole,
Larry,Cole,Larry Cole,
Lee,Cole,Lee Cole,
Linzy,Cole,Linzy Cole,
Marquice,Cole,Marquice Cole,
Mason,Cole,Mason Cole,
Matt,Cole,Matt Cole,
Myles,Cole,Myles Cole,
Nick,Cole,Nick Cole,
Pete,Cole,Pete Cole,
Robin,Cole,Robin Cole,
Terry,Cole,Terry Cole,
Trent,Cole,Trent Cole,
Tom,Colella,Tom Colella,
Al,Coleman,Al Coleman,
Alonzo,Coleman,Alonzo Coleman,
Andre,Coleman,Andre Coleman,
Andre,Coleman,Andre Coleman,
Anthony,Coleman,Anthony Coleman,
Antonio,Coleman,Antonio Coleman,
Ben,Coleman,Ben Coleman,
Brandon,Coleman,Brandon Coleman,
Brandon,Coleman,Brandon Coleman,
Charles,Coleman,Charles Coleman,
Chris,Coleman,Chris Coleman,
Clarence,Coleman,Clarence Coleman,
Corey,Coleman,Corey Coleman,
Cosey,Coleman,Cosey Coleman,
Dan,Coleman,Dan Coleman,
Davon,Coleman,Davon Coleman,
Deandre,Coleman,Deandre Coleman,
Dennis,Coleman,Dennis Coleman,
Derrick,Coleman,Derrick Coleman,
DJ,Coleman,DJ Coleman,
Don,Coleman,Don Coleman,
Drew,Coleman,Drew Coleman,
Eric,Coleman,Eric Coleman,
Erik,Coleman,Erik Coleman,
Fred,Coleman,Fred Coleman,
Fred,Coleman,Fred Coleman,
Greg,Coleman,Greg Coleman,
Herb,Coleman,Herb Coleman,
Justin,Coleman,Justin Coleman,
KaRon,Coleman,KaRon Coleman,
Kenyon,Coleman,Kenyon Coleman,
Keo,Coleman,Keo Coleman,
Keon,Coleman,Keon Coleman,
Kurt,Coleman,Kurt Coleman,
Larnel,Coleman,Larnel Coleman,
Lavon,Coleman,Lavon Coleman,
Leonard,Coleman,Leonard Coleman,
Lincoln,Coleman,Lincoln Coleman,
Marco,Coleman,Marco Coleman,
Marcus,Coleman,Marcus Coleman,
Monte,Coleman,Monte Coleman,
Pat,Coleman,Pat Coleman,
Ralph,Coleman,Ralph Coleman,
Roderick,Coleman,Roderick Coleman,
Ronnie,Coleman,Ronnie Coleman,
Shon,Coleman,Shon Coleman,
Sidney,Coleman,Sidney Coleman,
Steve,Coleman,Steve Coleman,
Tevin,Coleman,Tevin Coleman,
Travis,Coleman,Travis Coleman,
Xavier,Coleman,Xavier Coleman,
Laveranues,Coles,Laveranues Coles,
James,Coley,James Coley,
Kevis,Coley,Kevis Coley,
Stacy,Coley,Stacy Coley,
Trevon,Coley,Trevon Coley,
Jake,Colhouer,Jake Colhouer,
Stalin,Colinet,Stalin Colinet,
Daryn,Colledge,Daryn Colledge,
Elmer,Collett,Elmer Collett,
Austin,Collie,Austin Collie,
Bruce,Collie,Bruce Collie,
Bobby,Collier,Bobby Collier,
Chris,Collier,Chris Collier,
Floyd,Collier,Floyd Collier,
Jim,Collier,Jim Collier,
L.J.,Collier,L.J. Collier,
Mike,Collier,Mike Collier,
Reggie,Collier,Reggie Collier,
Richard,Collier,Richard Collier,
Steve,Collier,Steve Collier,
Tim,Collier,Tim Collier,
Alex,Collins,Alex Collins,
Andre,Collins,Andre Collins,
Anthony,Collins,Anthony Collins,
Aviante,Collins,Aviante Collins,
Bill,Collins,Bill Collins,
Bill,Collins,Bill Collins,
Bobby,Collins,Bobby Collins,
Brett,Collins,Brett Collins,
Calvin,Collins,Calvin Collins,
Cameron,Collins,Cameron Collins,
Cecil,Collins,Cecil Collins,
Clarence,Collins,Clarence Collins,
Dwight,Collins,Dwight Collins,
Fabray,Collins,Fabray Collins,
Gary,Collins,Gary Collins,
George,Collins,George Collins,
Gerald,Collins,Gerald Collins,
Glen,Collins,Glen Collins,
Greg,Collins,Greg Collins,
Harry,Collins,Harry Collins,
Jalen,Collins,Jalen Collins,
Jamie,Collins,Jamie Collins,
Javier,Collins,Javier Collins,
Jed,Collins,Jed Collins,
Jerald,Collins,Jerald Collins,
Jerome,Collins,Jerome Collins,
Jim,Collins,Jim Collins,
Kerry,Collins,Kerry Collins,
Kirk,Collins,Kirk Collins,
el,Collins,el Collins,
Landon,Collins,Landon Collins,
Larry,Collins,Larry Collins,
Maliek,Collins,Maliek Collins,
Mark,Collins,Mark Collins,
Mo,Collins,Mo Collins,
Nate,Collins,Nate Collins,
Nick,Collins,Nick Collins,
Nico,Collins,Nico Collins,
Patrick,Collins,Patrick Collins,
Paul,Collins,Paul Collins,
Paul,Collins,Paul Collins,
Ray,Collins,Ray Collins,
Rip,Collins,Rip Collins,
Roosevelt,Collins,Roosevelt Collins,
Ryan,Collins,Ryan Collins,
Shane,Collins,Shane Collins,
Shawn,Collins,Shawn Collins,
Sonny,Collins,Sonny Collins,
Todd,Collins,Todd Collins,
Todd,Collins,Todd Collins,
Tony,Collins,Tony Collins,
Trent,Collins,Trent Collins,
Zaven,Collins,Zaven Collins,
Cris,Collinsworth,Cris Collinsworth,
Ferric,Collons,Ferric Collons,
Doug,Colman,Doug Colman,
Wayne,Colman,Wayne Colman,
Mickey,Colmer,Mickey Colmer,
Don,Colo,Don Colo,
Marc,Colombo,Marc Colombo,
Harry,Colon,Harry Colon,
Willie,Colon,Willie Colon,
Castillo,,Castillo ,
Tony,Colorito,Tony Colorito,
Britton,Colquitt,Britton Colquitt,
Craig,Colquitt,Craig Colquitt,
Dustin,Colquitt,Dustin Colquitt,
Jimmy,Colquitt,Jimmy Colquitt,
Junior,Colson,Junior Colson,
Marques,Colston,Marques Colston,
Tim,Colston,Tim Colston,
Jeff,Colter,Jeff Colter,
Lloyd,Colteryahn,Lloyd Colteryahn,
George,Colton,George Colton,
Aaron,Colvin,Aaron Colvin,
Jim,Colvin,Jim Colvin,
Rosevelt,Colvin,Rosevelt Colvin,
Neal,Colzie,Neal Colzie,
Bill,Combs,Bill Combs,
Chris,Combs,Chris Combs,
Chris,Combs,Chris Combs,
Derek,Combs,Derek Combs,
Darren,Comeaux,Darren Comeaux,
Greg,Comella,Greg Comella,
Hook,Comer,Hook Comer,
Marty,Comer,Marty Comer,
Ulysses,Comier,Ulysses Comier,
John,Cominsky,John Cominsky,
Sanders,Commings,Sanders Commings,
Vince,Commisa,Vince Commisa,
Chuck,Commiskey,Chuck Commiskey,
Irv,Comp,Irv Comp,
Tony,Compagno,Tony Compagno,
Jonathan,Compas,Jonathan Compas,
Chuck,Compton,Chuck Compton,
Dick,Compton,Dick Compton,
Mike,Compton,Mike Compton,
Ogden,Compton,Ogden Compton,
Tom,Compton,Tom Compton,
William,Compton,William Compton,
Ed,Comstock,Ed Comstock,
Rudy,Comstock,Rudy Comstock,
Bill,Conaty,Bill Conaty,
Jack,Concannon,Jack Concannon,
Rick,Concannon,Rick Concannon,
Merl,Condit,Merl Condit,
Jon,Condo,Jon Condo,
Tom,Condon,Tom Condon,
Brannon,Condren,Brannon Condren,
Glen,Condren,Glen Condren,
Fred,Cone,Fred Cone,
Kevin,Cone,Kevin Cone,
Charlie,Conerly,Charlie Conerly,
Mel,Conger,Mel Conger,
Larry,Conjar,Larry Conjar,
Cary,Conklin,Cary Conklin,
Jack,Conklin,Jack Conklin,
Tyler,Conklin,Tyler Conklin,
Bill,Conkright,Bill Conkright,
Shane,Conlan,Shane Conlan,
Gerry,Conlee,Gerry Conlee,
Chris,Conley,Chris Conley,
Gareon,Conley,Gareon Conley,
John,Conley,John Conley,
Steve,Conley,Steve Conley,
Steve,Conley,Steve Conley,
T.J.,Conley,T.J. Conley,
Chris,Conlin,Chris Conlin,
Ray,Conlin,Ray Conlin,
Dick,Conn,Dick Conn,
Tuffy,Conn,Tuffy Conn,
Babe,Connaughton,Babe Connaughton,
Albert,Connell,Albert Connell,
Bill,Connell,Bill Connell,
Mike,Connell,Mike Connell,
Ward,Connell,Ward Connell,
Mike,Connelly,Mike Connelly,
Ryan,Connelly,Ryan Connelly,
Chamarri,Conner,Chamarri Conner,
Clyde,Conner,Clyde Conner,
Darion,Conner,Darion Conner,
James,Conner,James Conner,
John,Conner,John Conner,
Kavell,Conner,Kavell Conner,
Snoop,Conner,Snoop Conner,
Tanner,Conner,Tanner Conner,
Dan,Conners,Dan Conners,
Dan,Connolly,Dan Connolly,
Harry,Connolly,Harry Connolly,
Ted,Connolly,Ted Connolly,
Bill,Connor,Bill Connor,
Dan,Connor,Dan Connor,
Dutch,Connor,Dutch Connor,
George,Connor+,George Connor+,
Ham,Connors,Ham Connors,
Scott,Connot,Scott Connot,
Zuehl,Conoly,Zuehl Conoly,
Frank,Conover,Frank Conover,
Larry,Conover,Larry Conover,
Scott,Conover,Scott Conover,
Sean,Conover,Sean Conover,
Bobby,Joe,Bobby Joe,
Chris,Conrad,Chris Conrad,
J.R.,Conrad,J.R. Conrad,
Marty,Conrad,Marty Conrad,
Matt,Conrath,Matt Conrath,
Sean,Considine,Sean Considine,
Irv,Constantine,Irv Constantine,
Chris,Conte,Chris Conte,
Enio,Conti,Enio Conti,
John,Contoulis,John Contoulis,
Bill,Contz,Bill Contz,
Brett,Conway,Brett Conway,
Curtis,Conway,Curtis Conway,
Dave,Conway,Dave Conway,
Ernie,Conwell,Ernie Conwell,
Joe,Conwell,Joe Conwell,
Jimmy,Conzelman+,Jimmy Conzelman+,
Alex,Cook,Alex Cook,
Anthony,Cook,Anthony Cook,
Bryan,Cook,Bryan Cook,
Charles,Cook,Charles Cook,
Chris,Cook,Chris Cook,
Clair,Cook,Clair Cook,
Connor,Cook,Connor Cook,
Dalvin,Cook,Dalvin Cook,
Damion,Cook,Damion Cook,
Dave,Cook,Dave Cook,
Ed,Cook,Ed Cook,
Emanuel,Cook,Emanuel Cook,
Erik,Cook,Erik Cook,
Fred,Cook,Fred Cook,
Gene,Cook,Gene Cook,
Greg,Cook,Greg Cook,
Jameel,Cook,Jameel Cook,
James,Cook,James Cook,
James,Cook,James Cook,
Jared,Cook,Jared Cook,
Kelly,Cook,Kelly Cook,
Kyle,Cook,Kyle Cook,
Leon,Cook,Leon Cook,
Marv,Cook,Marv Cook,
Rashard,Cook,Rashard Cook,
Ryan,Cook,Ryan Cook,
Ted,Cook,Ted Cook,
Toi,Cook,Toi Cook,
Bill,Cooke,Bill Cooke,
Ed,Cooke,Ed Cooke,
Logan,Cooke,Logan Cooke,
Brandin,Cooks,Brandin Cooks,
Elijah,Cooks,Elijah Cooks,
Johnie,Cooks,Johnie Cooks,
Kerry,Cooks,Kerry Cooks,
Rayford,Cooks,Rayford Cooks,
Terrence,Cooks,Terrence Cooks,
Bob,Coolbaugh,Bob Coolbaugh,
Chris,Cooley,Chris Cooley,
Larry,Coombs,Larry Coombs,
Tom,Coombs,Tom Coombs,
Joe,Coomer,Joe Coomer,
Ty,Coon,Ty Coon,
Mark,Cooney,Mark Cooney,
Nolan,Cooney,Nolan Cooney,
Rob,Coons,Rob Coons,
Travis,Coons,Travis Coons,
Adrian,Cooper,Adrian Cooper,
Amari,Cooper,Amari Cooper,
Andre,Cooper,Andre Cooper,
Bert,Cooper,Bert Cooper,
Bill,Cooper,Bill Cooper,
Bud,Cooper,Bud Cooper,
Bump,Cooper,Bump Cooper,
Chris,Cooper,Chris Cooper,
Deke,Cooper,Deke Cooper,
Earl,Cooper,Earl Cooper,
Edgerrin,Cooper,Edgerrin Cooper,
Evan,Cooper,Evan Cooper,
George,Cooper,George Cooper,
Hal,Cooper,Hal Cooper,
Jarrod,Cooper,Jarrod Cooper,
Jim,Cooper,Jim Cooper,
Jim,Cooper,Jim Cooper,
Joe,Cooper,Joe Cooper,
Jon,Cooper,Jon Cooper,
Jonathan,Cooper,Jonathan Cooper,
Jonathon,Cooper,Jonathon Cooper,
Josh,Cooper,Josh Cooper,
Josh,Cooper,Josh Cooper,
Ken,Cooper,Ken Cooper,
Louis,Cooper,Louis Cooper,
Marcus,Cooper,Marcus Cooper,
Mark,Cooper,Mark Cooper,
Marquis,Cooper,Marquis Cooper,
Norm,Cooper,Norm Cooper,
Pharoh,Cooper,Pharoh Cooper,
Rafael,Cooper,Rafael Cooper,
Reggie,Cooper,Reggie Cooper,
Richard,Cooper,Richard Cooper,
Riley,Cooper,Riley Cooper,
Sam,Cooper,Sam Cooper,
Stephen,Cooper,Stephen Cooper,
Thurlow,Cooper,Thurlow Cooper,
Xavier,Cooper,Xavier Cooper,
Frank,Cope,Frank Cope,
Jim,Cope,Jim Cope,
Anthony,Copeland,Anthony Copeland,
Brandon,Copeland,Brandon Copeland,
Danny,Copeland,Danny Copeland,
Horace,Copeland,Horace Copeland,
Jim,Copeland,Jim Copeland,
John,Copeland,John Copeland,
Marquise,Copeland,Marquise Copeland,
Ron,Copeland,Ron Copeland,
Russell,Copeland,Russell Copeland,
Quinton,Coples,Quinton Coples,
Charlie,Copley,Charlie Copley,
Al,Coppage,Al Coppage,
Gus,Coppens,Gus Coppens,
Terrance,Copper,Terrance Copper,
Austin,Corbett,Austin Corbett,
George,Corbett,George Corbett,
Jim,Corbett,Jim Corbett,
Steve,Corbett,Steve Corbett,
Jashaun,Corbin,Jashaun Corbin,
Don,Corbitt,Don Corbitt,
Tom,Corbo,Tom Corbo,
Bunny,Corcoran,Bunny Corcoran,
Jack,Corcoran,Jack Corcoran,
King,Corcoran,King Corcoran,
Lou,Cordileone,Lou Cordileone,
Olie,Cordill,Olie Cordill,
Ollie,Cordill,Ollie Cordill,
Jim,Cordle,Jim Cordle,
Jorge,Cordova,Jorge Cordova,
Sam,Cordovano,Sam Cordovano,
Cody,Core,Cody Core,
Walt,Corey,Walt Corey,
Chuck,Corgan,Chuck Corgan,
Mike,Corgan,Mike Corgan,
John,Corker,John Corker,
Anthony,Corley,Anthony Corley,
Bert,Corley,Bert Corley,
Chris,Corley,Chris Corley,
Malachi,Corley,Malachi Corley,
Joe,Cormier,Joe Cormier,
Joe,Corn,Joe Corn,
Jerry,Cornelison,Jerry Cornelison,
Charles,Cornelius,Charles Cornelius,
Bo,Cornell,Bo Cornell,
Jack,Cornell,Jack Cornell,
Jashon,Cornell,Jashon Cornell,
Martin,Cornelson,Martin Cornelson,
Reggie,Corner,Reggie Corner,
Paul,Cornick,Paul Cornick,
Frank,Cornish,Frank Cornish,
Frank,Cornish,Frank Cornish,
Al,Cornsweet,Al Cornsweet,
Fred,Cornwell,Fred Cornwell,
Bob,Coronado,Bob Coronado,
Frank,Corral,Frank Corral,
Kamalei,Correa,Kamalei Correa,
Chuck,Correal,Chuck Correal,
Kip,Corrington,Kip Corrington,
Rico,Corsetti,Rico Corsetti,
Chris,Cortemeglia,Chris Cortemeglia,
Julio,Cortes,Julio Cortes,
Bruce,Cortez,Bruce Cortez,
Jose,Cortez,Jose Cortez,
Jon,Corto,Jon Corto,
Blake,Corum,Blake Corum,
Anthony,Corvino,Anthony Corvino,
Quentin,Coryatt,Quentin Coryatt,
Red,Corzine,Red Corzine,
Doug,Cosbie,Doug Cosbie,
Quan,Cosby,Quan Cosby,
Thomas,Cosgrove,Thomas Cosgrove,
Bruce,Coslet,Bruce Coslet,
Samuel,Cosmi,Samuel Cosmi,
Don,Cosner,Don Cosner,
Eric,Coss,Eric Coss,
Dave,Costa,Dave Costa,
Dave,Costa,Dave Costa,
Paul,Costa,Paul Costa,
Phil,Costa,Phil Costa,
Blake,Costanzo,Blake Costanzo,
Brad,Costello,Brad Costello,
Joe,Costello,Joe Costello,
Tom,Costello,Tom Costello,
Vince,Costello,Vince Costello,
Joe,Coster,Joe Coster,
Ray,Costict,Ray Costict,
Doug,Costin,Doug Costin,
Junius,Coston,Junius Coston,
Zed,Coston,Zed Coston,
Chad,Cota,Chad Cota,
Jerricho,Cotchery,Jerricho Cotchery,
Jeff,Cothran,Jeff Cothran,
Paige,Cothren,Paige Cothren,
Mark,Cotney,Mark Cotney,
Brad,Cottam,Brad Cottam,
Barney,Cotton,Barney Cotton,
Craig,Cotton,Craig Cotton,
Fest,Cotton,Fest Cotton,
Forrest,Cotton,Forrest Cotton,
Jeff,Cotton,Jeff Cotton,
Kenyon,Cotton,Kenyon Cotton,
Lester,Cotton,Lester Cotton,
Marcus,Cotton,Marcus Cotton,
Russ,Cotton,Russ Cotton,
Bill,Cottrell,Bill Cottrell,
Dana,Cottrell,Dana Cottrell,
Nathan,Cottrell,Nathan Cottrell,
Ted,Cottrell,Ted Cottrell,
Tim,Couch,Tim Couch,
Carter,Coughlin,Carter Coughlin,
Danny,Coughlin,Danny Coughlin,
Frank,Coughlin,Frank Coughlin,
Isaiah,Coulter,Isaiah Coulter,
Tex,Coulter,Tex Coulter,
Blake,Countess,Blake Countess,
Johnny,Counts,Johnny Counts,
Jerome,Couplin,Jerome Couplin,
Al,Couppee,Al Couppee,
Steve,Courson,Steve Courson,
Gerry,Courtney,Gerry Courtney,
Matt,Courtney,Matt Courtney,
Vince,Courville,Vince Courville,
Terry,Cousin,Terry Cousin,
Tom,Cousineau,Tom Cousineau,
Brad,Cousino,Brad Cousino,
Kirk,Cousins,Kirk Cousins,
Oniel,Cousins,Oniel Cousins,
Keke,Coutee,Keke Coutee,
Larry,Coutre,Larry Coutre,
Brandon,Coutu,Brandon Coutu,
Jimbo,Covert+,Jimbo Covert+,
Britain,Covey,Britain Covey,
Chris,Covington,Chris Covington,
Christian,Covington,Christian Covington,
Damien,Covington,Damien Covington,
Jaime,Covington,Jaime Covington,
John,Covington,John Covington,
Scott,Covington,Scott Covington,
Tony,Covington,Tony Covington,
Bob,Cowan,Bob Cowan,
Charlie,Cowan,Charlie Cowan,
Larry,Cowan,Larry Cowan,
Les,Cowan,Les Cowan,
Rashaad,Coward,Rashaad Coward,
Byron,Cowart,Byron Cowart,
Sam,Cowart,Sam Cowart,
Bill,Cowher+,Bill Cowher+,
Gerry,Cowhig,Gerry Cowhig,
Jacob,Cowing,Jacob Cowing,
Al,Cowlings,Al Cowlings,
John,Cowne,John Cowne,
James,Cowser,James Cowser,
Delbert,Cowsette,Delbert Cowsette,
Aaron,Cox,Aaron Cox,
Arthur,Cox,Arthur Cox,
Billy,Cox,Billy Cox,
Brenton,Cox,Brenton Cox,
Bryan,Cox,Bryan Cox,
Bryan,Cox,Bryan Cox,
Chandler,Cox,Chandler Cox,
Curome,Cox,Curome Cox,
Demetrious,Cox,Demetrious Cox,
Derek,Cox,Derek Cox,
Fletcher,Cox,Fletcher Cox,
Fred,Cox,Fred Cox,
Greg,Cox,Greg Cox,
Jabril,Cox,Jabril Cox,
Jeremy,Cox,Jeremy Cox,
Jim,Cox,Jim Cox,
Jim,Cox,Jim Cox,
Kennard,Cox,Kennard Cox,
Larry,Cox,Larry Cox,
Michael,Cox,Michael Cox,
Mike,Cox,Mike Cox,
Morgan,Cox,Morgan Cox,
Norm,Cox,Norm Cox,
Perrish,Cox,Perrish Cox,
Renard,Cox,Renard Cox,
Ron,Cox,Ron Cox,
Steve,Cox,Steve Cox,
Tom,Cox,Tom Cox,
Torrie,Cox,Torrie Cox,
Brock,Coyle,Brock Coyle,
Eric,Coyle,Eric Coyle,
Ross,Coyle,Ross Coyle,
Tyler,Coyle,Tyler Coyle,
Claude,Crabb,Claude Crabb,
Bob,Crable,Bob Crable,
Shawn,Crable,Shawn Crable,
Clem,Crabtree,Clem Crabtree,
Clyde,Crabtree,Clyde Crabtree,
Eric,Crabtree,Eric Crabtree,
Michael,Crabtree,Michael Crabtree,
Tom,Crabtree,Tom Crabtree,
River,Cracraft,River Cracraft,
Nate,Craddock,Nate Craddock,
Donnie,Craft,Donnie Craft,
Jason,Craft,Jason Craft,
Russ,Craft,Russ Craft,
Jerry,Crafts,Jerry Crafts,
Clark,Craig,Clark Craig,
Dameyune,Craig,Dameyune Craig,
Dobie,Craig,Dobie Craig,
Larry,Craig,Larry Craig,
Neal,Craig,Neal Craig,
Paco,Craig,Paco Craig,
Reggie,Craig,Reggie Craig,
Roger,Craig,Roger Craig,
Steve,Craig,Steve Craig,
Milt,Crain,Milt Crain,
Joe,Crakes,Joe Crakes,
Carl,Cramer,Carl Cramer,
Casey,Cramer,Casey Cramer,
Dennis,Crane,Dennis Crane,
Gary,Crane,Gary Crane,
Paul,Crane,Paul Crane,
Jack,Crangle,Jack Crangle,
Mike,Crangle,Mike Crangle,
Bill,Crass,Bill Crass,
Bill,Craven,Bill Craven,
a,Cravens,a Cravens,
Aaron,Craver,Aaron Craver,
Keyuo,Craver,Keyuo Craver,
Aaron,Crawford,Aaron Crawford,
Bill,Crawford,Bill Crawford,
Casey,Crawford,Casey Crawford,
Charles,Crawford,Charles Crawford,
Denny,Crawford,Denny Crawford,
Derrick,Crawford,Derrick Crawford,
Ed,Crawford,Ed Crawford,
Elbert,Crawford,Elbert Crawford,
Fred,Crawford,Fred Crawford,
Hilton,Crawford,Hilton Crawford,
Jack,Crawford,Jack Crawford,
James,Crawford,James Crawford,
Jim,Crawford,Jim Crawford,
Keith,Crawford,Keith Crawford,
Ken,Crawford,Ken Crawford,
Mike,Crawford,Mike Crawford,
Mike,Crawford,Mike Crawford,
Mush,Crawford,Mush Crawford,
Richard,Crawford,Richard Crawford,
Rufus,Crawford,Rufus Crawford,
Tim,Crawford,Tim Crawford,
Tyrone,Crawford,Tyrone Crawford,
Vernon,Crawford,Vernon Crawford,
Xavier,Crawford,Xavier Crawford,
Ken,Crawley,Ken Crawley,
Dick,Crayne,Dick Crayne,
Patrick,Crayton,Patrick Crayton,
Gabe,Crecion,Gabe Crecion,
Bob,Creech,Bob Creech,
Lou,Creekmur+,Lou Creekmur+,
Bill,Cregar,Bill Cregar,
Milan,Creighton,Milan Creighton,
Ted,Cremer,Ted Cremer,
Carl,Crennel,Carl Crennel,
Leon,Crenshaw,Leon Crenshaw,
Willis,Crenshaw,Willis Crenshaw,
Bobby,Crespino,Bobby Crespino,
Smiley,Creswell,Smiley Creswell,
Ron,Crews,Ron Crews,
Terry,Crews,Terry Crews,
James,Cribbs,James Cribbs,
Joe,Cribbs,Joe Cribbs,
Josh,Cribbs,Josh Cribbs,
Scott,Crichton,Scott Crichton,
Jared,Crick,Jared Crick,
Bernie,Crimmins,Bernie Crimmins,
Juron,Criner,Juron Criner,
Hal,Crisler,Hal Crisler,
Joel,Crisman,Joel Crisman,
Shadwick,Criss,Shadwick Criss,
Cris,Crissy,Cris Crissy,
Chuck,Crist,Chuck Crist,
Jeff,Criswell,Jeff Criswell,
Kirby,Criswell,Kirby Criswell,
Ray,Criswell,Ray Criswell,
Hank,Critchfield,Hank Critchfield,
Larry,Critchfield,Larry Critchfield,
Ken,Criter,Ken Criter,
Ray,Crittenden,Ray Crittenden,
Jack,Crittendon,Jack Crittendon,
Jim,Crocicchia,Jim Crocicchia,
Chris,Crocker,Chris Crocker,
Bobby,Crockett,Bobby Crockett,
Damarea,Crockett,Damarea Crockett,
Henri,Crockett,Henri Crockett,
John,Crockett,John Crockett,
Monte,Crockett,Monte Crockett,
Ray,Crockett,Ray Crockett,
Willis,Crockett,Willis Crockett,
Zack,Crockett,Zack Crockett,
Mike,Croel,Mike Croel,
Abe,Croft,Abe Croft,
Don,Croft,Don Croft,
Lee,Croft,Lee Croft,
Tiny,Croft,Tiny Croft,
Win,Croft,Win Croft,
Don,Croftcheck,Don Croftcheck,
Antonio,Cromartie,Antonio Cromartie,
Marcus,Cromartie,Marcus Cromartie,
Smith,,Smith ,
Nolan,Cromwell,Nolan Cromwell,
Pete,Cronan,Pete Cronan,
Bill,Cronin,Bill Cronin,
Bill,Cronin,Bill Cronin,
Fritz,Cronin,Fritz Cronin,
Gene,Cronin,Gene Cronin,
Jack,Cronin,Jack Cronin,
Jerry,Cronin,Jerry Cronin,
Tommy,Cronin,Tommy Cronin,
Coy,Cronk,Coy Cronk,
Doc,Cronkhite,Doc Cronkhite,
Al,Crook,Al Crook,
Corey,Croom,Corey Croom,
Jason,Croom,Jason Croom,
Larry,Croom,Larry Croom,
Sylvester,Croom,Sylvester Croom,
Chris,Crooms,Chris Crooms,
Marshall,Cropper,Marshall Cropper,
Cleveland,Crosby,Cleveland Crosby,
Clifton,Crosby,Clifton Crosby,
Mason,Crosby,Mason Crosby,
Maxx,Crosby,Maxx Crosby,
Phillip,Crosby,Phillip Crosby,
Ron,Crosby,Ron Crosby,
Steve,Crosby,Steve Crosby,
Tyrell,Crosby,Tyrell Crosby,
Alan,Cross,Alan Cross,
Billy,Cross,Billy Cross,
Bobby,Cross,Bobby Cross,
Charles,Cross,Charles Cross,
Howard,Cross,Howard Cross,
Irv,Cross,Irv Cross,
Jeff,Cross,Jeff Cross,
Justin,Cross,Justin Cross,
Nick,Cross,Nick Cross,
Randy,Cross,Randy Cross,
Dave,Crossan,Dave Crossan,
Keion,Crossen,Keion Crossen,
Leon,Crosswhite,Leon Crosswhite,
Cole,Croston,Cole Croston,
Dave,Croston,Dave Croston,
Jim,Crotty,Jim Crotty,
Billy,Crouch,Billy Crouch,
Terry,Crouch,Terry Crouch,
David,Croudip,David Croudip,
Ray,Crouse,Ray Crouse,
Jake,Crouthamel,Jake Crouthamel,
Al,Crow,Al Crow,
John,David,John David,
Lindon,Crow,Lindon Crow,
Orien,Crow,Orien Crow,
Wayne,Crow,Wayne Crow,
Channing,Crowder,Channing Crowder,
Earl,Crowder,Earl Crowder,
Jamison,Crowder,Jamison Crowder,
Randy,Crowder,Randy Crowder,
Tae,Crowder,Tae Crowder,
Tim,Crowder,Tim Crowder,
Larry,Crowe,Larry Crowe,
Paul,Crowe,Paul Crowe,
Angelo,Crowell,Angelo Crowell,
Germane,Crowell,Germane Crowell,
Isaiah,Crowell,Isaiah Crowell,
Odis,Crowell,Odis Crowell,
Bernie,Crowl,Bernie Crowl,
Jim,Crowley,Jim Crowley,
Joe,Crowley,Joe Crowley,
Rae,Crowther,Rae Crowther,
Saville,Crowther,Saville Crowther,
Brodie,Croyle,Brodie Croyle,
Phil,Croyle,Phil Croyle,
Derrick,Crudup,Derrick Crudup,
Dane,Cruikshank,Dane Cruikshank,
Bob,Crum,Bob Crum,
Frank,Crum,Frank Crum,
Jaden,Crumedy,Jaden Crumedy,
Andrew,Crummey,Andrew Crummey,
Dwayne,Crump,Dwayne Crump,
George,Crump,George Crump,
Harry,Crump,Harry Crump,
Alge,Crumpler,Alge Crumpler,
Carlester,Crumpler,Carlester Crumpler,
Doug,Crusan,Doug Crusan,
Tommy,Crutcher,Tommy Crutcher,
Buddy,Crutchfield,Buddy Crutchfield,
Darrel,Crutchfield,Darrel Crutchfield,
Dwayne,Crutchfield,Dwayne Crutchfield,
Ronnie,Cruz,Ronnie Cruz,
Victor,Cruz,Victor Cruz,
Bob,Cryder,Bob Cryder,
Larry,Csonka+,Larry Csonka+,
Paul,Cuba,Paul Cuba,
Jermelle,Cudjo,Jermelle Cudjo,
Virgil,,Virgil ,
Walt,Cudzik,Walt Cudzik,
Ward,Cuff,Ward Cuff,
Quinton,Culberson,Quinton Culberson,
Jim,Culbreath,Jim Culbreath,
Sean,Culkin,Sean Culkin,
Willie,Cullars,Willie Cullars,
David,Cullen,David Cullen,
Dave,Cullity,Dave Cullity,
Chris,Culliver,Chris Culliver,
Jim,Cullom,Jim Cullom,
Derrick,Cullors,Derrick Cullors,
Curley,Culp+,Curley Culp+,
Devin,Culp,Devin Culp,
Brad,Culpepper,Brad Culpepper,
Daunte,Culpepper,Daunte Culpepper,
Ed,Culpepper,Ed Culpepper,
Willie,Culpepper,Willie Culpepper,
Al,Culver,Al Culver,
Frank,Culver,Frank Culver,
Rodney,Culver,Rodney Culver,
Tyrone,Culver,Tyrone Culver,
Jeff,Cumberland,Jeff Cumberland,
George,Cumby,George Cumby,
Frank,Cumiskey,Frank Cumiskey,
Ed,Cummings,Ed Cummings,
Joe,Cummings,Joe Cummings,
Kenwin,Cummings,Kenwin Cummings,
Mack,Cummings,Mack Cummings,
Billy,Cundiff,Billy Cundiff,
Ernie,Cuneo,Ernie Cuneo,
B.J.,Cunningham,B.J. Cunningham,
Bennie,Cunningham,Bennie Cunningham,
Benny,Cunningham,Benny Cunningham,
Carl,Cunningham,Carl Cunningham,
Cookie,Cunningham,Cookie Cunningham,
Dick,Cunningham,Dick Cunningham,
Doug,Cunningham,Doug Cunningham,
Douglas,Cunningham,Douglas Cunningham,
Ed,Cunningham,Ed Cunningham,
Eric,Cunningham,Eric Cunningham,
Jay,Cunningham,Jay Cunningham,
Jermaine,Cunningham,Jermaine Cunningham,
Jerome,Cunningham,Jerome Cunningham,
Jim,Cunningham,Jim Cunningham,
Justice,Cunningham,Justice Cunningham,
Korey,Cunningham,Korey Cunningham,
Leon,Cunningham,Leon Cunningham,
Malik,Cunningham,Malik Cunningham,
Randall,Cunningham,Randall Cunningham,
Richie,Cunningham,Richie Cunningham,
Rick,Cunningham,Rick Cunningham,
Sam,Cunningham,Sam Cunningham,
T.J.,Cunningham,T.J. Cunningham,
Zach,Cunningham,Zach Cunningham,
Gary,Cuozzo,Gary Cuozzo,
Baylor,Cupp,Baylor Cupp,
Keith,Cupp,Keith Cupp,
Bree,Cuppoletti,Bree Cuppoletti,
Jeff,Curchin,Jeff Curchin,
Tony,Curcillo,Tony Curcillo,
Mike,Curcio,Mike Curcio,
Armand,Cure,Armand Cure,
Will,Cureton,Will Cureton,
Jake,Curhan,Jake Curhan,
Kamren,Curl,Kamren Curl,
August,Curley,August Curley,
Dan,Curley,Dan Curley,
Harry,Curran,Harry Curran,
Pat,Curran,Pat Curran,
Rennie,Curran,Rennie Curran,
William,Curran,William Curran,
Mike,Current,Mike Current,
Airese,Currie,Airese Currie,
Dan,Currie,Dan Currie,
Herschel,Currie,Herschel Currie,
Justin,Currie,Justin Currie,
Bill,Currier,Bill Currier,
Don,Currivan,Don Currivan,
Aaron,Curry,Aaron Curry,
Bill,Curry,Bill Curry,
Buddy,Curry,Buddy Curry,
Clarence,Curry,Clarence Curry,
Craig,Curry,Craig Curry,
DeMarcus,Curry,DeMarcus Curry,
Dominique,Curry,Dominique Curry,
Donte,Curry,Donte Curry,
Eric,Curry,Eric Curry,
Ivory,Curry,Ivory Curry,
Julius,Curry,Julius Curry,
Markus,Curry,Markus Curry,
Ronald,Curry,Ronald Curry,
Roy,Curry,Roy Curry,
Scott,Curry,Scott Curry,
Shane,Curry,Shane Curry,
Vinny,Curry,Vinny Curry,
Don,Curtin,Don Curtin,
Bobby,Curtis,Bobby Curtis,
Canute,Curtis,Canute Curtis,
Isaac,Curtis,Isaac Curtis,
Kevin,Curtis,Kevin Curtis,
McClendon,Curtis,McClendon Curtis,
Mike,Curtis,Mike Curtis,
Scott,Curtis,Scott Curtis,
Tom,Curtis,Tom Curtis,
Tony,Curtis,Tony Curtis,
Travis,Curtis,Travis Curtis,
Harry,Curzon,Harry Curzon,
Lloyd,Cushenberry,Lloyd Cushenberry,
Brian,Cushing,Brian Cushing,
Matt,Cushing,Matt Cushing,
Peter,Cusick,Peter Cusick,
Randy,Cuthbert,Randy Cuthbert,
Harry,Cutler,Harry Cutler,
Jay,Cutler,Jay Cutler,
Jacob,Cutrera,Jacob Cutrera,
Gary,Cutsinger,Gary Cutsinger,
Austin,Cutting,Austin Cutting,
Andy,Cvercko,Andy Cvercko,
Johnathan,Cyprien,Johnathan Cyprien,
Hector,Cyre,Hector Cyre,
Ziggy,Czarobski,Ziggy Czarobski,
Addio,,Addio ,
Agostino,,Agostino ,
Agostino,,Agostino ,
Alonzo,,Alonzo ,
Amato,,Amato ,
Imperio,,Imperio ,
Onofrio,,Onofrio ,
Orazio,,Orazio ,
Jerry,Daanen,Jerry Daanen,
Carlton,Dabney,Carlton Dabney,
Carson,Dach,Carson Dach,
Weston,Dacus,Weston Dacus,
Bill,Daddio,Bill Daddio,
Harrie,Dadmun,Harrie Dadmun,
Ted,Daffer,Ted Daffer,
Bernard,Dafney,Bernard Dafney,
Dominique,Dafney,Dominique Dafney,
Fred,DaGata,Fred DaGata,
Bob,Dahl,Bob Dahl,
Craig,Dahl,Craig Dahl,
Harvey,Dahl,Harvey Dahl,
Joe,Dahl,Joe Dahl,
George,Dahlgren,George Dahlgren,
Tom,Dahms,Tom Dahms,
Anthony,Daigle,Anthony Daigle,
Casey,Dailey,Casey Dailey,
Ted,Dailey,Ted Dailey,
Dave,Dalby,Dave Dalby,
Carroll,Dale,Carroll Dale,
Jeffery,Dale,Jeffery Dale,
Roland,Dale,Roland Dale,
Bill,Daley,Bill Daley,
Dennis,Daley,Dennis Daley,
Ken,Dallafior,Ken Dallafior,
DeeJay,Dallas,DeeJay Dallas,
Dilly,Dally,Dilly Dally,
Chris,Dalman,Chris Dalman,
Drew,Dalman,Drew Dalman,
Slats,Dalrymple,Slats Dalrymple,
Andy,Dalton,Andy Dalton,
Antico,Dalton,Antico Dalton,
Jalen,Dalton,Jalen Dalton,
Lional,Dalton,Lional Dalton,
Moxie,Dalton,Moxie Dalton,
Oakley,Dalton,Oakley Dalton,
Brad,Daluiso,Brad Daluiso,
Scott,Daly,Scott Daly,
Frank,Damiani,Frank Damiani,
Maury,Damkroger,Maury Damkroger,
John,Damore,John Damore,
Boley,Dancewicz,Boley Dancewicz,
Dick,Danehe,Dick Danehe,
Joe,Danelo,Joe Danelo,
Bill,Danenhauer,Bill Danenhauer,
Eldon,Danenhauer,Eldon Danenhauer,
George,Daney,George Daney,
Jordan,Dangerfield,Jordan Dangerfield,
Chase,Daniel,Chase Daniel,
Eugene,Daniel,Eugene Daniel,
Kenny,Daniel,Kenny Daniel,
Robertson,Daniel,Robertson Daniel,
Trevor,Daniel,Trevor Daniel,
Willie,Daniel,Willie Daniel,
Averell,Daniell,Averell Daniell,
Jim,Daniell,Jim Daniell,
B.J.,Daniels,B.J. Daniels,
Calvin,Daniels,Calvin Daniels,
Clem,Daniels,Clem Daniels,
Darrell,Daniels,Darrell Daniels,
Darrion,Daniels,Darrion Daniels,
Dave,Daniels,Dave Daniels,
David,Daniels,David Daniels,
Dexter,Daniels,Dexter Daniels,
Dick,Daniels,Dick Daniels,
Jack,Daniels,Jack Daniels,
James,Daniels,James Daniels,
Jayden,Daniels,Jayden Daniels,
Jerome,Daniels,Jerome Daniels,
Kahzin,Daniels,Kahzin Daniels,
LeShun,Daniels,LeShun Daniels,
LeShun,Daniels,LeShun Daniels,
Matt,Daniels,Matt Daniels,
Mike,Daniels,Mike Daniels,
Owen,Daniels,Owen Daniels,
Phillip,Daniels,Phillip Daniels,
Stanley,Daniels,Stanley Daniels,
Torrance,Daniels,Torrance Daniels,
Travis,Daniels,Travis Daniels,
Gary,Danielson,Gary Danielson,
Ernie,Danjean,Ernie Danjean,
Rick,Danmeier,Rick Danmeier,
Michael,Danna,Michael Danna,
Ed,Danowski,Ed Danowski,
Karlos,Dansby,Karlos Dansby,
Cameron,Dantzler,Cameron Dantzler,
Woodrow,Dantzler,Woodrow Dantzler,
Fred,Danziger,Fred Danziger,
Neno,DaPrato,Neno DaPrato,
Kirby,Dar,Kirby Dar,
Amara,Darboh,Amara Darboh,
Al,Darby,Al Darby,
Byron,Darby,Byron Darby,
Chartric,Darby,Chartric Darby,
Frank,Darby,Frank Darby,
Kenneth,Darby,Kenneth Darby,
Matt,Darby,Matt Darby,
Paul,Darby,Paul Darby,
Ronald,Darby,Ronald Darby,
Phillipe,Darche,Phillipe Darche,
Ramsey,Dardar,Ramsey Dardar,
Jaelon,Darden,Jaelon Darden,
Thom,Darden,Thom Darden,
Tony,Darden,Tony Darden,
Marcell,Dareus,Marcell Dareus,
Trey,Darilek,Trey Darilek,
Donovin,Darius,Donovin Darius,
Chris,Darkins,Chris Darkins,
Orleans,Darkwa,Orleans Darkwa,
Boob,Darling,Boob Darling,
Devard,Darling,Devard Darling,
James,Darling,James Darling,
Bill,Darnall,Bill Darnall,
Sam,Darnold,Sam Darnold,
Phil,Darns,Phil Darns,
Matt,Darr,Matt Darr,
Dan,Darragh,Dan Darragh,
Bernie,Darre,Bernie Darre,
Chris,Darrington,Chris Darrington,
Christian,Darrisaw,Christian Darrisaw,
Barry,Darrow,Barry Darrow,
Matt,Darwin,Matt Darwin,
Dane,Dastillung,Dane Dastillung,
Bob,Daugherty,Bob Daugherty,
Dick,Daugherty,Dick Daugherty,
Ron,Daugherty,Ron Daugherty,
Russ,Daugherty,Russ Daugherty,
Lou,Daukas,Lou Daukas,
Nick,Daukas,Nick Daukas,
Mitch,Daum,Mitch Daum,
Red,Daum,Red Daum,
Charles,Davenport,Charles Davenport,
Joe,Davenport,Joe Davenport,
n,Davenport,n Davenport,
Marcus,Davenport,Marcus Davenport,
Najeh,Davenport,Najeh Davenport,
Ron,Davenport,Ron Davenport,
Wayne,Davenport,Wayne Davenport,
Don,Davey,Don Davey,
Rohan,Davey,Rohan Davey,
Bob,David,Bob David,
Jason,David,Jason David,
Jim,David,Jim David,
Lavonte,David,Lavonte David,
Stan,David,Stan David,
Garrido,,Garrido ,
Ben,Davidson,Ben Davidson,
Bill,Davidson,Bill Davidson,
Chy,Davidson,Chy Davidson,
Cotton,Davidson,Cotton Davidson,
D.J.,Davidson,D.J. Davidson,
Greg,Davidson,Greg Davidson,
James,Davidson,James Davidson,
Jeff,Davidson,Jeff Davidson,
Joe,Davidson,Joe Davidson,
Kenny,Davidson,Kenny Davidson,
Marlon,Davidson,Marlon Davidson,
Pete,Davidson,Pete Davidson,
Zach,Davidson,Zach Davidson,
A.J.,Davis,A.J. Davis,
Akeem,Davis,Akeem Davis,
Andra,Davis,Andra Davis,
Andre,Davis,Andre Davis,
Davis,,Davis ,
Andy,Davis,Andy Davis,
Anthony,Davis,Anthony Davis,
Anthony,Davis,Anthony Davis,
Anthony,Davis,Anthony Davis,
Anthony,Davis,Anthony Davis,
Antone,Davis,Antone Davis,
Art,Davis,Art Davis,
Ashtyn,Davis,Ashtyn Davis,
Austin,Davis,Austin Davis,
Ben,Davis,Ben Davis,
Bill,Davis,Bill Davis,
Billy,Davis,Billy Davis,
Billy,Davis,Billy Davis,
Bob,Davis,Bob Davis,
Bob,Davis,Bob Davis,
Bob,Davis,Bob Davis,
Bob,Davis,Bob Davis,
Brad,Davis,Brad Davis,
Brian,Davis,Brian Davis,
Britt,Davis,Britt Davis,
Bruce,Davis,Bruce Davis,
Bruce,Davis,Bruce Davis,
Bruce,Davis,Bruce Davis,
Buddy,Davis,Buddy Davis,
Buster,Davis,Buster Davis,
Butch,Davis,Butch Davis,
C.J.,Davis,C.J. Davis,
Carey,Davis,Carey Davis,
Carl,Davis,Carl Davis,
Carl,Davis,Carl Davis,
Carlos,Davis,Carlos Davis,
Carlton,Davis,Carlton Davis,
Charles,Davis,Charles Davis,
Charlie,Davis,Charlie Davis,
Chauncey,Davis,Chauncey Davis,
Chris,Davis,Chris Davis,
Chris,Davis,Chris Davis,
Chris,Davis,Chris Davis,
Chris,Davis,Chris Davis,
Chris,Davis,Chris Davis,
Clarence,Davis,Clarence Davis,
Cody,Davis,Cody Davis,
Corby,Davis,Corby Davis,
Corey,Davis,Corey Davis,
Craig,Davis,Craig Davis,
Darrell,Davis,Darrell Davis,
Dave,Davis,Dave Davis,
Davion,Davis,Davion Davis,
Demario,Davis,Demario Davis,
Derius,Davis,Derius Davis,
Dexter,Davis,Dexter Davis,
Dexter,Davis,Dexter Davis,
Dick,Davis,Dick Davis,
Dick,Davis,Dick Davis,
Doc,Davis,Doc Davis,
Domenique,Davis,Domenique Davis,
Dominique,Davis,Dominique Davis,
Don,Davis,Don Davis,
Don,Davis,Don Davis,
Donnie,Davis,Donnie Davis,
Dorsett,Davis,Dorsett Davis,
Doug,Davis,Doug Davis,
Drew,Davis,Drew Davis,
Edward,Davis,Edward Davis,
Elgin,Davis,Elgin Davis,
Eric,Davis,Eric Davis,
Frank,Davis,Frank Davis,
Fred,Davis,Fred Davis,
Fred,Davis,Fred Davis,
Fred,Davis,Fred Davis,
Gabriel,Davis,Gabriel Davis,
Gaines,Davis,Gaines Davis,
Gary,Davis,Gary Davis,
Geremy,Davis,Geremy Davis,
Glenn,Davis,Glenn Davis,
Glenn,Davis,Glenn Davis,
Greg,Davis,Greg Davis,
Hall,Davis,Hall Davis,
Harper,Davis,Harper Davis,
Harrison,Davis,Harrison Davis,
Henry,Davis,Henry Davis,
Herb,Davis,Herb Davis,
Hermit,Davis,Hermit Davis,
Isaac,Davis,Isaac Davis,
Isaiah,Davis,Isaiah Davis,
Gared,Davis,Gared Davis,
Jack,Davis,Jack Davis,
Jack,Davis,Jack Davis,
Jalen,Davis,Jalen Davis,
Jamal,Davis,Jamal Davis,
James,Davis,James Davis,
James,Davis,James Davis,
James,Davis,James Davis,
Jamin,Davis,Jamin Davis,
Jarrad,Davis,Jarrad Davis,
Jason,Davis,Jason Davis,
Javaris,Davis,Javaris Davis,
Jawill,Davis,Jawill Davis,
Jeff,Davis,Jeff Davis,
Jerome,Davis,Jerome Davis,
Jerome,Davis,Jerome Davis,
Jerry,Davis,Jerry Davis,
Jerry,Davis,Jerry Davis,
Jesse,Davis,Jesse Davis,
Jim,Davis,Jim Davis,
Joe,Davis,Joe Davis,
John,Davis,John Davis,
John,Davis,John Davis,
John,Davis,John Davis,
Johnny,Davis,Johnny Davis,
Jordan,Davis,Jordan Davis,
Justin,Davis,Justin Davis,
Kaden,Davis,Kaden Davis,
Kalia,Davis,Kalia Davis,
Kanorris,Davis,Kanorris Davis,
Keionta,Davis,Keionta Davis,
Keith,Davis,Keith Davis,
Kellen,Davis,Kellen Davis,
Kelvin,Davis,Kelvin Davis,
Kenneth,Davis,Kenneth Davis,
Khalil,Davis,Khalil Davis,
Knile,Davis,Knile Davis,
Kyle,Davis,Kyle Davis,
Lamar,Davis,Lamar Davis,
Lee,Davis,Lee Davis,
Leonard,Davis,Leonard Davis,
Lorenzo,Davis,Lorenzo Davis,
Malik,Davis,Malik Davis,
Marvin,Davis,Marvin Davis,
Marvin,Davis,Marvin Davis,
Michael,Davis,Michael Davis,
Mike,Davis,Mike Davis,
Mike,Davis,Mike Davis,
Mike,Davis,Mike Davis,
Milt,Davis,Milt Davis,
Nate,Davis,Nate Davis,
Nathan,Davis,Nathan Davis,
Nick,Davis,Nick Davis,
Norman,Davis,Norman Davis,
Oliver,Davis,Oliver Davis,
Pahl,Davis,Pahl Davis,
Paschall,Davis,Paschall Davis,
Paul,Davis,Paul Davis,
Paul,Davis,Paul Davis,
Pernell,Davis,Pernell Davis,
Preston,Davis,Preston Davis,
Raekwon,Davis,Raekwon Davis,
Ralph,Davis,Ralph Davis,
Rashard,Davis,Rashard Davis,
Rashied,Davis,Rashied Davis,
Ray,Davis,Ray Davis,
Ray,Davis,Ray Davis,
Red,Davis,Red Davis,
Reggie,Davis,Reggie Davis,
Reuben,Davis,Reuben Davis,
Ricky,Davis,Ricky Davis,
Rob,Davis,Rob Davis,
Robert,Davis,Robert Davis,
Rod,Davis,Rod Davis,
Roger,Davis,Roger Davis,
Ron,Davis,Ron Davis,
Ron,Davis,Ron Davis,
Rosey,Davis,Rosey Davis,
Russell,Davis,Russell Davis,
Russell,Davis,Russell Davis,
Ryan,Davis,Ryan Davis,
Sam,Davis,Sam Davis,
Sammy,Davis,Sammy Davis,
Scott,Davis,Scott Davis,
Scott,Davis,Scott Davis,
Sean,Davis,Sean Davis,
Shawn,Davis,Shawn Davis,
Shockmain,Davis,Shockmain Davis,
Sonny,Davis,Sonny Davis,
Sonny,Davis,Sonny Davis,
Stan,Davis,Stan Davis,
Stephen,Davis,Stephen Davis,
Steve,Davis,Steve Davis,
Tae,Davis,Tae Davis,
Ted,Davis,Ted Davis,
Terrell,Davis+,Terrell Davis+,
Thabiti,Davis,Thabiti Davis,
Thomas,Davis,Thomas Davis,
Todd,Davis,Todd Davis,
Tommy,Davis,Tommy Davis,
Tony,Davis,Tony Davis,
Travis,Davis,Travis Davis,
Travis,Davis,Travis Davis,
Trevor,Davis,Trevor Davis,
Troy,Davis,Troy Davis,
Troy,Davis,Troy Davis,
Tyler,Davis,Tyler Davis,
Tyler,Davis,Tyler Davis,
Tyree,Davis,Tyree Davis,
Tyrone,Davis,Tyrone Davis,
Tyrone,Davis,Tyrone Davis,
Van,Davis,Van Davis,
Vern,Davis,Vern Davis,
Vernon,Davis,Vernon Davis,
Vontae,Davis,Vontae Davis,
Wayne,Davis,Wayne Davis,
Wayne,Davis,Wayne Davis,
Wendell,Davis,Wendell Davis,
Wendell,Davis,Wendell Davis,
Wendell,Davis,Wendell Davis,
Will,Davis,Will Davis,
Will,Davis,Will Davis,
Willie,Davis+,Willie Davis+,
Willie,Davis,Willie Davis,
Wyatt,Davis,Wyatt Davis,
Zola,Davis,Zola Davis,
Gaither,,Gaither ,
Price,,Price ,
Andrew,Davison,Andrew Davison,
Jerone,Davison,Jerone Davison,
Tyeler,Davison,Tyeler Davison,
Mike,Davlin,Mike Davlin,
Brian,Dawkins+,Brian Dawkins+,
Dale,Dawkins,Dale Dawkins,
Dalyn,Dawkins,Dalyn Dawkins,
Dion,Dawkins,Dion Dawkins,
Everett,Dawkins,Everett Dawkins,
Joe,Dawkins,Joe Dawkins,
Julius,Dawkins,Julius Dawkins,
Noah,Dawkins,Noah Dawkins,
Sean,Dawkins,Sean Dawkins,
Tommy,Dawkins,Tommy Dawkins,
Fred,Dawley,Fred Dawley,
Lawrence,Dawsey,Lawrence Dawsey,
Stacey,Dawsey,Stacey Dawsey,
Bill,Dawson,Bill Dawson,
Clifton,Dawson,Clifton Dawson,
Dale,Dawson,Dale Dawson,
Dermontti,Dawson+,Dermontti Dawson+,
Doug,Dawson,Doug Dawson,
Duke,Dawson,Duke Dawson,
Gib,Dawson,Gib Dawson,
JaJuan,Dawson,JaJuan Dawson,
Keyunta,Dawson,Keyunta Dawson,
Lake,Dawson,Lake Dawson,
Len,Dawson+,Len Dawson+,
Lin,Dawson,Lin Dawson,
Mike,Dawson,Mike Dawson,
Paul,Dawson,Paul Dawson,
Phil,Dawson,Phil Dawson,
Rhett,Dawson,Rhett Dawson,
Skye,Dawson,Skye Dawson,
Al,Day,Al Day,
Eagle,Day,Eagle Day,
Fred,Day,Fred Day,
Sheldon,Day,Sheldon Day,
Terry,Day,Terry Day,
Tom,Day,Tom Day,
Matthew,Dayes,Matthew Dayes,
Harry,Dayhoff,Harry Dayhoff,
Tony,Daykin,Tony Daykin,
Ron,Dayne,Ron Dayne,
Brian,De,Brian De,Puente
Divine,Deablo,Divine Deablo,
Brandon,Deaderick,Brandon Deaderick,
Rufus,Deal,Rufus Deal,
Floyd,Dean,Floyd Dean,
Fred,Dean+,Fred Dean+,
Fred,Dean,Fred Dean,
Hal,Dean,Hal Dean,
Jamel,Dean,Jamel Dean,
Jimmy,Dean,Jimmy Dean,
Kevin,Dean,Kevin Dean,
Larry,Dean,Larry Dean,
Nakobe,Dean,Nakobe Dean,
Randy,Dean,Randy Dean,
Ted,Dean,Ted Dean,
Tom,Dean,Tom Dean,
Vernon,Dean,Vernon Dean,
Walter,Dean,Walter Dean,
James,Dearth,James Dearth,
Kiki,DeAyala,Kiki DeAyala,
Donte,Deayon,Donte Deayon,
Steve,DeBerg,Steve DeBerg,
Fred,DeBernardi,Fred DeBernardi,
Case,deBruijn,Case deBruijn,
Nick,DeCarbo,Nick DeCarbo,
Art,DeCarlo,Art DeCarlo,
David,DeCastro,David DeCastro,
Dom,DeCicco,Dom DeCicco,
Eric,Decker,Eric Decker,
Taylor,Decker,Taylor Decker,
Evan,Deckers,Evan Deckers,
Frank,DeClerk,Frank DeClerk,
Billy,deCorrevont,Billy deCorrevont,
Thomas,DeCoud,Thomas DeCoud,
Treston,Decoud,Treston Decoud,
Austin,Deculus,Austin Deculus,
Justin,Dedich,Justin Dedich,
Bob,Dee,Bob Dee,
Donnie,Dee,Donnie Dee,
Don,Deeks,Don Deeks,
Branson,Deen,Branson Deen,
Dick,Deer,Dick Deer,
Bob,Dees,Bob Dees,
Derrick,Deese,Derrick Deese,
Nick,DeFelice,Nick DeFelice,
Lou,DeFilippo,Lou DeFilippo,
Joe,DeForest,Joe DeForest,
Chris,DeFrance,Chris DeFrance,
Bob,DeFruiter,Bob DeFruiter,
Chris,DeGeare,Chris DeGeare,
Dick,Degen,Dick Degen,
Allen,DeGraffenreid,Allen DeGraffenreid,
Allen,DeGraffenreid,Allen DeGraffenreid,
Tony,Degrate,Tony Degrate,
Cy,DeGree,Cy DeGree,
Jack,DeGrenier,Jack DeGrenier,
Josiah,Deguara,Josiah Deguara,
Art,Deibel,Art Deibel,
Michael,Deiter,Michael Deiter,
Cooper,DeJean,Cooper DeJean,
Charles,DeJurnett,Charles DeJurnett,
Al,Dekdebrun,Al Dekdebrun,
John,Dekker,John Dekker,
Paul,Dekker,Paul Dekker,
Jack,Del,Jack Del,
Jim,Del,Jim Del,
Al,Del,Al Del,
Jack,Del,Jack Del,
Ryan,Delaire,Ryan Delaire,
Joe,DeLamielleure+,Joe DeLamielleure+,
Dee,Delaney,Dee Delaney,
Jeff,Delaney,Jeff Delaney,
Joe,Delaney,Joe Delaney,
Daroll,DeLaPorte,Daroll DeLaPorte,
Bob,deLauer,Bob deLauer,
Burt,Delavan,Burt Delavan,
Tom,DeLeone,Tom DeLeone,
Jake,Delhomme,Jake Delhomme,
Steve,DeLine,Steve DeLine,
Jim,DeLisle,Jim DeLisle,
Tank,Dell,Tank Dell,
Johnny,Dell,Johnny Dell,
Jeff,Dellenbach,Jeff Dellenbach,
Spiro,Dellerba,Spiro Dellerba,
Larry,Dellinger,Larry Dellinger,
Louis,Delmas,Louis Delmas,
Jerry,DeLoach,Jerry DeLoach,
Ralph,DeLoach,Ralph DeLoach,
Curtis,DeLoatch,Curtis DeLoatch,
Greg,DeLong,Greg DeLong,
Keith,DeLong,Keith DeLong,
Steve,DeLong,Steve DeLong,
Jack,Deloplaine,Jack Deloplaine,
Robert,Delpino,Robert Delpino,
Grant,Delpit,Grant Delpit,
Ben,DeLuca,Ben DeLuca,
Nick,DeLuca,Nick DeLuca,
Sam,DeLuca,Sam DeLuca,
Tony,DeLuca,Tony DeLuca,
Jerry,DeLucca,Jerry DeLucca,
Al,DeMao,Al DeMao,
Enoch,DeMar,Enoch DeMar,
Bob,DeMarco,Bob DeMarco,
Brian,DeMarco,Brian DeMarco,
Mario,DeMarco,Mario DeMarco,
Chris,Demaree,Chris Demaree,
John,Demarie,John Demarie,
George,Demas,George Demas,
Jamil,Demby,Jamil Demby,
Kenny,Demens,Kenny Demens,
Emari,Demercado,Emari Demercado,
Calvin,Demery,Calvin Demery,
George,Demko,George Demko,
John,Demmy,John Demmy,
Bill,Demory,Bill Demory,
Bob,DeMoss,Bob DeMoss,
Jeff,Demps,Jeff Demps,
Quintin,Demps,Quintin Demps,
Will,Demps,Will Demps,
Frank,Dempsey,Frank Dempsey,
Jack,Dempsey,Jack Dempsey,
Tom,Dempsey,Tom Dempsey,
Rick,DeMulling,Rick DeMulling,
Vern,Den,Vern Den,
Trevor,Denbow,Trevor Denbow,
Patrick,Dendy,Patrick Dendy,
Fred,Denfeld,Fred Denfeld,
Anthony,Denham,Anthony Denham,
Anthony,Denman,Anthony Denman,
Alfonzo,Dennard,Alfonzo Dennard,
Darqueze,Dennard,Darqueze Dennard,
Mark,Dennard,Mark Dennard,
Preston,Dennard,Preston Dennard,
Jerry,Dennerlein,Jerry Dennerlein,
Mike,Dennery,Mike Dennery,
Vince,Dennery,Vince Dennery,
Austin,Denney,Austin Denney,
John,Denney,John Denney,
Ryan,Denney,Ryan Denney,
Al,Dennis,Al Dennis,
Guy,Dennis,Guy Dennis,
Mark,Dennis,Mark Dennis,
Mike,Dennis,Mike Dennis,
Mike,Dennis,Mike Dennis,
Pat,Dennis,Pat Dennis,
SirVocea,Dennis,SirVocea Dennis,
Doug,Dennison,Doug Dennison,
Glenn,Dennison,Glenn Dennison,
Rick,Dennison,Rick Dennison,
Earl,Denny,Earl Denny,
Al,Denson,Al Denson,
Autry,Denson,Autry Denson,
Damon,Denson,Damon Denson,
Keith,Denson,Keith Denson,
Moses,Denson,Moses Denson,
Akeem,Dent,Akeem Dent,
Burnell,Dent,Burnell Dent,
Richard,Dent+,Richard Dent+,
Bob,Denton,Bob Denton,
Tim,Denton,Tim Denton,
Winnie,Denton,Winnie Denton,
John,Denvir,John Denvir,
Steve,DeOssie,Steve DeOssie,
Zak,DeOssie,Zak DeOssie,
Andrew,DePaola,Andrew DePaola,
Carmine,DePascal,Carmine DePascal,
Tom,DePaso,Tom DePaso,
Henry,DePaul,Henry DePaul,
Jack,Depler,Jack Depler,
John,Depner,John Depner,
Jerry,DePoyster,Jerry DePoyster,
Lee,DeRamus,Lee DeRamus,
Jimmy,DeRatt,Jimmy DeRatt,
A.J.,Derby,A.J. Derby,
Dean,Derby,Dean Derby,
Glenn,Derby,Glenn Derby,
John,Derby,John Derby,
Dan,Dercher,Dan Dercher,
Art,Deremer,Art Deremer,
Fred,DeRiggi,Fred DeRiggi,
Robert,Derleth,Robert Derleth,
Al,DeRogatis,Al DeRogatis,
Brian,DeRoo,Brian DeRoo,
Dan,DeRose,Dan DeRose,
Ben,Derr,Ben Derr,
Paul,Des,Paul Des,
Dan,DeSantis,Dan DeSantis,
Dick,Deschaine,Dick Deschaine,
Chuck,DeShane,Chuck DeShane,
Pierre,Desir,Pierre Desir,
Versil,Deskin,Versil Deskin,
Don,Deskins,Don Deskins,
Darrell,Dess,Darrell Dess,
Fred,DeStefano,Fred DeStefano,
Wayne,DeSutter,Wayne DeSutter,
Harold,Deters,Harold Deters,
Koy,Detmer,Koy Detmer,
Ty,Detmer,Ty Detmer,
Chuck,Detwiler,Chuck Detwiler,
John,Detwiler,John Detwiler,
Seth,Devalve,Seth Devalve,
Kyle,DeVan,Kyle DeVan,
Dennis,DeVaughn,Dennis DeVaughn,
James,Develin,James Develin,
Jordan,Devey,Jordan Devey,
Kevin,Devine,Kevin Devine,
Rob,DeVita,Rob DeVita,
Mike,DeVito,Mike DeVito,
Tommy,DeVito,Tommy DeVito,
Chuck,DeVleigher,Chuck DeVleigher,
Chris,Devlin,Chris Devlin,
Joe,Devlin,Joe Devlin,
Mark,Devlin,Mark Devlin,
Mike,Devlin,Mike Devlin,
Todd,Devoe,Todd Devoe,
Tyson,DeVree,Tyson DeVree,
Jared,DeVries,Jared DeVries,
Jed,DeVries,Jed DeVries,
Jim,Dewar,Jim Dewar,
Ebby,DeWeese,Ebby DeWeese,
Billy,Dewell,Billy Dewell,
Herb,DeWitz,Herb DeWitz,
Rufe,DeWitz,Rufe DeWitz,
Willard,Dewveall,Willard Dewveall,
Gervon,Dexter,Gervon Dexter,
James,Dexter,James Dexter,
Mohamoud,Diabate,Mohamoud Diabate,
YaYa,Diaby,YaYa Diaby,
Alan,Dial,Alan Dial,
Benjy,Dial,Benjy Dial,
Buddy,Dial,Buddy Dial,
Marcellas,Dial,Marcellas Dial,
Quinton,Dial,Quinton Dial,
Bill,Diamond,Bill Diamond,
Charley,Diamond,Charley Diamond,
Lorenzo,Diamond,Lorenzo Diamond,
Rich,Diana,Rich Diana,
Jorge,Diaz,Jorge Diaz,
Infante,,Infante ,
John,Dibb,John Dibb,
Dorne,Dibble,Dorne Dibble,
Rick,DiBernardo,Rick DiBernardo,
Jim,Dick,Jim Dick,
Dan,Dickel,Dan Dickel,
Cameron,Dicker,Cameron Dicker,
Andy,Dickerson,Andy Dickerson,
Anthony,Dickerson,Anthony Dickerson,
Dorin,Dickerson,Dorin Dickerson,
Eric,Dickerson+,Eric Dickerson+,
Garrett,Dickerson,Garrett Dickerson,
Kori,Dickerson,Kori Dickerson,
Landon,Dickerson,Landon Dickerson,
Matt,Dickerson,Matt Dickerson,
Ron,Dickerson,Ron Dickerson,
Charlie,Dickey,Charlie Dickey,
Curtis,Dickey,Curtis Dickey,
Eldridge,Dickey,Eldridge Dickey,
Lynn,Dickey,Lynn Dickey,
Wallace,Dickey,Wallace Dickey,
Bo,Dickinson,Bo Dickinson,
Parnell,Dickinson,Parnell Dickinson,
Tom,Dickinson,Tom Dickinson,
Ed,Dickson,Ed Dickson,
Michael,Dickson,Michael Dickson,
Paul,Dickson,Paul Dickson,
Chuck,Dicus,Chuck Dicus,
Clint,Didier,Clint Didier,
Mark,Didio,Mark Didio,
John,Didion,John Didion,
Dahrran,Diedrick,Dahrran Diedrick,
Charlie,Diehl,Charlie Diehl,
Dave,Diehl,Dave Diehl,
David,Diehl,David Diehl,
John,Diehl,John Diehl,
Wally,Diehl,Wally Diehl,
Doug,Dieken,Doug Dieken,
Kris,Dielman,Kris Dielman,
Ryan,Diem,Ryan Diem,
Dan,Dierdorf+,Dan Dierdorf+,
Scott,Dierking,Scott Dierking,
Gehrig,Dieter,Gehrig Dieter,
Herb,Dieter,Herb Dieter,
Chris,Dieterich,Chris Dieterich,
Smith,,Smith ,
John,Diettrich,John Diettrich,
Dave,diFilippo,Dave diFilippo,
il,Diggs,il Diggs,
Quandre,Diggs,Quandre Diggs,
Shelton,Diggs,Shelton Diggs,
Stefon,Diggs,Stefon Diggs,
Trevon,Diggs,Trevon Diggs,
Curt,DiGiacomo,Curt DiGiacomo,
John,DiGiorgio,John DiGiorgio,
Bernie,Digris,Bernie Digris,
Christian,DiLauro,Christian DiLauro,
Zach,Diles,Zach Diles,
Trent,Dilfer,Trent Dilfer,
Ken,Dilger,Ken Dilger,
Scott,Dill,Scott Dill,
Ellis,Dillahunt,Ellis Dillahunt,
Andre,Dillard,Andre Dillard,
Jarett,Dillard,Jarett Dillard,
Phillip,Dillard,Phillip Dillard,
Stacey,Dillard,Stacey Dillard,
AJ,Dillon,AJ Dillon,
Bobby,Dillon+,Bobby Dillon+,
Brandon,Dillon,Brandon Dillon,
Corey,Dillon,Corey Dillon,
K.J.,Dillon,K.J. Dillon,
Terry,Dillon,Terry Dillon,
Steve,Dils,Steve Dils,
Bucky,Dilts,Bucky Dilts,
Anthony,Dilweg,Anthony Dilweg,
Lavvie,Dilweg,Lavvie Dilweg,
Jayson,DiManche,Jayson DiManche,
Babe,Dimancheff,Babe Dimancheff,
Patrick,DiMarco,Patrick DiMarco,
Tony,DiMidio,Tony DiMidio,
Tom,Dimitroff,Tom Dimitroff,
Rich,Dimler,Rich Dimler,
Don,Dimmick,Don Dimmick,
Tom,Dimmick,Tom Dimmick,
Charles,Dimry,Charles Dimry,
Victor,Dimukeje,Victor Dimukeje,
Gennaro,DiNapoli,Gennaro DiNapoli,
Adrian,Dingle,Adrian Dingle,
Antonio,Dingle,Antonio Dingle,
Mike,Dingle,Mike Dingle,
Nate,Dingle,Nate Dingle,
Tom,Dinkel,Tom Dinkel,
Darnell,Dinkins,Darnell Dinkins,
Howard,Dinkins,Howard Dinkins,
Ben,DiNucci,Ben DiNucci,
Terry,Dion,Terry Dion,
Jerry,Diorio,Jerry Diorio,
Ray,DiPierro,Ray DiPierro,
Johnnie,Dirden,Johnnie Dirden,
Fred,DiRenzo,Fred DiRenzo,
J.D.,DiRenzo,J.D. DiRenzo,
Robert,DiRico,Robert DiRico,
Mike,Dirks,Mike Dirks,
Tony,Discenzo,Tony Discenzo,
Leo,Disend,Leo Disend,
Chris,Dishman,Chris Dishman,
Cris,Dishman,Cris Dishman,
Will,Dissly,Will Dissly,
Mike,Ditka+,Mike Ditka+,
John,Dittrich,John Dittrich,
Lamar,Divens,Lamar Divens,
Joe,DiVito,Joe DiVito,
Ahmad,Dixon,Ahmad Dixon,
Al,Dixon,Al Dixon,
Andre,Dixon,Andre Dixon,
Anthony,Dixon,Anthony Dixon,
Antonio,Dixon,Antonio Dixon,
Brandon,Dixon,Brandon Dixon,
Brian,Dixon,Brian Dixon,
Cal,Dixon,Cal Dixon,
David,Dixon,David Dixon,
Shaan,Dixon,Shaan Dixon,
Dennis,Dixon,Dennis Dixon,
Dwayne,Dixon,Dwayne Dixon,
Ernest,Dixon,Ernest Dixon,
Floyd,Dixon,Floyd Dixon,
Gerald,Dixon,Gerald Dixon,
Hanford,Dixon,Hanford Dixon,
Hewritt,Dixon,Hewritt Dixon,
James,Dixon,James Dixon,
Joe,Dixon,Joe Dixon,
Kenneth,Dixon,Kenneth Dixon,
Marcus,Dixon,Marcus Dixon,
Mark,Dixon,Mark Dixon,
Randy,Dixon,Randy Dixon,
Rich,Dixon,Rich Dixon,
Rickey,Dixon,Rickey Dixon,
Riley,Dixon,Riley Dixon,
Ron,Dixon,Ron Dixon,
Ronnie,Dixon,Ronnie Dixon,
Titus,Dixon,Titus Dixon,
Tony,Dixon,Tony Dixon,
Travell,Dixon,Travell Dixon,
Zachary,Dixon,Zachary Dixon,
Jordon,Dizon,Jordon Dizon,
Dinger,Doane,Dinger Doane,
Herb,Dobbins,Herb Dobbins,
J.K.,Dobbins,J.K. Dobbins,
Oliver,Dobbins,Oliver Dobbins,
Tim,Dobbins,Tim Dobbins,
Demarcus,Dobbs,Demarcus Dobbs,
Glenn,Dobbs,Glenn Dobbs,
Joshua,Dobbs,Joshua Dobbs,
Dick,Dobeleit,Dick Dobeleit,
Bob,Dobelstein,Bob Dobelstein,
Conrad,Dobler,Conrad Dobler,
Emil,Dobry,Emil Dobry,
Aaron,Dobson,Aaron Dobson,
Derrick,Dockery,Derrick Dockery,
James,Dockery,James Dockery,
John,Dockery,John Dockery,
Kevin,Dockery,Kevin Dockery,
Darnell,Dockett,Darnell Dockett,
Josh,Doctson,Josh Doctson,
Al,Dodd,Al Dodd,
Kevin,Dodd,Kevin Dodd,
Dedrick,Dodge,Dedrick Dodge,
Kirk,Dodge,Kirk Dodge,
Matt,Dodge,Matt Dodge,
Dale,Dodrill,Dale Dodrill,
Les,Dodson,Les Dodson,
Tyrel,Dodson,Tyrel Dodson,
John,Doehring,John Doehring,
Sonny,Doell,Sonny Doell,
Fred,Doelling,Fred Doelling,
Jerry,Doerger,Jerry Doerger,
Chris,Doering,Chris Doering,
Jason,Doering,Jason Doering,
Michael,Dogbe,Michael Dogbe,
Kevin,Dogins,Kevin Dogins,
George,Doherty,George Doherty,
Mel,Doherty,Mel Doherty,
Tom,Dohring,Tom Dohring,
Steve,Doig,Steve Doig,
Phil,Dokes,Phil Dokes,
Cliff,Dolaway,Cliff Dolaway,
Jack,Dolbin,Jack Dolbin,
Chris,Doleman+,Chris Doleman+,
Don,Doll,Don Doll,
Tony,Dollinger,Tony Dollinger,
Dick,Dolly,Dick Dolly,
JoJo,Domann,JoJo Domann,
Paul,Dombroski,Paul Dombroski,
Brandyn,Dombrowski,Brandyn Dombrowski,
Jim,Dombrowski,Jim Dombrowski,
Leon,Dombrowski,Leon Dombrowski,
Matt,Dominguez,Matt Dominguez,
Joe,Domnanovich,Joe Domnanovich,
Marty,Domres,Marty Domres,
Tom,Domres,Tom Domres,
Waldo,Don,Waldo Don,
Dylan,Donahue,Dylan Donahue,
Jack,Donahue,Jack Donahue,
Mark,Donahue,Mark Donahue,
Mitch,Donahue,Mitch Donahue,
Oscar,Donahue,Oscar Donahue,
Ryan,Donahue,Ryan Donahue,
Aaron,Donald,Aaron Donald,
Gene,Donaldson,Gene Donaldson,
Gene,Donaldson,Gene Donaldson,
Jeff,Donaldson,Jeff Donaldson,
John,Donaldson,John Donaldson,
Ray,Donaldson,Ray Donaldson,
Tom,Donchez,Tom Donchez,
Bill,Donckers,Bill Donckers,
Al,Donelli,Al Donelli,
Doug,Donley,Doug Donley,
Jim,Donlin,Jim Donlin,
Roger,Donnahoo,Roger Donnahoo,
Andrew,Donnal,Andrew Donnal,
Kevin,Donnalley,Kevin Donnalley,
Kevin,Donnalley,Kevin Donnalley,
Rick,Donnalley,Rick Donnalley,
Ben,Donnell,Ben Donnell,
Larry,Donnell,Larry Donnell,
George,Donnelly,George Donnelly,
Rick,Donnelly,Rick Donnelly,
Bill,Donohoe,Bill Donohoe,
Mike,Donohoe,Mike Donohoe,
Leon,Donohue,Leon Donohue,
Art,Donovan+,Art Donovan+,
Pat,Donovan,Pat Donovan,
Tom,Donovan,Tom Donovan,
John,Doolan,John Doolan,
Jim,Dooley,Jim Dooley,
John,Dooley,John Dooley,
Dan,Doornink,Dan Doornink,
Vontarrius,Dora,Vontarrius Dora,
Jim,Doran,Jim Doran,
Jon,Dorenbos,Jon Dorenbos,
Art,Dorfman,Art Dorfman,
Makinton,Dorleant,Makinton Dorleant,
Brandon,Dorlus,Brandon Dorlus,
Myles,Dorn,Myles Dorn,
Torin,Dorn,Torin Dorn,
Thom,Dornbrook,Thom Dornbrook,
Keith,Dorney,Keith Dorney,
Dale,Dorning,Dale Dorning,
Al,Dorow,Al Dorow,
Andy,Dorris,Andy Dorris,
Derek,Dorris,Derek Dorris,
Travis,Dorsch,Travis Dorsch,
Anthony,Dorsett,Anthony Dorsett,
Matthew,Dorsett,Matthew Dorsett,
Phillip,Dorsett,Phillip Dorsett,
Tony,Dorsett+,Tony Dorsett+,
ron,Dorsey,ron Dorsey,
De,Dorsey,De Dorsey,
Dean,Dorsey,Dean Dorsey,
Dick,Dorsey,Dick Dorsey,
Eric,Dorsey,Eric Dorsey,
Glenn,Dorsey,Glenn Dorsey,
John,Dorsey,John Dorsey,
Ken,Dorsey,Ken Dorsey,
Kevin,Dorsey,Kevin Dorsey,
Khalil,Dorsey,Khalil Dorsey,
Larry,Dorsey,Larry Dorsey,
Nat,Dorsey,Nat Dorsey,
Nate,Dorsey,Nate Dorsey,
Greg,Dortch,Greg Dortch,
Keelan,Doss,Keelan Doss,
Lorenzo,Doss,Lorenzo Doss,
Mike,Doss,Mike Doss,
Noble,Doss,Noble Doss,
Reggie,Doss,Reggie Doss,
Tandon,Doss,Tandon Doss,
Al,Dotson,Al Dotson,
Demar,Dotson,Demar Dotson,
DeWayne,Dotson,DeWayne Dotson,
Earl,Dotson,Earl Dotson,
Elijah,Dotson,Elijah Dotson,
Jahan,Dotson,Jahan Dotson,
Kevin,Dotson,Kevin Dotson,
Lionel,Dotson,Lionel Dotson,
Santana,Dotson,Santana Dotson,
John,Dottley,John Dottley,
Dan,Doubiago,Dan Doubiago,
Romeo,Doubs,Romeo Doubs,
Early,Doucet,Early Doucet,
Forrest,Douds,Forrest Douds,
Bob,Dougherty,Bob Dougherty,
Phil,Dougherty,Phil Dougherty,
Glenn,Doughty,Glenn Doughty,
Reed,Doughty,Reed Doughty,
Ben,Douglas,Ben Douglas,
Bob,Douglas,Bob Douglas,
Dameane,Douglas,Dameane Douglas,
David,Douglas,David Douglas,
David,Douglas,David Douglas,
Demario,Douglas,Demario Douglas,
Derrick,Douglas,Derrick Douglas,
Dominic,Douglas,Dominic Douglas,
Everett,Douglas,Everett Douglas,
Freddie,Douglas,Freddie Douglas,
Harry,Douglas,Harry Douglas,
Hugh,Douglas,Hugh Douglas,
Jamil,Douglas,Jamil Douglas,
Jay,Douglas,Jay Douglas,
John,Douglas,John Douglas,
John,Douglas,John Douglas,
Leland,Douglas,Leland Douglas,
Marques,Douglas,Marques Douglas,
Merrill,Douglas,Merrill Douglas,
Omar,Douglas,Omar Douglas,
Otis,Douglas,Otis Douglas,
Rasul,Douglas,Rasul Douglas,
Robert,Douglas,Robert Douglas,
Steve,Douglas,Steve Douglas,
Bobby,Douglass,Bobby Douglass,
Leo,Douglass,Leo Douglass,
Maurice,Douglass,Maurice Douglass,
Mike,Douglass,Mike Douglass,
Ty,Douthard,Ty Douthard,
Earl,Douthitt,Earl Douthitt,
Leger,Douzable,Leger Douzable,
Bob,Dove,Bob Dove,
Eddie,Dove,Eddie Dove,
Jerome,Dove,Jerome Dove,
Wes,Dove,Wes Dove,
Harley,Dow,Harley Dow,
Ken,Dow,Ken Dow,
Woody,Dow,Woody Dow,
Jerry,Dowd,Jerry Dowd,
Harry,Dowda,Harry Dowda,
Marcus,Dowdell,Marcus Dowdell,
Corey,Dowden,Corey Dowden,
Steve,Dowden,Steve Dowden,
Mike,Dowdle,Mike Dowdle,
Rico,Dowdle,Rico Dowdle,
Andrew,Dowell,Andrew Dowell,
Colton,Dowell,Colton Dowell,
Mule,Dowell,Mule Dowell,
Boyd,Dowler,Boyd Dowler,
Tommy,Dowler,Tommy Dowler,
Brian,Dowling,Brian Dowling,
Jonathan,Dowling,Jonathan Dowling,
Pat,Dowling,Pat Dowling,
I,Dowling,I Dowling,
Sean,Dowling,Sean Dowling,
Eric,Downing,Eric Downing,
Walt,Downing,Walt Downing,
Bob,Downs,Bob Downs,
Devante,Downs,Devante Downs,
Gary,Downs,Gary Downs,
Josh,Downs,Josh Downs,
Michael,Downs,Michael Downs,
Xavier,Downwind,Xavier Downwind,
Perry,Dowrick,Perry Dowrick,
Marcus,Dowtin,Marcus Dowtin,
Todd,Doxzon,Todd Doxzon,
Dick,Doyle,Dick Doyle,
Ed,Doyle,Ed Doyle,
Eddie,Doyle,Eddie Doyle,
Jack,Doyle,Jack Doyle,
Ted,Doyle,Ted Doyle,
Tommy,Doyle,Tommy Doyle,
Cornelius,Dozier,Cornelius Dozier,
D.J.,Dozier,D.J. Dozier,
Dakota,Dozier,Dakota Dozier,
Chris,Draft,Chris Draft,
Oscar,Dragon,Oscar Dragon,
Scott,Dragos,Scott Dragos,
Bill,Drake,Bill Drake,
Jerry,Drake,Jerry Drake,
Joe,Drake,Joe Drake,
Johnny,Drake,Johnny Drake,
Kenyan,Drake,Kenyan Drake,
Troy,Drake,Troy Drake,
Tyronne,Drakeford,Tyronne Drakeford,
Dwight,Drane,Dwight Drane,
Spencer,Drango,Spencer Drango,
Shaun,Draughn,Shaun Draughn,
Leo,Draveling,Leo Draveling,
Jim,Dray,Jim Dray,
Clarence,Drayer,Clarence Drayer,
Troy,Drayton,Troy Drayton,
Chuck,Drazenovich,Chuck Drazenovich,
Dave,Drechsler,Dave Drechsler,
Joel,Dreessen,Joel Dreessen,
Fred,Dreher,Fred Dreher,
Justin,Drescher,Justin Drescher,
Chris,Dressel,Chris Dressel,
Chuck,Dressen,Chuck Dressen,
Doug,Dressler,Doug Dressler,
Willie,Drewrey,Willie Drewrey,
Ted,Drews,Ted Drews,
Wally,Dreyer,Wally Dreyer,
Jack,Driscoll,Jack Driscoll,
Paddy,Driscoll+,Paddy Driscoll+,
Jeff,Driskel,Jeff Driskel,
Ethan,Driskell,Ethan Driskell,
Joe,Driskill,Joe Driskill,
Donald,Driver,Donald Driver,
Stacey,Driver,Stacey Driver,
Tony,Driver,Tony Driver,
Shane,Dronett,Shane Dronett,
Jeff,Drost,Jeff Drost,
Tom,Drougas,Tom Drougas,
Reuben,Droughns,Reuben Droughns,
Darren,Drozdov,Darren Drozdov,
Jim,Druckenmiller,Jim Druckenmiller,
Al,Drulis,Al Drulis,
Chuck,Drulis,Chuck Drulis,
Dylan,Drummond,Dylan Drummond,
Eddie,Drummond,Eddie Drummond,
Kurtis,Drummond,Kurtis Drummond,
Robert,Drummond,Robert Drummond,
Wop,Drumstead,Wop Drumstead,
Elbert,Drungo,Elbert Drungo,
Hoot,Drury,Hoot Drury,
Rich,Druschel,Rich Druschel,
Johnny,Druze,Johnny Druze,
Fred,Dryer,Fred Dryer,
Ron,Drzewiecki,Ron Drzewiecki,
George,Duarte,George Duarte,
Thomas,Duarte,Thomas Duarte,
Elbert,Dubenion,Elbert Dubenion,
Greg,Dubinetz,Greg Dubinetz,
Tom,Dublinski,Tom Dublinski,
Maury,Dubofsky,Maury Dubofsky,
Phil,DuBois,Phil DuBois,
Demetrious,DuBose,Demetrious DuBose,
Doug,DuBose,Doug DuBose,
Grant,Dubose,Grant Dubose,
Jimmy,DuBose,Jimmy DuBose,
Walt,Dubzinski,Walt Dubzinski,
Vlad,Ducasse,Vlad Ducasse,
Storm,Duck,Storm Duck,
Mark,Duckens,Mark Duckens,
Damane,Duckett,Damane Duckett,
Forey,Duckett,Forey Duckett,
Kenny,Duckett,Kenny Duckett,
T.J.,Duckett,T.J. Duckett,
Robert,Ducksworth,Robert Ducksworth,
Bobby,Duckworth,Bobby Duckworth,
Joe,Duckworth,Joe Duckworth,
Tim,Duckworth,Tim Duckworth,
Moon,Ducote,Moon Ducote,
Greg,Ducre,Greg Ducre,
Mark,Duda,Mark Duda,
Joe,Dudek,Joe Dudek,
Mitch,Dudek,Mitch Dudek,
Dick,Duden,Dick Duden,
Andy,Dudish,Andy Dudish,
Bill,Dudley+,Bill Dudley+,
Brian,Dudley,Brian Dudley,
Kevin,Dudley,Kevin Dudley,
Paul,Dudley,Paul Dudley,
Rickey,Dudley,Rickey Dudley,
Dave,Duerson,Dave Duerson,
Paul,Dufault,Paul Dufault,
Don,Dufek,Don Dufek,
Joe,Dufek,Joe Dufek,
Bill,Duff,Bill Duff,
Jamal,Duff,Jamal Duff,
John,Duff,John Duff,
Jim,Dufft,Jim Dufft,
Pat,Duffy,Pat Duffy,
Roger,Duffy,Roger Duffy,
Dukes,Duford,Dukes Duford,
Dan,Dufour,Dan Dufour,
Bill,Dugan,Bill Dugan,
Fred,Dugan,Fred Dugan,
Jeff,Dugan,Jeff Dugan,
Len,Dugan,Len Dugan,
Ron,Dugans,Ron Dugans,
Eddie,Duggan,Eddie Duggan,
Gil,Duggan,Gil Duggan,
Jack,Dugger,Jack Dugger,
Kyle,Dugger,Kyle Dugger,
Herb,Duggins,Herb Duggins,
Paul,Duhart,Paul Duhart,
A.J.,Duhe,A.J. Duhe,
Bobby,Duhon,Bobby Duhon,
Steve,Duich,Steve Duich,
Khalid,Duke,Khalid Duke,
Paul,Duke,Paul Duke,
Wesley,Duke,Wesley Duke,
Chad,Dukes,Chad Dukes,
Jamie,Dukes,Jamie Dukes,
Mike,Dukes,Mike Dukes,
Bill,DuLac,Bill DuLac,
Mike,Dulaney,Mike Dulaney,
Greg,Dulcich,Greg Dulcich,
Chris,Duliban,Chris Duliban,
Ashton,Dulin,Ashton Dulin,
Gary,Dulin,Gary Dulin,
Mike,Dumas,Mike Dumas,
Troy,Dumas,Troy Dumas,
Jon,Dumbauld,Jon Dumbauld,
Elvis,Dumervil,Elvis Dumervil,
Doug,Dumler,Doug Dumler,
Billy,DuMoe,Billy DuMoe,
Joe,DuMoe,Joe DuMoe,
Jim,Dumont,Jim Dumont,
Craig,Dunaway,Craig Dunaway,
Dave,Dunaway,Dave Dunaway,
Jim,Dunaway,Jim Dunaway,
Lonn,Dunbar,Lonn Dunbar,
Jubilee,Dunbar,Jubilee Dunbar,
Karl,Dunbar,Karl Dunbar,
Lance,Dunbar,Lance Dunbar,
LaTarence,Dunbar,LaTarence Dunbar,
Quinton,Dunbar,Quinton Dunbar,
Steven,Dunbar,Steven Dunbar,
Vaughn,Dunbar,Vaughn Dunbar,
Brian,Duncan,Brian Duncan,
Clyde,Duncan,Clyde Duncan,
Curtis,Duncan,Curtis Duncan,
Frank,Duncan,Frank Duncan,
Howard,Duncan,Howard Duncan,
Jaelyn,Duncan,Jaelyn Duncan,
Jamie,Duncan,Jamie Duncan,
Jim,Duncan,Jim Duncan,
Jim,Duncan,Jim Duncan,
Ken,Duncan,Ken Duncan,
Maury,Duncan,Maury Duncan,
Randy,Duncan,Randy Duncan,
Rick,Duncan,Rick Duncan,
Ron,Duncan,Ron Duncan,
Speedy,Duncan,Speedy Duncan,
Tim,Duncan,Tim Duncan,
Bob,Duncum,Bob Duncum,
Ken,Dunek,Ken Dunek,
Tony,Dungy+,Tony Dungy+,
Tom,Duniven,Tom Duniven,
Bob,Dunlap,Bob Dunlap,
Carlos,Dunlap,Carlos Dunlap,
King,Dunlap,King Dunlap,
Lenny,Dunlap,Lenny Dunlap,
Anthony,Dunn,Anthony Dunn,
Bob,Dunn,Bob Dunn,
Brandon,Dunn,Brandon Dunn,
Casey,Dunn,Casey Dunn,
Coye,Dunn,Coye Dunn,
Damon,Dunn,Damon Dunn,
David,Dunn,David Dunn,
Gary,Dunn,Gary Dunn,
Isaiah,Dunn,Isaiah Dunn,
Jason,Dunn,Jason Dunn,
K.D.,Dunn,K.D. Dunn,
Michael,Dunn,Michael Dunn,
Paul,Dunn,Paul Dunn,
Perry,Lee,Perry Lee,
Red,Dunn,Red Dunn,
Roddy,Dunn,Roddy Dunn,
Warrick,Dunn,Warrick Dunn,
Pat,Dunne,Pat Dunne,
Pat,Dunnigan,Pat Dunnigan,
Pat,Dunsmore,Pat Dunsmore,
Bill,Dunstan,Bill Dunstan,
Elwyn,Dunstan,Elwyn Dunstan,
Reggie,Dupard,Reggie Dupard,
Mark,Duper,Mark Duper,
Charlie,Dupre,Charlie Dupre,
L.G.,Dupre,L.G. Dupre,
Malachi,Dupre,Malachi Dupre,
Billy,Joe,Billy Joe,
Bud,Dupree,Bud Dupree,
Marcus,Dupree,Marcus Dupree,
Myron,Dupree,Myron Dupree,
Ryan,Durand,Ryan Durand,
Pete,Duranko,Pete Duranko,
Cobie,Durant,Cobie Durant,
Justin,Durant,Justin Durant,
Yasir,Durant,Yasir Durant,
Don,Durdan,Don Durdan,
Cory,Durden,Cory Durden,
Kenneth,Durden,Kenneth Durden,
Clarence,Duren,Clarence Duren,
Kris,Durham,Kris Durham,
Payne,Durham,Payne Durham,
Steve,Durham,Steve Durham,
Jack,Durishan,Jack Durishan,
Charlie,Durkee,Charlie Durkee,
John,Durko,John Durko,
Sandy,Durko,Sandy Durko,
Jeff,Durkota,Jeff Durkota,
Michael,Durrette,Michael Durrette,
Mark,Dusbabek,Mark Dusbabek,
Brad,Dusek,Brad Dusek,
Bill,Dusenbery,Bill Dusenbery,
Joe,DuSossoit,Joe DuSossoit,
Bill,Dutton,Bill Dutton,
John,Dutton,John Dutton,
Earl,Duvall,Earl Duvall,
Devin,Duvernay,Devin Duvernay,
Tardif,,Tardif ,
Dusty,Dvoracek,Dusty Dvoracek,
Ben,Dvorak,Ben Dvorak,
Rick,Dvorak,Rick Dvorak,
Ross,Dwelley,Ross Dwelley,
Tim,Dwight,Tim Dwight,
Dan,Dworsky,Dan Dworsky,
Michael,Dwumfour,Michael Dwumfour,
Bob,Dwyer,Bob Dwyer,
Jack,Dwyer,Jack Dwyer,
Jonathan,Dwyer,Jonathan Dwyer,
Mike,Dwyer,Mike Dwyer,
Mike,Dyal,Mike Dyal,
Donteea,Dye,Donteea Dye,
Ernest,Dye,Ernest Dye,
Les,Dye,Les Dye,
Tony,Dye,Tony Dye,
Troy,Dye,Troy Dye,
Deon,Dyer,Deon Dyer,
Henry,Dyer,Henry Dyer,
Ken,Dyer,Ken Dyer,
Donald,Dykes,Donald Dykes,
Hart,Lee,Hart Lee,
Keilen,Dykes,Keilen Dykes,
Sean,Dykes,Sean Dykes,
Chris,Dyko,Chris Dyko,
Andre,Dyson,Andre Dyson,
Kenny,Dyson,Kenny Dyson,
Kevin,Dyson,Kevin Dyson,
Matt,Dyson,Matt Dyson,
Nick,Dzubnar,Nick Dzubnar,
Nate,Eachus,Nate Eachus,
James,Eaddy,James Eaddy,
Ed,Eagan,Ed Eagan,
Alex,Eagle,Alex Eagle,
Larry,Eaglin,Larry Eaglin,
Kay,Eakin,Kay Eakin,
Biren,Ealy,Biren Ealy,
Kony,Ealy,Kony Ealy,
Ralph,Earhart,Ralph Earhart,
Glenn,Earl,Glenn Earl,
Robin,Earl,Robin Earl,
Jim,Earley,Jim Earley,
Guy,Early,Guy Early,
Quinn,Early,Quinn Early,
Blaine,Earon,Blaine Earon,
Jug,Earp,Jug Earp,
Dominique,Easley,Dominique Easley,
Kenny,Easley+,Kenny Easley+,
Marcus,Easley,Marcus Easley,
Walt,Easley,Walt Easley,
Doug,Easlick,Doug Easlick,
Ricky,Easmon,Ricky Easmon,
Bo,Eason,Bo Eason,
Jacob,Eason,Jacob Eason,
John,Eason,John Eason,
Nick,Eason,Nick Eason,
Nijrell,Eason,Nijrell Eason,
Roger,Eason,Roger Eason,
Tony,Eason,Tony Eason,
Andrew,East,Andrew East,
Ron,East,Ron East,
Ray,Easterling,Ray Easterling,
Nick,Easton,Nick Easton,
Omar,Easy,Omar Easy,
Irv,Eatman,Irv Eatman,
Chad,Eaton,Chad Eaton,
Lou,Eaton,Lou Eaton,
Scott,Eaton,Scott Eaton,
Tracey,Eaton,Tracey Eaton,
Vic,Eaton,Vic Eaton,
Harry,Ebding,Harry Ebding,
Rick,Eber,Rick Eber,
Jess,Eberdt,Jess Eberdt,
Dominik,Eberle,Dominik Eberle,
Hal,Ebersole,Hal Ebersole,
John,Ebersole,John Ebersole,
Jeremy,Ebert,Jeremy Ebert,
Beanie,Eberts,Beanie Eberts,
Arnold,Ebiketie,Arnold Ebiketie,
Ray,Ebli,Ray Ebli,
Nate,Ebner,Nate Ebner,
Trestan,Ebner,Trestan Ebner,
Justin,Eboigbe,Justin Eboigbe,
Eric,Ebron,Eric Ebron,
Samson,Ebukam,Samson Ebukam,
Byron,Eby,Byron Eby,
Scott,Eccles,Scott Eccles,
Adimchinobe,Echemandu,Adimchinobe Echemandu,
Brandin,Echols,Brandin Echols,
Donnie,Echols,Donnie Echols,
Fate,Echols,Fate Echols,
Mike,Echols,Mike Echols,
Terry,Echols,Terry Echols,
Keith,Eck,Keith Eck,
Gus,Eckberg,Gus Eckberg,
Kyle,Eckel,Kyle Eckel,
Ed,Ecker,Ed Ecker,
Ox,Eckhardt,Ox Eckhardt,
Bob,Eckl,Bob Eckl,
Brad,Ecklund,Brad Ecklund,
Dolph,Eckstein,Dolph Eckstein,
Jerry,Eckwood,Jerry Eckwood,
Andrew,Economos,Andrew Economos,
Floyd,Eddings,Floyd Eddings,
Robert,Eddins,Robert Eddins,
A.J.,Edds,A.J. Edds,
Nick,Eddy,Nick Eddy,
Kasim,Edebali,Kasim Edebali,
Brad,Edelman,Brad Edelman,
Julian,Edelman,Julian Edelman,
Bill,Edgar,Bill Edgar,
Shayne,Edge,Shayne Edge,
Booker,Edgerson,Booker Edgerson,
Paul,Edinger,Paul Edinger,
Cornelius,Edison,Cornelius Edison,
Dominique,Edison,Dominique Edison,
Deke,Edler,Deke Edler,
Bobby,Joe,Bobby Joe,
Chase,Edmonds,Chase Edmonds,
Chris,Edmonds,Chris Edmonds,
Chris,Edmonds,Chris Edmonds,
Van,Edmondson,Van Edmondson,
Ferrell,Edmunds,Ferrell Edmunds,
Randy,Edmunds,Randy Edmunds,
Terrell,Edmunds,Terrell Edmunds,
Tremaine,Edmunds,Tremaine Edmunds,
Trey,Edmunds,Trey Edmunds,
Chuma,Edoga,Chuma Edoga,
Al,Edwards,Al Edwards,
Anthony,Edwards,Anthony Edwards,
Antonio,Edwards,Antonio Edwards,
Antuan,Edwards,Antuan Edwards,
Armanti,Edwards,Armanti Edwards,
Austin,Edwards,Austin Edwards,
Ben,Edwards,Ben Edwards,
Brad,Edwards,Brad Edwards,
Braylon,Edwards,Braylon Edwards,
Bryan,Edwards,Bryan Edwards,
Bud,Edwards,Bud Edwards,
Cap,Edwards,Cap Edwards,
Cid,Edwards,Cid Edwards,
Dan,Edwards,Dan Edwards,
Dave,Edwards,Dave Edwards,
Dave,Edwards,Dave Edwards,
David,Edwards,David Edwards,
Dennis,Edwards,Dennis Edwards,
Dixon,Edwards,Dixon Edwards,
Donnie,Edwards,Donnie Edwards,
Dovonte,Edwards,Dovonte Edwards,
Dwan,Edwards,Dwan Edwards,
Earl,Edwards,Earl Edwards,
Eddie,Edwards,Eddie Edwards,
Emmett,Edwards,Emmett Edwards,
Eric,Edwards,Eric Edwards,
Glen,Edwards,Glen Edwards,
Gus,Edwards,Gus Edwards,
Herm,Edwards,Herm Edwards,
Jimmy,Edwards,Jimmy Edwards,
Kalimba,Edwards,Kalimba Edwards,
Kelvin,Edwards,Kelvin Edwards,
Lac,Edwards,Lac Edwards,
Lavar,Edwards,Lavar Edwards,
Lloyd,Edwards,Lloyd Edwards,
Marc,Edwards,Marc Edwards,
Mario,Edwards,Mario Edwards,
Mario,Edwards,Mario Edwards,
Marshall,Edwards,Marshall Edwards,
Mike,Edwards,Mike Edwards,
Monk,Edwards,Monk Edwards,
Patrick,Edwards,Patrick Edwards,
Randy,Edwards,Randy Edwards,
Ray,Edwards,Ray Edwards,
Robert,Edwards,Robert Edwards,
Ron,Edwards,Ron Edwards,
Stan,Edwards,Stan Edwards,
Steve,Edwards,Steve Edwards,
T.J.,Edwards,T.J. Edwards,
Terrence,Edwards,Terrence Edwards,
Tim,Edwards,Tim Edwards,
Tom,Edwards,Tom Edwards,
Trent,Edwards,Trent Edwards,
Troy,Edwards,Troy Edwards,
Turk,Edwards+,Turk Edwards+,
Vernon,Edwards,Vernon Edwards,
Weldon,Edwards,Weldon Edwards,
Helaire,,Helaire ,
Dick,Egan,Dick Egan,
Dick,Egan,Dick Egan,
Pannel,Egboh,Pannel Egboh,
Emeke,Egbule,Emeke Egbule,
Doug,Eggers,Doug Eggers,
Ron,Egloff,Ron Egloff,
Michael,Egnew,Michael Egnew,
Patrick,Egu,Patrick Egu,
Samuel,Eguavoen,Samuel Eguavoen,
Chuck,Ehin,Chuck Ehin,
Parker,Ehinger,Parker Ehinger,
Tom,Ehlers,Tom Ehlers,
Sam,Ehlinger,Sam Ehlinger,
Clyde,Ehrhardt,Clyde Ehrhardt,
Joe,Ehrmann,Joe Ehrmann,
John,Eibner,John Eibner,
Liam,Eichenberg,Liam Eichenberg,
Tommy,Eichenberg,Tommy Eichenberg,
Ray,Eichenlaub,Ray Eichenlaub,
Ed,Eiden,Ed Eiden,
Jim,Eiden,Jim Eiden,
Jim,Eidson,Jim Eidson,
Tyler,Eifert,Tyler Eifert,
Milo,Eifler,Milo Eifler,
Jim,Eifrid,Jim Eifrid,
Charley,Eikenberg,Charley Eikenberg,
Pat,Eilers,Pat Eilers,
Mike,Eischeid,Mike Eischeid,
Dieter,Eiselen,Dieter Eiselen,
Larry,Eisenhauer,Larry Eisenhauer,
John,Eisenhooth,John Eisenhooth,
Stan,Eisenhooth,Stan Eisenhooth,
Alfred,Eissler,Alfred Eissler,
Chris,Eitzmann,Chris Eitzmann,
Duke,Ejiofor,Duke Ejiofor,
Isaiah,Ekejiuba,Isaiah Ekejiuba,
Austin,Ekeler,Austin Ekeler,
Andy,Ekern,Andy Ekern,
Carl,Ekern,Carl Ekern,
Daniel,Ekuale,Daniel Ekuale,
Ebenezer,Ekuban,Ebenezer Ekuban,
Ikem,Ekwonu,Ikem Ekwonu,
Mashtoub,,Mashtoub ,
Abram,Elam,Abram Elam,
Cleveland,Elam,Cleveland Elam,
Jason,Elam,Jason Elam,
Kaiir,Elam,Kaiir Elam,
Matt,Elam,Matt Elam,
Onzy,Elam,Onzy Elam,
Shane,Elam,Shane Elam,
Corn,Elder,Corn Elder,
Donnie,Elder,Donnie Elder,
Jake,Eldrenkamp,Jake Eldrenkamp,
Brody,Eldridge,Brody Eldridge,
Mohammed,Elewonibi,Mohammed Elewonibi,
Clifton,Eley,Clifton Eley,
Monroe,Eley,Monroe Eley,
Pat,Elflein,Pat Elflein,
Bruce,Elia,Bruce Elia,
Homer,Elias,Homer Elias,
Keith,Elias,Keith Elias,
Don,Eliason,Don Eliason,
Ukeme,Eligwe,Ukeme Eligwe,
Jim,Eliopulos,Jim Eliopulos,
Ev,Elkins,Ev Elkins,
Fait,Elkins,Fait Elkins,
Larry,Elkins,Larry Elkins,
Mike,Elkins,Mike Elkins,
Bill,Elko,Bill Elko,
Henry,Ellard,Henry Ellard,
Ben,Ellefson,Ben Ellefson,
Jack,Ellena,Jack Ellena,
Bill,Ellenbogen,Bill Ellenbogen,
Rich,Ellender,Rich Ellender,
Gene,Ellenson,Gene Ellenson,
Carl,Eller+,Carl Eller+,
Dannell,Ellerbe,Dannell Ellerbe,
Emmanuel,Ellerbee,Emmanuel Ellerbee,
Don,Ellersick,Don Ellersick,
Gary,Ellerson,Gary Ellerson,
Aaron,Elling,Aaron Elling,
Andre,Ellington,Andre Ellington,
Bruce,Ellington,Bruce Ellington,
Dante,Ellington,Dante Ellington,
Al,Elliott,Al Elliott,
Carl,Elliott,Carl Elliott,
Charlie,Elliott,Charlie Elliott,
DeAndre,Elliott,DeAndre Elliott,
DeShon,Elliott,DeShon Elliott,
Doc,Elliott,Doc Elliott,
Ezekiel,Elliott,Ezekiel Elliott,
Jake,Elliott,Jake Elliott,
Jalen,Elliott,Jalen Elliott,
Jamin,Elliott,Jamin Elliott,
Javien,Elliott,Javien Elliott,
Jayrone,Elliott,Jayrone Elliott,
Jim,Elliott,Jim Elliott,
John,Elliott,John Elliott,
Jordan,Elliott,Jordan Elliott,
Jumbo,Elliott,Jumbo Elliott,
Kevin,Elliott,Kevin Elliott,
Lenvil,Elliott,Lenvil Elliott,
Lin,Elliott,Lin Elliott,
Matt,Elliott,Matt Elliott,
Ted,Elliott,Ted Elliott,
Tony,Elliott,Tony Elliott,
Tony,Elliott,Tony Elliott,
Alex,Ellis,Alex Ellis,
Allan,Ellis,Allan Ellis,
Chris,Ellis,Chris Ellis,
Clarence,Ellis,Clarence Ellis,
Craig,Ellis,Craig Ellis,
Devale,Ellis,Devale Ellis,
Drew,Ellis,Drew Ellis,
Ed,Ellis,Ed Ellis,
Gerry,Ellis,Gerry Ellis,
Greg,Ellis,Greg Ellis,
Herb,Ellis,Herb Ellis,
Jim,Ellis,Jim Ellis,
John,Ellis,John Ellis,
Justin,Ellis,Justin Ellis,
Ken,Ellis,Ken Ellis,
Kenrick,Ellis,Kenrick Ellis,
Kwame,Ellis,Kwame Ellis,
Larry,Ellis,Larry Ellis,
Ray,Ellis,Ray Ellis,
Roger,Ellis,Roger Ellis,
Sedrick,Ellis,Sedrick Ellis,
Shaun,Ellis,Shaun Ellis,
Walt,Ellis,Walt Ellis,
Omar,Ellison,Omar Ellison,
Atiyyah,Ellison,Atiyyah Ellison,
Glenn,Ellison,Glenn Ellison,
Jerry,Ellison,Jerry Ellison,
Keith,Ellison,Keith Ellison,
Kevin,Ellison,Kevin Ellison,
Mark,Ellison,Mark Ellison,
Rhett,Ellison,Rhett Ellison,
Riki,Ellison,Riki Ellison,
Willie,Ellison,Willie Ellison,
Christian,Elliss,Christian Elliss,
Jonah,Elliss,Jonah Elliss,
Kaden,Elliss,Kaden Elliss,
Luther,Elliss,Luther Elliss,
Bud,Ellor,Bud Ellor,
Swede,Ellstrom,Swede Ellstrom,
Percy,Ellsworth,Percy Ellsworth,
Charley,Ellzey,Charley Ellzey,
Dave,Elmendorf,Dave Elmendorf,
Doug,Elmore,Doug Elmore,
Shorty,Elness,Shorty Elness,
Joey,Eloms,Joey Eloms,
Jimbo,Elrod,Jimbo Elrod,
Earl,Elser,Earl Elser,
Earl,Elsey,Earl Elsey,
Neil,Elshire,Neil Elshire,
Dutch,Elston,Dutch Elston,
Trae,Elston,Trae Elston,
Leo,Elter,Leo Elter,
Jermaine,Eluemunor,Jermaine Eluemunor,
John,Elway+,John Elway+,
Jack,Elwell,Jack Elwell,
Harold,Ely,Harold Ely,
Larry,Ely,Larry Ely,
Paul,Elzey,Paul Elzey,
Ben,Emanuel,Ben Emanuel,
Bert,Emanuel,Bert Emanuel,
Charles,Emanuel,Charles Emanuel,
Frank,Emanuel,Frank Emanuel,
Kyle,Emanuel,Kyle Emanuel,
Keith,Embray,Keith Embray,
John,Embree,John Embree,
Jon,Embree,Jon Embree,
Mel,Embree,Mel Embree,
Pete,Emelianchik,Pete Emelianchik,
Bob,Emerick,Bob Emerick,
Martin,Emerson,Martin Emerson,
Ox,Emerson,Ox Emerson,
Vern,Emerson,Vern Emerson,
Larry,Emery,Larry Emery,
Prince,Emili,Prince Emili,
Carlos,Emmons,Carlos Emmons,
Frank,Emmons,Frank Emmons,
Red,Emslie,Red Emslie,
Steve,Emtman,Steve Emtman,
Justin,Ena,Justin Ena,
Kingsley,Enagbare,Kingsley Enagbare,
Dick,Enderle,Dick Enderle,
Vic,Endress,Vic Endress,
Al,Endriss,Al Endriss,
IK,Enemkpali,IK Enemkpali,
Tiny,Engebretsen,Tiny Engebretsen,
Greg,Engel,Greg Engel,
Steve,Engel,Steve Engel,
John,Engelberger,John Engelberger,
Joe,Engelhard,Joe Engelhard,
Wuert,Engelmann,Wuert Engelmann,
Eric,England,Eric England,
Derek,Engler,Derek Engler,
Rick,Engles,Rick Engles,
Auston,English,Auston English,
Doug,English,Doug English,
Keith,English,Keith English,
Larry,English,Larry English,
Harry,Englund,Harry Englund,
Bobby,Engram,Bobby Engram,
Evan,Engram,Evan Engram,
Art,Engstrom,Art Engstrom,
Steve,Enich,Steve Enich,
Curtis,Enis,Curtis Enis,
Hunter,Enis,Hunter Enis,
Fred,Enke,Fred Enke,
Rex,Enright,Rex Enright,
Quincy,Enunwa,Quincy Enunwa,
Bill,Enyart,Bill Enyart,
Jamar,Enzor,Jamar Enzor,
A.J.,Epenesa,A.J. Epenesa,
Alonzo,Ephraim,Alonzo Ephraim,
Pat,Epperson,Pat Epperson,
Bobby,Epps,Bobby Epps,
Dedrick,Epps,Dedrick Epps,
Jack,Epps,Jack Epps,
Marcus,Epps,Marcus Epps,
Phil,Epps,Phil Epps,
Tory,Epps,Tory Epps,
Hayden,Epstein,Hayden Epstein,
Dick,Erdlitz,Dick Erdlitz,
Arch,Erehart,Arch Erehart,
Rich,Erenberg,Rich Erenberg,
Alex,Erickson,Alex Erickson,
Bernie,Erickson,Bernie Erickson,
Bill,Erickson,Bill Erickson,
Bud,Erickson,Bud Erickson,
Craig,Erickson,Craig Erickson,
Hal,Erickson,Hal Erickson,
Harold,Erickson,Harold Erickson,
Mickey,Erickson,Mickey Erickson,
Swede,Erickson,Swede Erickson,
Walden,Erickson,Walden Erickson,
Tom,Erlandson,Tom Erlandson,
Tom,Erlandson,Tom Erlandson,
Donnie,Ernsberger,Donnie Ernsberger,
Jack,Ernst,Jack Ernst,
Mike,Ernst,Mike Ernst,
Paul,Ernster,Paul Ernster,
Zach,Ertz,Zach Ertz,
Tyler,Ervin,Tyler Ervin,
Cameron,Erving,Cameron Erving,
Ricky,Ervins,Ricky Ervins,
Terry,Erwin,Terry Erwin,
Russell,Erxleben,Russell Erxleben,
Herb,Eschbach,Herb Eschbach,
Gavin,Escobar,Gavin Escobar,
Len,Eshmont,Len Eshmont,
Boomer,Esiason,Boomer Esiason,
Wayne,Eskridge,Wayne Eskridge,
Al,Espie,Al Espie,
Alex,Espinoza,Alex Espinoza,
Mike,Esposito,Mike Esposito,
Mike,Espy,Mike Espy,
Clarence,Esser,Clarence Esser,
Trai,Essex,Trai Essex,
Ron,Essink,Ron Essink,
Charlie,Essman,Charlie Essman,
Greg,Estandia,Greg Estandia,
Richard,Estell,Richard Estell,
Mike,Estep,Mike Estep,
Don,Estes,Don Estes,
John,Estes,John Estes,
Larry,Estes,Larry Estes,
Patrick,Estes,Patrick Estes,
Audric,Estime,Audric Estime,
Sam,Etcheverry,Sam Etcheverry,
Carl,Etelman,Carl Etelman,
Carlos,Etheredge,Carlos Etheredge,
Dorian,Etheridge,Dorian Etheridge,
Dave,Etherly,Dave Etherly,
Joe,Ethridge,Joe Ethridge,
Ray,Ethridge,Ray Ethridge,
Larry,Etienne,Larry Etienne,
Travis,Etienne,Travis Etienne,
Earl,Ettenhaus,Earl Ettenhaus,
Bob,Etter,Bob Etter,
Don,Ettinger,Don Ettinger,
Darius,Eubanks,Darius Eubanks,
John,Eubanks,John Eubanks,
Hiram,Eugene,Hiram Eugene,
Tim,Euhus,Tim Euhus,
Kaleb,Eulls,Kaleb Eulls,
Akayleb,Evans,Akayleb Evans,
Bob,Evans,Bob Evans,
Bobby,Evans,Bobby Evans,
Byron,Evans,Byron Evans,
Charles,Evans,Charles Evans,
Charlie,Evans,Charlie Evans,
Chris,Evans,Chris Evans,
Chuck,Evans,Chuck Evans,
Dale,Evans,Dale Evans,
Darren,Evans,Darren Evans,
Darrynton,Evans,Darrynton Evans,
David,Evans,David Evans,
Demetric,Evans,Demetric Evans,
Dick,Evans,Dick Evans,
Donald,Evans,Donald Evans,
Doug,Evans,Doug Evans,
Earl,Evans,Earl Evans,
Ethan,Evans,Ethan Evans,
Fred,Evans,Fred Evans,
Fred,Evans,Fred Evans,
Greg,Evans,Greg Evans,
Heath,Evans,Heath Evans,
Jack,Evans,Jack Evans,
Jahri,Evans,Jahri Evans,
James,Evans,James Evans,
Jerry,Evans,Jerry Evans,
Jim,Evans,Jim Evans,
John,Evans,John Evans,
Johnny,Evans,Johnny Evans,
Jon,Evans,Jon Evans,
Jordan,Evans,Jordan Evans,
Josh,Evans,Josh Evans,
Josh,Evans,Josh Evans,
Justin,Evans,Justin Evans,
Larry,Evans,Larry Evans,
Lee,Evans,Lee Evans,
Leomont,Evans,Leomont Evans,
Leon,Evans,Leon Evans,
Lon,Evans,Lon Evans,
Marwin,Evans,Marwin Evans,
Mike,Evans,Mike Evans,
Mike,Evans,Mike Evans,
Mike,Evans,Mike Evans,
Murray,Evans,Murray Evans,
Norm,Evans,Norm Evans,
Randall,Evans,Randall Evans,
Rashaan,Evans,Rashaan Evans,
Ray,Evans,Ray Evans,
Ray,Evans,Ray Evans,
Reggie,Evans,Reggie Evans,
Russell,Evans,Russell Evans,
Scott,Evans,Scott Evans,
Troy,Evans,Troy Evans,
Vince,Evans,Vince Evans,
Zach,Evans,Zach Evans,
Paul,Evansen,Paul Evansen,
Deshazor,Everett,Deshazor Everett,
Eric,Everett,Eric Everett,
Gerald,Everett,Gerald Everett,
Jim,Everett,Jim Everett,
Kevin,Everett,Kevin Everett,
Major,Everett,Major Everett,
Thomas,Everett,Thomas Everett,
Tyler,Everett,Tyler Everett,
Steve,Everitt,Steve Everitt,
William,Evers,William Evers,
Dick,Evey,Dick Evey,
Bradie,Ewing,Bradie Ewing,
Antone,Exum,Antone Exum,
Nick,Eyre,Nick Eyre,
Liam,Ezekiel,Liam Ezekiel,
Vilnis,Ezerins,Vilnis Ezerins,
Joshua,Ezeudu,Joshua Ezeudu,
Blake,Ezor,Blake Ezor,
Erik,Ezukanma,Erik Ezukanma,
Daniel,Faalele,Daniel Faalele,
Nuu,Faaola,Nuu Faaola,
Anthony,Fabiano,Anthony Fabiano,
Jason,Fabini,Jason Fabini,
Tayo,Fabuluje,Tayo Fabuluje,
Kyler,Fackrell,Kyler Fackrell,
Brandon,Facyson,Brandon Facyson,
Rob,Fada,Rob Fada,
Julian,Fagan,Julian Fagan,
Kevin,Fagan,Kevin Fagan,
Demarcus,Faggins,Demarcus Faggins,
Carl,Fagiolo,Carl Fagiolo,
John,Fahay,John Fahay,
Jim,Fahnhorst,Jim Fahnhorst,
Keith,Fahnhorst,Keith Fahnhorst,
Fred,Failing,Fred Failing,
Richard,Fain,Richard Fain,
Jeff,Faine,Jeff Faine,
Carl,Fair,Carl Fair,
Terry,Fair,Terry Fair,
imi,Fairbairn,imi Fairbairn,
Bill,Fairband,Bill Fairband,
Don,Fairbanks,Don Fairbanks,
Greg,Fairchild,Greg Fairchild,
Paul,Fairchild,Paul Fairchild,
Art,Faircloth,Art Faircloth,
Leonard,Fairley,Leonard Fairley,
Nick,Fairley,Nick Fairley,
Eric,Fairs,Eric Fairs,
Derrick,Faison,Derrick Faison,
Earl,Faison,Earl Faison,
Nello,Falaschi,Nello Falaschi,
Dick,Falcon,Dick Falcon,
Guil,Falcon,Guil Falcon,
Terry,Falcon,Terry Falcon,
David,Fales,David Fales,
Luke,Falk,Luke Falk,
Tony,Falkenstein,Tony Falkenstein,
Mickey,Fallon,Mickey Fallon,
Mike,Falls,Mike Falls,
Gary,Famiglietti,Gary Famiglietti,
Paul,Fanaika,Paul Fanaika,
Alan,Faneca+,Alan Faneca+,
Jonathan,Fanene,Jonathan Fanene,
Hebron,Fangupo,Hebron Fangupo,
Chad,Fann,Chad Fann,
Mike,Fanning,Mike Fanning,
Stan,Fanning,Stan Fanning,
George,Fant,George Fant,
Noah,Fant,Noah Fant,
Princeton,Fant,Princeton Fant,
Ken,Fantetti,Ken Fantetti,
Ledio,Fanucchi,Ledio Fanucchi,
Mike,Fanucci,Mike Fanucci,
Austin,Faoliu,Austin Faoliu,
Chris,Farasopoulos,Chris Farasopoulos,
Hap,Farber,Hap Farber,
Justin,Fargas,Justin Fargas,
Nick,Farina,Nick Farina,
Andy,Farkas,Andy Farkas,
Caleb,Farley,Caleb Farley,
Dale,Farley,Dale Farley,
Dick,Farley,Dick Farley,
John,Farley,John Farley,
Matthias,Farley,Matthias Farley,
Dick,Farman,Dick Farman,
Andrew,Farmer,Andrew Farmer,
Danny,Farmer,Danny Farmer,
Dave,Farmer,Dave Farmer,
George,Farmer,George Farmer,
George,Farmer,George Farmer,
George,Farmer,George Farmer,
Karl,Farmer,Karl Farmer,
Lonnie,Farmer,Lonnie Farmer,
Ray,Farmer,Ray Farmer,
Robert,Farmer,Robert Farmer,
Roger,Farmer,Roger Farmer,
Ted,Farmer,Ted Farmer,
Tom,Farmer,Tom Farmer,
Matt,Farniok,Matt Farniok,
John,Farquhar,John Farquhar,
Marco,Farr,Marco Farr,
Mel,Farr,Mel Farr,
Mel,Farr,Mel Farr,
Mike,Farr,Mike Farr,
Miller,Farr,Miller Farr,
Ken,Farragut,Ken Farragut,
Vinnie,Farrar,Vinnie Farrar,
Dillon,Farrell,Dillon Farrell,
Luke,Farrell,Luke Farrell,
Neil,Farrell,Neil Farrell,
Scrapper,Farrell,Scrapper Farrell,
Sean,Farrell,Sean Farrell,
Paul,Farren,Paul Farren,
Curt,Farrier,Curt Farrier,
Bo,Farrington,Bo Farrington,
James,Farrior,James Farrior,
Jimmy,Farris,Jimmy Farris,
John,Farris,John Farris,
Kris,Farris,Kris Farris,
Rojesterman,Farris,Rojesterman Farris,
Tom,Farris,Tom Farris,
Kenneth,Farrow,Kenneth Farrow,
Heath,Farwell,Heath Farwell,
Brett,Faryniarz,Brett Faryniarz,
Randy,Fasani,Randy Fasani,
Anthony,Fasano,Anthony Fasano,
Olumuyiwa,Fashanu,Olumuyiwa Fashanu,
Ciatrick,Fason,Ciatrick Fason,
Greg,Fassitt,Greg Fassitt,
Mario,Fatafehi,Mario Fatafehi,
T.J.,Fatinikun,T.J. Fatinikun,
Folorunso,Fatukasi,Folorunso Fatukasi,
Olakunle,Fatukasi,Olakunle Fatukasi,
Chuck,Faucette,Chuck Faucette,
Kevin,Faulk,Kevin Faulk,
Marshall,Faulk+,Marshall Faulk+,
Trev,Faulk,Trev Faulk,
Chris,Faulkner,Chris Faulkner,
Jeff,Faulkner,Jeff Faulkner,
Staley,Faulkner,Staley Faulkner,
ase,Faumui,ase Faumui,
Wilson,Faumuina,Wilson Faumuina,
Christian,Fauria,Christian Fauria,
Joseph,Fauria,Joseph Fauria,
Ron,Faurot,Ron Faurot,
Frank,Fausch,Frank Fausch,
Dick,Faust,Dick Faust,
George,Faust,George Faust,
Paul,Faust,Paul Faust,
Troy,Fautanu,Troy Fautanu,
Hal,Faverty,Hal Faverty,
Greg,Favors,Greg Favors,
Brett,Favre+,Brett Favre+,
Calvin,Favron,Calvin Favron,
Jake,Fawcett,Jake Fawcett,
Doc,Fay,Doc Fay,
John,Faylor,John Faylor,
Jermaine,Fazande,Jermaine Fazande,
Ron,Fazio,Ron Fazio,
Ricky,Feacher,Ricky Feacher,
Wiley,Feagin,Wiley Feagin,
Jeff,Feagles,Jeff Feagles,
Tom,Feamster,Tom Feamster,
Tom,Fears+,Tom Fears+,
Willie,Fears,Willie Fears,
Grant,Feasel,Grant Feasel,
Greg,Feasel,Greg Feasel,
Bill,Feaster,Bill Feaster,
Tavien,Feaster,Tavien Feaster,
Tiny,Feather,Tiny Feather,
Beattie,Feathers,Beattie Feathers,
Terrence,Fede,Terrence Fede,
Creig,Federico,Creig Federico,
Daniel,Federkeil,Daniel Federkeil,
John,Federovitch,John Federovitch,
Joe,Federspiel,Joe Federspiel,
Walt,Fedora,Walt Fedora,
Gerry,Feehery,Gerry Feehery,
A.J.,Feeley,A.J. Feeley,
Jay,Feely,Jay Feely,
Al,Feeney,Al Feeney,
Dan,Feeney,Dan Feeney,
Howard,Feggins,Howard Feggins,
Nick,Feher,Nick Feher,
Breiden,Fehoko,Breiden Fehoko,
Simi,Fehoko,Simi Fehoko,
Bernie,Feibish,Bernie Feibish,
Andy,Feichtinger,Andy Feichtinger,
Matt,Feiler,Matt Feiler,
Ray,Feinga,Ray Feinga,
Lou,Feist,Lou Feist,
Clayton,Fejedelem,Clayton Fejedelem,
Gene,Fekete,Gene Fekete,
John,Fekete,John Fekete,
Nip,Felber,Nip Felber,
Bill,Feldhaus,Bill Feldhaus,
Paul,Feldhausen,Paul Feldhausen,
Todd,Feldman,Todd Feldman,
Jon,Feliciano,Jon Feliciano,
Gene,Felker,Gene Felker,
Happy,Feller,Happy Feller,
Mark,Fellows,Mark Fellows,
Ron,Fellows,Ron Fellows,
Daniel,Fells,Daniel Fells,
Darren,Fells,Darren Fells,
Dick,Felt,Dick Felt,
Demetric,Felton,Demetric Felton,
Eric,Felton,Eric Felton,
Jerome,Felton,Jerome Felton,
Joe,Felton,Joe Felton,
Ralph,Felton,Ralph Felton,
Bobby,Felts,Bobby Felts,
Tom,Fena,Tom Fena,
Gary,Fencik,Gary Fencik,
Dick,Fencl,Dick Fencl,
James,Fenderson,James Fenderson,
Chuck,Fenenbock,Chuck Fenenbock,
Gill,Fenerty,Gill Fenerty,
Bob,Fenimore,Bob Fenimore,
Carl,Fennema,Carl Fennema,
Chandler,Fenner,Chandler Fenner,
Derrick,Fenner,Derrick Fenner,
Harold,Fenner,Harold Fenner,
Lane,Fenner,Lane Fenner,
Lee,Fenner,Lee Fenner,
Rick,Fenney,Rick Fenney,
Rashad,Fenton,Rashad Fenton,
James,Ferentz,James Ferentz,
Duke,Fergerson,Duke Fergerson,
Bill,Ferguson,Bill Ferguson,
Blake,Ferguson,Blake Ferguson,
Bob,Ferguson,Bob Ferguson,
Charley,Ferguson,Charley Ferguson,
Brickashaw,Ferguson,Brickashaw Ferguson,
Ego,Ferguson,Ego Ferguson,
Gene,Ferguson,Gene Ferguson,
Howie,Ferguson,Howie Ferguson,
Jake,Ferguson,Jake Ferguson,
James,Ferguson,James Ferguson,
Jason,Ferguson,Jason Ferguson,
Jaylon,Ferguson,Jaylon Ferguson,
Joe,Ferguson,Joe Ferguson,
Josh,Ferguson,Josh Ferguson,
Keith,Ferguson,Keith Ferguson,
Kevin,Ferguson,Kevin Ferguson,
Larry,Ferguson,Larry Ferguson,
Nick,Ferguson,Nick Ferguson,
Reid,Ferguson,Reid Ferguson,
Robert,Ferguson,Robert Ferguson,
Tom,Ferguson,Tom Ferguson,
Vagas,Ferguson,Vagas Ferguson,
Fritz,Ferko,Fritz Ferko,
Ron,Fernandes,Ron Fernandes,
Manny,Fernandez,Manny Fernandez,
Mervyn,Fernandez,Mervyn Fernandez,
Ethan,Fernea,Ethan Fernea,
Vince,Ferragamo,Vince Ferragamo,
Jack,Ferrante,Jack Ferrante,
Orlando,Ferrante,Orlando Ferrante,
Frank,Ferrara,Frank Ferrara,
Ron,Ferrari,Ron Ferrari,
Bill,Ferrario,Bill Ferrario,
Bob,Ferrell,Bob Ferrell,
Clelin,Ferrell,Clelin Ferrell,
Earl,Ferrell,Earl Ferrell,
Diamond,Ferri,Diamond Ferri,
Neil,Ferris,Neil Ferris,
Lou,Ferry,Lou Ferry,
Paul,Fersen,Paul Fersen,
Howard,Fest,Howard Fest,
Jim,Fetherston,Jim Fetherston,
Gus,Fetz,Gus Fetz,
Maurice,Ffrench,Maurice Ffrench,
John,Fiala,John Fiala,
Tony,Fiammetta,Tony Fiammetta,
Dan,Ficca,Dan Ficca,
Leon,Fichman,Leon Fichman,
Brad,Fichtel,Brad Fichtel,
Ross,Fichtner,Ross Fichtner,
Sam,Ficken,Sam Ficken,
Bill,Fiedler,Bill Fiedler,
Jay,Fiedler,Jay Fiedler,
C.J.,Fiedorowicz,C.J. Fiedorowicz,
Amod,Field,Amod Field,
Doak,Field,Doak Field,
Harry,Field,Harry Field,
Don,Fielder,Don Fielder,
Anthony,Fieldings,Anthony Fieldings,
Aaron,Fields,Aaron Fields,
Angelo,Fields,Angelo Fields,
Anthony,Fields,Anthony Fields,
Brandon,Fields,Brandon Fields,
Carlos,Fields,Carlos Fields,
DaMarcus,Fields,DaMarcus Fields,
Edgar,Fields,Edgar Fields,
Floyd,Fields,Floyd Fields,
George,Fields,George Fields,
Greg,Fields,Greg Fields,
Jaime,Fields,Jaime Fields,
Jeff,Fields,Jeff Fields,
Jerry,Fields,Jerry Fields,
Jitter,Fields,Jitter Fields,
Joe,Fields,Joe Fields,
Justin,Fields,Justin Fields,
Mark,Fields,Mark Fields,
Mark,Fields,Mark Fields,
Ronald,Fields,Ronald Fields,
Scott,Fields,Scott Fields,
Tony,Fields,Tony Fields,
Ralph,Fife,Ralph Fife,
Bill,Fifer,Bill Fifer,
Steve,Fifita,Steve Fifita,
Cedric,Figaro,Cedric Figaro,
George,Figner,George Figner,
Deon,Figures,Deon Figures,
Yamon,Figurs,Yamon Figurs,
Dan,Fike,Dan Fike,
John,Filak,John Filak,
Frank,Filchock,Frank Filchock,
Jim,Files,Jim Files,
Bojay,Filimoeatu,Bojay Filimoeatu,
Filip,Filipovic,Filip Filipovic,
Steve,Filipowicz,Steve Filipowicz,
Gene,Filipski,Gene Filipski,
John,Fina,John Fina,
Bull,Finch,Bull Finch,
Karl,Finch,Karl Finch,
Sharif,Finch,Sharif Finch,
Steve,Finch,Steve Finch,
Alfred,Fincher,Alfred Fincher,
Derek,Fine,Derek Fine,
Mike,Fink,Mike Fink,
Matt,Finkes,Matt Finkes,
Jim,Finks+,Jim Finks+,
Jack,Finlay,Jack Finlay,
AJ,Finley,AJ Finley,
Clint,Finley,Clint Finley,
Jermichael,Finley,Jermichael Finley,
Ryan,Finley,Ryan Finley,
Bernie,Finn,Bernie Finn,
Jack,Finn,Jack Finn,
Jim,Finn,Jim Finn,
Cortland,Finnegan,Cortland Finnegan,
James,Finnegan,James Finnegan,
Brian,Finneran,Brian Finneran,
Gary,Finneran,Gary Finneran,
B.J.,Finney,B.J. Finney,
Roger,Finnie,Roger Finnie,
Tom,Finnin,Tom Finnin,
Russ,Finsterwald,Russ Finsterwald,
Dave,Finzer,Dave Finzer,
Dave,Fiore,Dave Fiore,
Al,Fiorentino,Al Fiorentino,
Ed,Fiorentino,Ed Fiorentino,
Anthony,Firkser,Anthony Firkser,
Bill,Fischer,Bill Fischer,
Clarke,Fischer,Clarke Fischer,
Clete,Fischer,Clete Fischer,
Mark,Fischer,Mark Fischer,
Pat,Fischer,Pat Fischer,
Joe,Fishback,Joe Fishback,
Dick,Fishel,Dick Fishel,
Blake,Fisher,Blake Fisher,
Bob,Fisher,Bob Fisher,
Bob,Fisher,Bob Fisher,
Bryce,Fisher,Bryce Fisher,
Charles,Fisher,Charles Fisher,
Darrell,Fisher,Darrell Fisher,
Doug,Fisher,Doug Fisher,
Ed,Fisher,Ed Fisher,
Eddie,Fisher,Eddie Fisher,
Eric,Fisher,Eric Fisher,
Ev,Fisher,Ev Fisher,
George,Fisher,George Fisher,
Jake,Fisher,Jake Fisher,
Jeff,Fisher,Jeff Fisher,
Levar,Fisher,Levar Fisher,
Mike,Fisher,Mike Fisher,
Ray,Fisher,Ray Fisher,
Tony,Fisher,Tony Fisher,
Travis,Fisher,Travis Fisher,
Alec,Fishman,Alec Fishman,
Bill,Fisk,Bill Fisk,
Jason,Fisk,Jason Fisk,
Tucker,Fisk,Tucker Fisk,
Braden,Fiske,Braden Fiske,
Max,Fiske,Max Fiske,
Galen,Fiss,Galen Fiss,
Kylie,Fitts,Kylie Fitts,
France,Fitzgerald,France Fitzgerald,
Freeman,Fitzgerald,Freeman Fitzgerald,
Greg,Fitzgerald,Greg Fitzgerald,
Jamie,Fitzgerald,Jamie Fitzgerald,
Jim,Fitzgerald,Jim Fitzgerald,
Joe,Fitzgerald,Joe Fitzgerald,
John,Fitzgerald,John Fitzgerald,
Kevin,Fitzgerald,Kevin Fitzgerald,
Larry,Fitzgerald,Larry Fitzgerald,
Mickey,Fitzgerald,Mickey Fitzgerald,
Mike,Fitzgerald,Mike Fitzgerald,
Paul,Fitzgibbon,Paul Fitzgibbon,
Steve,Fitzhugh,Steve Fitzhugh,
Bob,Fitzke,Bob Fitzke,
Scott,Fitzkee,Scott Fitzkee,
Dez,Fitzpatrick,Dez Fitzpatrick,
James,FitzPatrick,James FitzPatrick,
John,FitzPatrick,John FitzPatrick,
Minkah,Fitzpatrick,Minkah Fitzpatrick,
Ryan,Fitzpatrick,Ryan Fitzpatrick,
Casey,Fitzsimmons,Casey Fitzsimmons,
Joe,Flacco,Joe Flacco,
Jack,Flagerman,Jack Flagerman,
Terrence,Flagler,Terrence Flagler,
Dick,Flaherty,Dick Flaherty,
Harry,Flaherty,Harry Flaherty,
Pat,Flaherty,Pat Flaherty,
Ray,Flaherty+,Ray Flaherty+,
Tom,Flaherty,Tom Flaherty,
Dick,Flanagan,Dick Flanagan,
Ed,Flanagan,Ed Flanagan,
Hoot,Flanagan,Hoot Flanagan,
Latham,Flanagan,Latham Flanagan,
Matt,Flanagan,Matt Flanagan,
Mike,Flanagan,Mike Flanagan,
Jim,Flanigan,Jim Flanigan,
Jim,Flanigan,Jim Flanigan,
John,Flannery,John Flannery,
Bill,Flannigan,Bill Flannigan,
Fowles,,Fowles ,
Paul,Flatley,Paul Flatley,
Willie,Flattery,Willie Flattery,
Jack,Flavin,Jack Flavin,
P.J.,Fleck,P.J. Fleck,
Bill,Fleckenstein,Bill Fleckenstein,
Coby,Fleener,Coby Fleener,
Jack,Fleischmann,Jack Fleischmann,
Cameron,Fleming,Cameron Fleming,
Cory,Fleming,Cory Fleming,
Darius,Fleming,Darius Fleming,
Don,Fleming,Don Fleming,
George,Fleming,George Fleming,
Jamell,Fleming,Jamell Fleming,
Marv,Fleming,Marv Fleming,
Troy,Fleming,Troy Fleming,
Wilmer,Fleming,Wilmer Fleming,
Zeron,Flemister,Zeron Flemister,
Ronald,Flemons,Ronald Flemons,
Mack,Flenniken,Mack Flenniken,
Andrew,Fletcher,Andrew Fletcher,
Arthur,Fletcher,Arthur Fletcher,
Billy,Fletcher,Billy Fletcher,
Bradley,Fletcher,Bradley Fletcher,
Bryan,Fletcher,Bryan Fletcher,
Chris,Fletcher,Chris Fletcher,
Dane,Fletcher,Dane Fletcher,
Derrick,Fletcher,Derrick Fletcher,
Donnie,Fletcher,Donnie Fletcher,
Jamar,Fletcher,Jamar Fletcher,
John,Fletcher,John Fletcher,
London,Fletcher,London Fletcher,
Oliver,Fletcher,Oliver Fletcher,
Simon,Fletcher,Simon Fletcher,
Terrell,Fletcher,Terrell Fletcher,
Tom,Flick,Tom Flick,
Paul,Flinn,Paul Flinn,
Ryan,Flinn,Ryan Flinn,
George,Flint,George Flint,
Judson,Flint,Judson Flint,
Brian,Flones,Brian Flones,
Anthony,Florence,Anthony Florence,
Drayton,Florence,Drayton Florence,
Paul,Florence,Paul Florence,
Mike,Flores,Mike Flores,
Tom,Flores+,Tom Flores+,
Cordale,Flott,Cordale Flott,
Ryan,Flournoy,Ryan Flournoy,
Jim,Flower,Jim Flower,
Bernie,Flowers,Bernie Flowers,
Bob,Flowers,Bob Flowers,
Brandon,Flowers,Brandon Flowers,
Charlie,Flowers,Charlie Flowers,
Dallis,Flowers,Dallis Flowers,
Dick,Flowers,Dick Flowers,
Ereck,Flowers,Ereck Flowers,
Erik,Flowers,Erik Flowers,
Keith,Flowers,Keith Flowers,
Kenny,Flowers,Kenny Flowers,
Larry,Flowers,Larry Flowers,
Lee,Flowers,Lee Flowers,
Marquis,Flowers,Marquis Flowers,
Richmond,Flowers,Richmond Flowers,
Tre,Flowers,Tre Flowers,
Trey,Flowers,Trey Flowers,
Zay,Flowers,Zay Flowers,
Anthony,Floyd,Anthony Floyd,
Bobby,Jack,Bobby Jack,
Chris,Floyd,Chris Floyd,
Don,Floyd,Don Floyd,
Eric,Floyd,Eric Floyd,
George,Floyd,George Floyd,
John,Floyd,John Floyd,
Leonard,Floyd,Leonard Floyd,
Malcolm,Floyd,Malcolm Floyd,
Malcom,Floyd,Malcom Floyd,
Marcus,Floyd,Marcus Floyd,
Michael,Floyd,Michael Floyd,
Owen,Floyd,Owen Floyd,
Sharrif,Floyd,Sharrif Floyd,
Victor,Floyd,Victor Floyd,
William,Floyd,William Floyd,
Andre,Fluellen,Andre Fluellen,
David,Fluellen,David Fluellen,
D.J.,Fluker,D.J. Fluker,
Darren,Flutie,Darren Flutie,
Doug,Flutie,Doug Flutie,
Don,Flynn,Don Flynn,
Furlong,Flynn,Furlong Flynn,
Matt,Flynn,Matt Flynn,
Mike,Flynn,Mike Flynn,
Tom,Flynn,Tom Flynn,
Mark,Flythe,Mark Flythe,
Fred,Foggie,Fred Foggie,
DeShawn,Fogle,DeShawn Fogle,
Moise,Fokou,Moise Fokou,
Spencer,Folau,Spencer Folau,
Hank,Foldberg,Hank Foldberg,
Nick,Foles,Nick Foles,
Dave,Foley,Dave Foley,
Glenn,Foley,Glenn Foley,
Jim,Foley,Jim Foley,
Steve,Foley,Steve Foley,
Steve,Foley,Steve Foley,
Tim,Foley,Tim Foley,
Tim,Foley,Tim Foley,
Dick,Folk,Dick Folk,
Nick,Folk,Nick Folk,
Brian,Folkerts,Brian Folkerts,
Lee,Folkins,Lee Folkins,
Beryl,Follet,Beryl Follet,
Zack,Follett,Zack Follett,
Brendan,Folmar,Brendan Folmar,
J.D.,Folsom,J.D. Folsom,
Steve,Folsom,Steve Folsom,
James,Folston,James Folston,
Vern,Foltz,Vern Foltz,
Art,Folz,Art Folz,
Toniu,Fonoti,Toniu Fonoti,
Albert,Fontenot,Albert Fontenot,
Chris,Fontenot,Chris Fontenot,
Herman,Fontenot,Herman Fontenot,
Jerry,Fontenot,Jerry Fontenot,
Therrian,Fontenot,Therrian Fontenot,
Wayne,Fontes,Wayne Fontes,
Chris,Foote,Chris Foote,
Larry,Foote,Larry Foote,
Dan,Footman,Dan Footman,
Kai,Forbath,Kai Forbath,
Drew,Forbes,Drew Forbes,
Emmanuel,Forbes,Emmanuel Forbes,
Marlon,Forbes,Marlon Forbes,
Adrian,Ford,Adrian Ford,
Bernard,Ford,Bernard Ford,
Brad,Ford,Brad Ford,
Carl,Ford,Carl Ford,
Charlie,Ford,Charlie Ford,
Chase,Ford,Chase Ford,
Chris,Ford,Chris Ford,
Cody,Ford,Cody Ford,
Cole,Ford,Cole Ford,
Darryl,Ford,Darryl Ford,
Dee,Ford,Dee Ford,
Fred,Ford,Fred Ford,
Garrett,Ford,Garrett Ford,
Henry,Ford,Henry Ford,
Henry,Ford,Henry Ford,
Isaiah,Ford,Isaiah Ford,
Jacob,Ford,Jacob Ford,
Jacoby,Ford,Jacoby Ford,
James,Ford,James Ford,
Jaylan,Ford,Jaylan Ford,
Jerome,Ford,Jerome Ford,
John,Ford,John Ford,
Jonathan,Ford,Jonathan Ford,
Keith,Ford,Keith Ford,
Len,Ford+,Len Ford+,
Michael,Ford,Michael Ford,
Mike,Ford,Mike Ford,
Moses,Ford,Moses Ford,
Poona,Ford,Poona Ford,
Rudy,Ford,Rudy Ford,
Salem,Ford,Salem Ford,
Trevor,Ford,Trevor Ford,
Wheaton,,Wheaton ,
Brian,Forde,Brian Forde,
Jim,Fordham,Jim Fordham,
Todd,Fordham,Todd Fordham,
Chuck,Foreman,Chuck Foreman,
Onta,Foreman,Onta Foreman,
Jay,Foreman,Jay Foreman,
Bill,Forester,Bill Forester,
Herschel,Forester,Herschel Forester,
Nick,Forkovitch,Nick Forkovitch,
Kynan,Forney,Kynan Forney,
Phil,Forney,Phil Forney,
Darrick,Forrest,Darrick Forrest,
Eddie,Forrest,Eddie Forrest,
Josh,Forrest,Josh Forrest,
Tom,Forrest,Tom Forrest,
Miller,Forristall,Miller Forristall,
Fred,Forsberg,Fred Forsberg,
Justin,Forsett,Justin Forsett,
Brock,Forsey,Brock Forsey,
Dutch,Forst,Dutch Forst,
Marcus,Forston,Marcus Forston,
Alex,Forsyth,Alex Forsyth,
Ben,Forsyth,Ben Forsyth,
Stone,Forsythe,Stone Forsythe,
L.J.,Fort,L.J. Fort,
Aldo,Forte,Aldo Forte,
Bob,Forte,Bob Forte,
Ike,Forte,Ike Forte,
Matt,Forte,Matt Forte,
Roman,Fortin,Roman Fortin,
Danny,Fortmann+,Danny Fortmann+,
Luke,Fortner,Luke Fortner,
Jody,Fortson,Jody Fortson,
Khairi,Fortt,Khairi Fortt,
Joe,Fortunato,Joe Fortunato,
Joe,Fortunato,Joe Fortunato,
Bill,Fortune,Bill Fortune,
Elliott,Fortune,Elliott Fortune,
Hosea,Fortune,Hosea Fortune,
John,Foruria,John Foruria,
J.P.,Foschi,J.P. Foschi,
Bob,Fosdick,Bob Fosdick,
Isaiah,Foskey,Isaiah Foskey,
Arian,Foster,Arian Foster,
Barry,Foster,Barry Foster,
Bob,Foster,Bob Foster,
D.J.,Foster,D.J. Foster,
Derrick,Foster,Derrick Foster,
DeShaun,Foster,DeShaun Foster,
Eddie,Foster,Eddie Foster,
Eric,Foster,Eric Foster,
Fred,Foster,Fred Foster,
Gene,Foster,Gene Foster,
George,Foster,George Foster,
Glenn,Foster,Glenn Foster,
Javon,Foster,Javon Foster,
Jerome,Foster,Jerome Foster,
Larry,Foster,Larry Foster,
Mason,Foster,Mason Foster,
Ralph,Foster,Ralph Foster,
Ramon,Foster,Ramon Foster,
Renardo,Foster,Renardo Foster,
Reuben,Foster,Reuben Foster,
Robert,Foster,Robert Foster,
Ron,Foster,Ron Foster,
Roy,Foster,Roy Foster,
Wally,Foster,Wally Foster,
Will,Foster,Will Foster,
Cole,Fotheringham,Cole Fotheringham,
Leki,Fotu,Leki Fotu,
David,Foucault,David Foucault,
Elbert,Foules,Elbert Foules,
Daurice,Fountain,Daurice Fountain,
Jamal,Fountaine,Jamal Fountaine,
John,Fourcade,John Fourcade,
Keith,Fourcade,Keith Fourcade,
Sid,Fournet,Sid Fournet,
Leonard,Fournette,Leonard Fournette,
Dan,Fouts+,Dan Fouts+,
Amos,Fowler,Amos Fowler,
Aubrey,Fowler,Aubrey Fowler,
Bennie,Fowler,Bennie Fowler,
Bobby,Fowler,Bobby Fowler,
Bobby,Fowler,Bobby Fowler,
Charlie,Fowler,Charlie Fowler,
Dan,Fowler,Dan Fowler,
Dante,Fowler,Dante Fowler,
Eric,Fowler,Eric Fowler,
Jalston,Fowler,Jalston Fowler,
Jerry,Fowler,Jerry Fowler,
Melvin,Fowler,Melvin Fowler,
Ryan,Fowler,Ryan Fowler,
Todd,Fowler,Todd Fowler,
Wayne,Fowler,Wayne Fowler,
Willmer,Fowler,Willmer Fowler,
Dennis,Fowlkes,Dennis Fowlkes,
Chas,Fox,Chas Fox,
Dan,Fox,Dan Fox,
Dustin,Fox,Dustin Fox,
Jack,Fox,Jack Fox,
Jason,Fox,Jason Fox,
Keyaron,Fox,Keyaron Fox,
Mike,Fox,Mike Fox,
Morgan,Fox,Morgan Fox,
Sam,Fox,Sam Fox,
Scott,Fox,Scott Fox,
Terry,Fox,Terry Fox,
Tim,Fox,Tim Fox,
Tomon,Fox,Tomon Fox,
Vernon,Fox,Vernon Fox,
Domonique,Foxworth,Domonique Foxworth,
Dion,Foxx,Dion Foxx,
Mitchell,Fraboni,Mitchell Fraboni,
Reid,Fragel,Reid Fragel,
Dick,Frahm,Dick Frahm,
Todd,Frain,Todd Frain,
Hank,Fraley,Hank Fraley,
Bill,Fralic,Bill Fralic,
Eric,Frampton,Eric Frampton,
Doug,France,Doug France,
Todd,France,Todd France,
Pete,Franceschi,Pete Franceschi,
Jason,Franci,Jason Franci,
Chris,Francies,Chris Francies,
Coye,Francies,Coye Francies,
A.J.,Francis,A.J. Francis,
Carlos,Francis,Carlos Francis,
Dave,Francis,Dave Francis,
Gene,Francis,Gene Francis,
Jacobi,Francis,Jacobi Francis,
James,Francis,James Francis,
Jeff,Francis,Jeff Francis,
Joe,Francis,Joe Francis,
Jon,Francis,Jon Francis,
Justin,Francis,Justin Francis,
Phil,Francis,Phil Francis,
Ron,Francis,Ron Francis,
Russ,Francis,Russ Francis,
Sam,Francis,Sam Francis,
Wallace,Francis,Wallace Francis,
Aaron,Francisco,Aaron Francisco,
George,Franck,George Franck,
Tom,Franckhauser,Tom Franckhauser,
Mike,Franckowiak,Mike Franckowiak,
Brian,Franco,Brian Franco,
Ed,Franco,Ed Franco,
Rob,Francois,Rob Francois,
Bill,Frank,Bill Frank,
Donald,Frank,Donald Frank,
Joe,Frank,Joe Frank,
John,Frank,John Frank,
Malcolm,Frank,Malcolm Frank,
Paul,Frank,Paul Frank,
Ike,Frankian,Ike Frankian,
Andra,Franklin,Andra Franklin,
Arnold,Franklin,Arnold Franklin,
Aubrayo,Franklin,Aubrayo Franklin,
Bobby,Franklin,Bobby Franklin,
Brad,Franklin,Brad Franklin,
Byron,Franklin,Byron Franklin,
Cleveland,Franklin,Cleveland Franklin,
Collin,Franklin,Collin Franklin,
Dennis,Franklin,Dennis Franklin,
George,Franklin,George Franklin,
Jerrell,Franklin,Jerrell Franklin,
Jerry,Franklin,Jerry Franklin,
Jethro,Franklin,Jethro Franklin,
John,Franklin,John Franklin,
Johnathan,Franklin,Johnathan Franklin,
Keith,Franklin,Keith Franklin,
Larry,Franklin,Larry Franklin,
Orlando,Franklin,Orlando Franklin,
P.J.,Franklin,P.J. Franklin,
Pat,Franklin,Pat Franklin,
Paul,Franklin,Paul Franklin,
Red,Franklin,Red Franklin,
Sam,Franklin,Sam Franklin,
Stephen,Franklin,Stephen Franklin,
Tony,Franklin,Tony Franklin,
Troy,Franklin,Troy Franklin,
Will,Franklin,Will Franklin,
Willie,Franklin,Willie Franklin,
Zaire,Franklin,Zaire Franklin,
Myers,,Myers ,
Ray,Frankowski,Ray Frankowski,
Andrew,Franks,Andrew Franks,
Bubba,Franks,Bubba Franks,
Dennis,Franks,Dennis Franks,
Dominique,Franks,Dominique Franks,
Elvis,Franks,Elvis Franks,
Feleipe,Franks,Feleipe Franks,
Jordan,Franks,Jordan Franks,
Herb,Franta,Herb Franta,
John,Frantz,John Frantz,
Nolan,Franz,Nolan Franz,
Todd,Franz,Todd Franz,
Tracy,Franz,Tracy Franz,
Paul,Frase,Paul Frase,
Jim,Fraser,Jim Fraser,
Simon,Fraser,Simon Fraser,
Al,Frazier,Al Frazier,
Andre,Frazier,Andre Frazier,
Charley,Frazier,Charley Frazier,
Cliff,Frazier,Cliff Frazier,
Curt,Frazier,Curt Frazier,
Derrick,Frazier,Derrick Frazier,
Frank,Frazier,Frank Frazier,
Guy,Frazier,Guy Frazier,
Kavon,Frazier,Kavon Frazier,
Lance,Frazier,Lance Frazier,
Leslie,Frazier,Leslie Frazier,
Mose,Frazier,Mose Frazier,
Paul,Frazier,Paul Frazier,
Randy,Frazier,Randy Frazier,
Wayne,Frazier,Wayne Frazier,
Willie,Frazier,Willie Frazier,
Zach,Frazier,Zach Frazier,
Andy,Frederick,Andy Frederick,
Mike,Frederick,Mike Frederick,
Terrence,Frederick,Terrence Frederick,
Travis,Frederick,Travis Frederick,
Tucker,Frederickson,Tucker Frederickson,
Rob,Fredrickson,Rob Fredrickson,
Doug,Free,Doug Free,
Blake,Freeland,Blake Freeland,
Solomon,Freelon,Solomon Freelon,
Antonio,Freeman,Antonio Freeman,
Arturo,Freeman,Arturo Freeman,
Bobby,Freeman,Bobby Freeman,
Dalton,Freeman,Dalton Freeman,
Devonta,Freeman,Devonta Freeman,
Eddie,Freeman,Eddie Freeman,
Jack,Freeman,Jack Freeman,
Jerrell,Freeman,Jerrell Freeman,
Josh,Freeman,Josh Freeman,
Lorenzo,Freeman,Lorenzo Freeman,
Mike,Freeman,Mike Freeman,
Mike,Freeman,Mike Freeman,
Phil,Freeman,Phil Freeman,
Reggie,Freeman,Reggie Freeman,
Royce,Freeman,Royce Freeman,
Russ,Freeman,Russ Freeman,
Steve,Freeman,Steve Freeman,
Dwight,Freeney+,Dwight Freeney+,
Jonathan,Freeny,Jonathan Freeny,
Nate,Freese,Nate Freese,
Pat,Freiermuth,Pat Freiermuth,
Jesse,Freitas,Jesse Freitas,
Jesse,Freitas,Jesse Freitas,
Makoa,Freitas,Makoa Freitas,
Rocky,Freitas,Rocky Freitas,
Barry,French,Barry French,
Ernest,French,Ernest French,
Walter,French,Walter French,
Wesley,French,Wesley French,
Gus,Frerotte,Gus Frerotte,
Mitch,Frerotte,Mitch Frerotte,
Nolan,Frese,Nolan Frese,
Dick,Frey,Dick Frey,
Glenn,Frey,Glenn Frey,
Isaiah,Frey,Isaiah Frey,
Ray,Frick,Ray Frick,
Ben,Fricke,Ben Fricke,
Walt,Frickey,Walt Frickey,
Larry,Friday,Larry Friday,
Mike,Friede,Mike Friede,
Bob,Friedlund,Bob Friedlund,
Benny,Friedman+,Benny Friedman+,
Bob,Friedman,Bob Friedman,
Jake,Friedman,Jake Friedman,
Lennie,Friedman,Lennie Friedman,
Ben,Friend,Ben Friend,
Mike,Frier,Mike Frier,
Sherwood,Fries,Sherwood Fries,
Will,Fries,Will Fries,
John,Friesz,John Friesz,
Byron,Frisch,Byron Frisch,
David,Frisch,David Frisch,
Ernie,Fritsch,Ernie Fritsch,
Louie,Fritsch,Louie Fritsch,
Ted,Fritsch,Ted Fritsch,
Ted,Fritsch,Ted Fritsch,
Toni,Fritsch,Toni Fritsch,
George,Fritts,George Fritts,
Stan,Fritts,Stan Fritts,
Ralph,Fritz,Ralph Fritz,
Jim,Fritzsche,Jim Fritzsche,
William,Frizzell,William Frizzell,
Len,Frketich,Len Frketich,
Bill,Frohbose,Bill Frohbose,
Hjalte,Froholdt,Hjalte Froholdt,
Jake,Fromm,Jake Fromm,
Andy,Fronczek,Andy Fronczek,
John,Frongillo,John Frongillo,
Derrick,Frost,Derrick Frost,
Ken,Frost,Ken Frost,
Scott,Frost,Scott Frost,
Isaac,Fruechte,Isaac Fruechte,
Jim,Frugone,Jim Frugone,
Babe,Frump,Babe Frump,
Ed,Frutig,Ed Frutig,
Bob,Fry,Bob Fry,
Dustin,Fry,Dustin Fry,
Elliott,Fry,Elliott Fry,
Harry,Fry,Harry Fry,
Wes,Fry,Wes Fry,
Irving,Fryar,Irving Fryar,
Brandon,Frye,Brandon Frye,
Charlie,Frye,Charlie Frye,
David,Frye,David Frye,
Phil,Frye,Phil Frye,
Brian,Fryer,Brian Fryer,
Kenny,Fryer,Kenny Fryer,
Alani,Fua,Alani Fua,
Sione,Fua,Sione Fua,
Taliese,Fuaga,Taliese Fuaga,
afala,,afala ,
Dom,Fucci,Dom Fucci,
Jamaal,Fudge,Jamaal Fudge,
Jean,Fugett,Jean Fugett,
Dick,Fugler,Dick Fugler,
Scott,Fujita,Scott Fujita,
Bill,Fulcher,Bill Fulcher,
David,Fulcher,David Fulcher,
Mondriel,Fulcher,Mondriel Fulcher,
Travis,Fulgham,Travis Fulgham,
Scott,Fulhage,Scott Fulhage,
Aaron,Fuller,Aaron Fuller,
Charley,Fuller,Charley Fuller,
Corey,Fuller,Corey Fuller,
Corey,Fuller,Corey Fuller,
Curtis,Fuller,Curtis Fuller,
Eddie,Fuller,Eddie Fuller,
Frank,Fuller,Frank Fuller,
James,Fuller,James Fuller,
Jeff,Fuller,Jeff Fuller,
Joe,Fuller,Joe Fuller,
Johnny,Fuller,Johnny Fuller,
Jordan,Fuller,Jordan Fuller,
Kendall,Fuller,Kendall Fuller,
Kyle,Fuller,Kyle Fuller,
Kyle,Fuller,Kyle Fuller,
Larry,Fuller,Larry Fuller,
Mike,Fuller,Mike Fuller,
Randy,Fuller,Randy Fuller,
Steve,Fuller,Steve Fuller,
Vincent,Fuller,Vincent Fuller,
Will,Fuller,Will Fuller,
William,Fuller,William Fuller,
Ed,Fullerton,Ed Fullerton,
Darrell,Fullington,Darrell Fullington,
John,Fullington,John Fullington,
Brent,Fullwood,Brent Fullwood,
Danny,Fulton,Danny Fulton,
Ed,Fulton,Ed Fulton,
Ken,Fulton,Ken Fulton,
Kristian,Fulton,Kristian Fulton,
Ted,Fulton,Ted Fulton,
Zach,Fulton,Zach Fulton,
Mike,Fultz,Mike Fultz,
Troy,Fumagalli,Troy Fumagalli,
Devin,Funchess,Devin Funchess,
Tom,Funchess,Tom Funchess,
Tyrek,Funderburk,Tyrek Funderburk,
Jake,Funk,Jake Funk,
John,Fuqua,John Fuqua,
Ray,Fuqua,Ray Fuqua,
Jim,Furey,Jim Furey,
Tony,Furjanic,Tony Furjanic,
Steve,Furness,Steve Furness,
Will,Furrer,Will Furrer,
Mike,Furrey,Mike Furrey,
Tony,Furst,Tony Furst,
Brandon,Fusco,Brandon Fusco,
Chuck,Fusina,Chuck Fusina,
Thomas,Fussell,Thomas Fussell,
Bobby,Futrell,Bobby Futrell,
Steve,Gabbard,Steve Gabbard,
Blaine,Gabbert,Blaine Gabbert,
John,Gabler,John Gabler,
Doug,Gabriel,Doug Gabriel,
Roman,Gabriel,Roman Gabriel,
Taylor,Gabriel,Taylor Gabriel,
Andrew,Gachkar,Andrew Gachkar,
Dennis,Gadbois,Dennis Gadbois,
Bob,Gaddis,Bob Gaddis,
Christian,Gaddis,Christian Gaddis,
Samkon,Gado,Samkon Gado,
Oronde,Gadsden,Oronde Gadsden,
Mike,Gaechter,Mike Gaechter,
Derrick,Gaffney,Derrick Gaffney,
Jabar,Gaffney,Jabar Gaffney,
Jeff,Gaffney,Jeff Gaffney,
Jim,Gaffney,Jim Gaffney,
Monk,Gafford,Monk Gafford,
Rico,Gafford,Rico Gafford,
Thomas,Gafford,Thomas Gafford,
Bob,Gage,Bob Gage,
Justin,Gage,Justin Gage,
Russell,Gage,Russell Gage,
Steve,Gage,Steve Gage,
Bob,Gagliano,Bob Gagliano,
Larry,Gagner,Larry Gagner,
Dave,Gagnon,Dave Gagnon,
Roy,Gagnon,Roy Gagnon,
Lamont,Gaillard,Lamont Gaillard,
Bob,Gain,Bob Gain,
Amari,Gainer,Amari Gainer,
Derrick,Gainer,Derrick Gainer,
Charles,Gaines,Charles Gaines,
Chris,Gaines,Chris Gaines,
Clark,Gaines,Clark Gaines,
E.J.,Gaines,E.J. Gaines,
Greg,Gaines,Greg Gaines,
Greg,Gaines,Greg Gaines,
Innis,Gaines,Innis Gaines,
Jon,Gaines,Jon Gaines,
Lawrence,Gaines,Lawrence Gaines,
Michael,Gaines,Michael Gaines,
Phillip,Gaines,Phillip Gaines,
Sheldon,Gaines,Sheldon Gaines,
Wendall,Gaines,Wendall Gaines,
Wentford,Gaines,Wentford Gaines,
William,Gaines,William Gaines,
Charlie,Gainor,Charlie Gainor,
Kenneth,Gainwell,Kenneth Gainwell,
George,Gaiser,George Gaiser,
Blane,Gaison,Blane Gaison,
Tony,Gaiter,Tony Gaiter,
Bob,Gaiters,Bob Gaiters,
Jared,Gaither,Jared Gaither,
Omar,Gaither,Omar Gaither,
Anthony,Gaitor,Anthony Gaitor,
Hokie,Gajan,Hokie Gajan,
Stan,Galazin,Stan Galazin,
Scott,Galbraith,Scott Galbraith,
Harry,Galbreath,Harry Galbreath,
Tony,Galbreath,Tony Galbreath,
Tipa,Galeai,Tipa Galeai,
Dion,Gales,Dion Gales,
Junior,Galette,Junior Galette,
Arnie,Galiffa,Arnie Galiffa,
Ed,Galigher,Ed Galigher,
Willie,Galimore,Willie Galimore,
Bernie,Gallagher,Bernie Gallagher,
Dave,Gallagher,Dave Gallagher,
Ed,Gallagher,Ed Gallagher,
Frank,Gallagher,Frank Gallagher,
Allen,Gallaher,Allen Gallaher,
Tommy,Gallarda,Tommy Gallarda,
Hugh,Gallarneau,Hugh Gallarneau,
Chon,Gallegos,Chon Gallegos,
Jim,Gallery,Jim Gallery,
Nick,Gallery,Nick Gallery,
Robert,Gallery,Robert Gallery,
Andy,Gallik,Andy Gallik,
Neville,Gallimore,Neville Gallimore,
Laroni,Gallishaw,Laroni Gallishaw,
Wayne,Gallman,Wayne Gallman,
Tony,Gallovich,Tony Gallovich,
David,Galloway,David Galloway,
Duane,Galloway,Duane Galloway,
Joey,Galloway,Joey Galloway,
Mitchell,Galloway,Mitchell Galloway,
Michael,Gallup,Michael Gallup,
Connor,Galvin,Connor Galvin,
John,Galvin,John Galvin,
John,Galvin,John Galvin,
Scott,Galyon,Scott Galyon,
Vincent,Gamache,Vincent Gamache,
Lu,Gambino,Lu Gambino,
Chris,Gamble,Chris Gamble,
Darryl,Gamble,Darryl Gamble,
David,Gamble,David Gamble,
Kenny,Gamble,Kenny Gamble,
R.C.,Gamble,R.C. Gamble,
Trent,Gamble,Trent Gamble,
Chris,Gambol,Chris Gambol,
Bob,Gambold,Bob Gambold,
Billy,Gambrell,Billy Gambrell,
Kendall,Gammon,Kendall Gammon,
Rusty,Ganas,Rusty Ganas,
Terrance,Ganaway,Terrance Ganaway,
Sonny,Gandee,Sonny Gandee,
Dylan,Gandy,Dylan Gandy,
Mike,Gandy,Mike Gandy,
Wayne,Gandy,Wayne Gandy,
Golden,,Golden ,
Mike,Gann,Mike Gann,
Chris,Gannon,Chris Gannon,
Rich,Gannon,Rich Gannon,
Graham,Gano,Graham Gano,
Al,Gansberg,Al Gansberg,
Brian,Gant,Brian Gant,
Dallas,Gant,Dallas Gant,
Earl,Gant,Earl Gant,
Kenneth,Gant,Kenneth Gant,
Reuben,Gant,Reuben Gant,
Milt,Gantenbein,Milt Gantenbein,
Quinton,Ganther,Quinton Ganther,
Greg,Gantt,Greg Gantt,
Jerry,Gantt,Jerry Gantt,
Bob,Gaona,Bob Gaona,
Mark,Garalczyk,Mark Garalczyk,
Antonio,Garay,Antonio Garay,
Tony,Garbarczyk,Tony Garbarczyk,
Bubba,Garcia,Bubba Garcia,
Eddie,Garcia,Eddie Garcia,
Elijah,Garcia,Elijah Garcia,
Frank,Garcia,Frank Garcia,
Frank,Garcia,Frank Garcia,
Jeff,Garcia,Jeff Garcia,
Jim,Garcia,Jim Garcia,
Max,Garcia,Max Garcia,
Teddy,Garcia,Teddy Garcia,
Williams,,Williams ,
Pierre,Garcon,Pierre Garcon,
Dennis,Gardeck,Dennis Gardeck,
Gus,Gardella,Gus Gardella,
Frank,Garden,Frank Garden,
Daryl,Gardener,Daryl Gardener,
Ron,Gardin,Ron Gardin,
Andrew,Gardner,Andrew Gardner,
Barry,Gardner,Barry Gardner,
Birdie,Gardner,Birdie Gardner,
Carwell,Gardner,Carwell Gardner,
Derrick,Gardner,Derrick Gardner,
Don,Gardner,Don Gardner,
Donnie,Gardner,Donnie Gardner,
Ellis,Gardner,Ellis Gardner,
Gilbert,Gardner,Gilbert Gardner,
Isaiah,Gardner,Isaiah Gardner,
Moe,Gardner,Moe Gardner,
Moose,Gardner,Moose Gardner,
Rich,Gardner,Rich Gardner,
Rod,Gardner,Rod Gardner,
Sauce,Gardner,Sauce Gardner,
Talman,Gardner,Talman Gardner,
Johnson,,Johnson ,
Chris,Gardocki,Chris Gardocki,
Ben,Garland,Ben Garland,
Chris,Garlich,Chris Garlich,
Don,Garlin,Don Garlin,
John,Garlington,John Garlington,
Kelvin,Garmon,Kelvin Garmon,
Bill,Garnaas,Bill Garnaas,
Bob,Garner,Bob Garner,
Bob,Garner,Bob Garner,
Charlie,Garner,Charlie Garner,
Dwight,Garner,Dwight Garner,
Hal,Garner,Hal Garner,
Mekhi,Garner,Mekhi Garner,
Nate,Garner,Nate Garner,
Sam,Garnes,Sam Garnes,
Dave,Garnett,Dave Garnett,
Joshua,Garnett,Joshua Garnett,
Scott,Garnett,Scott Garnett,
Winfield,Garnett,Winfield Garnett,
Bill,Garnjost,Bill Garnjost,
Jimmy,Garoppolo,Jimmy Garoppolo,
David,Garrard,David Garrard,
Alvin,Garrett,Alvin Garrett,
Bobby,Garrett,Bobby Garrett,
Budge,Garrett,Budge Garrett,
Carl,Garrett,Carl Garrett,
Chris,Garrett,Chris Garrett,
Curtis,Garrett,Curtis Garrett,
Drake,Garrett,Drake Garrett,
Dub,Garrett,Dub Garrett,
J.D.,Garrett,J.D. Garrett,
Jason,Garrett,Jason Garrett,
John,Garrett,John Garrett,
Kevin,Garrett,Kevin Garrett,
Len,Garrett,Len Garrett,
Mike,Garrett,Mike Garrett,
Mike,Garrett,Mike Garrett,
Myles,Garrett,Myles Garrett,
Reggie,Garrett,Reggie Garrett,
Shane,Garrett,Shane Garrett,
Thurman,Garrett,Thurman Garrett,
Gary,Garrison,Gary Garrison,
Walt,Garrison,Walt Garrison,
Gregg,Garrity,Gregg Garrity,
Larry,Garron,Larry Garron,
Eric,Garror,Eric Garror,
Leon,Garror,Leon Garror,
Ben,Garry,Ben Garry,
Chris,Gartner,Chris Gartner,
Franny,Garvey,Franny Garvey,
Hec,Garvey,Hec Garvey,
Jonathan,Garvin,Jonathan Garvin,
Terence,Garvin,Terence Garvin,
Cleveland,Gary,Cleveland Gary,
Keith,Gary,Keith Gary,
Olandis,Gary,Olandis Gary,
Rashan,Gary,Rashan Gary,
Russell,Gary,Russell Gary,
Shamiel,Gary,Shamiel Gary,
Willie,Gary,Willie Gary,
Dan,Garza,Dan Garza,
Roberto,Garza,Roberto Garza,
Sammy,Garza,Sammy Garza,
Mike,Garzoni,Mike Garzoni,
Sam,Gash,Sam Gash,
Thane,Gash,Thane Gash,
Myles,Gaskin,Myles Gaskin,
Kendall,Gaskins,Kendall Gaskins,
Percell,Gaskins,Percell Gaskins,
Joe,Gasparella,Joe Gasparella,
Michael,Gasperson,Michael Gasperson,
Ron,Gassert,Ron Gassert,
Mark,Gastineau,Mark Gastineau,
Bruce,Gaston,Bruce Gaston,
Willie,Gaston,Willie Gaston,
Gates,,Gates ,
Antonio,Gates+,Antonio Gates+,
Clyde,Gates,Clyde Gates,
DeMarquis,Gates,DeMarquis Gates,
Lionel,Gates,Lionel Gates,
Nick,Gates,Nick Gates,
Curtis,Gatewood,Curtis Gatewood,
Les,Gatewood,Les Gatewood,
Thom,Gatewood,Thom Gatewood,
Rico,Gathers,Rico Gathers,
Frank,Gatski+,Frank Gatski+,
Gregory,Gatson,Gregory Gatson,
Josh,Gattis,Josh Gattis,
Dennis,Gaubatz,Dennis Gaubatz,
Bob,Gaudio,Bob Gaudio,
Charlie,Gauer,Charlie Gauer,
Frank,Gaul,Frank Gaul,
Rashaan,Gaulden,Rashaan Gaulden,
Hal,Gaulke,Hal Gaulke,
Billy,Gault,Billy Gault,
Don,Gault,Don Gault,
Willie,Gault,Willie Gault,
Steve,Gaunty,Steve Gaunty,
Frank,Gause,Frank Gause,
Quentin,Gause,Quentin Gause,
Dutch,Gaustad,Dutch Gaustad,
Prentice,Gautt,Prentice Gautt,
Mike,Gavagan,Mike Gavagan,
Buck,Gavin,Buck Gavin,
Chuck,Gavin,Chuck Gavin,
Momcilo,Gavric,Momcilo Gavric,
Ben,Gay,Ben Gay,
Billy,Gay,Billy Gay,
Blenda,Gay,Blenda Gay,
Chet,Gay,Chet Gay,
Everett,Gay,Everett Gay,
Jordan,Gay,Jordan Gay,
Matt,Gay,Matt Gay,
Matt,Gay,Matt Gay,
Randall,Gay,Randall Gay,
William,Gay,William Gay,
William,Gay,William Gay,
Willie,Gay,Willie Gay,
Kent,Gaydos,Kent Gaydos,
Ali,Gaye,Ali Gaye,
Chuck,Gayer,Chuck Gayer,
Rashid,Gayle,Rashid Gayle,
Shaun,Gayle,Shaun Gayle,
Trevor,Gaylor,Trevor Gaylor,
Doug,Gaynor,Doug Gaynor,
Frank,Gaziano,Frank Gaziano,
Joe,Gaziano,Joe Gaziano,
Biamila,,Biamila ,
Biamila,,Biamila ,
Cory,Geason,Cory Geason,
Ron,Geater,Ron Geater,
Clayton,Geathers,Clayton Geathers,
Clifton,Geathers,Clifton Geathers,
Jumpy,Geathers,Jumpy Geathers,
Kwame,Geathers,Kwame Geathers,
Robert,Geathers,Robert Geathers,
Bob,Geddes,Bob Geddes,
Ken,Geddes,Ken Geddes,
Ben,Gedeon,Ben Gedeon,
Gene,Gedman,Gene Gedman,
Chris,Gedney,Chris Gedney,
Mark,Gehring,Mark Gehring,
Bruce,Gehrke,Bruce Gehrke,
Fred,Gehrke,Fred Gehrke,
Jack,Gehrke,Jack Gehrke,
Kaylon,Geiger,Kaylon Geiger,
Chris,Geile,Chris Geile,
Justin,Geisinger,Justin Geisinger,
Chuck,Gelatka,Chuck Gelatka,
Stan,Gelbaugh,Stan Gelbaugh,
Pete,Gent,Pete Gent,
Byron,Gentry,Byron Gentry,
Curt,Gentry,Curt Gentry,
Dale,Gentry,Dale Gentry,
Dennis,Gentry,Dennis Gentry,
Lee,Gentry,Lee Gentry,
Tanner,Gentry,Tanner Gentry,
Weldon,Gentry,Weldon Gentry,
Zach,Gentry,Zach Gentry,
Allan,George,Allan George,
Bill,George+,Bill George+,
Carl,George,Carl George,
Ed,George,Ed George,
Eddie,George,Eddie George,
Jeff,George,Jeff George,
Jeff,George,Jeff George,
Jeremiah,George,Jeremiah George,
Matt,George,Matt George,
Ray,George,Ray George,
Ron,George,Ron George,
Spencer,George,Spencer George,
Steve,George,Steve George,
Tim,George,Tim George,
Tony,George,Tony George,
Sid,Gepford,Sid Gepford,
John,Gerak,John Gerak,
K.J.,Gerard,K.J. Gerard,
Patsy,Gerardi,Patsy Gerardi,
Woody,Gerber,Woody Gerber,
Tom,Geredine,Tom Geredine,
Roy,Gerela,Roy Gerela,
Chris,Gerhard,Chris Gerhard,
Garth,Gerhart,Garth Gerhart,
Toby,Gerhart,Toby Gerhart,
Tom,Gerhart,Tom Gerhart,
Joe,Geri,Joe Geri,
Joe,Germaine,Joe Germaine,
Jammi,German,Jammi German,
Jimmy,German,Jimmy German,
Reggie,Germany,Reggie Germany,
Willie,Germany,Willie Germany,
Nathan,Gerry,Nathan Gerry,
Carl,Gersbach,Carl Gersbach,
Rick,Gervais,Rick Gervais,
Jake,Gervase,Jake Gervase,
John,Gesek,John Gesek,
Mike,Gesicki,Mike Gesicki,
Chas,Gessner,Chas Gessner,
Gorham,Getchell,Gorham Getchell,
Adam,Gettis,Adam Gettis,
David,Gettis,David Gettis,
Charlie,Getty,Charlie Getty,
Fred,Getz,Fred Getz,
Lee,Getz,Lee Getz,
Bill,Geyer,Bill Geyer,
Lou,Ghecas,Lou Ghecas,
Brandon,Ghee,Brandon Ghee,
Milt,Ghee,Milt Ghee,
Ronnie,Ghent,Ronnie Ghent,
Vern,Ghersanich,Vern Ghersanich,
Eric,Ghiaciuc,Eric Ghiaciuc,
Vernon,Gholston,Vernon Gholston,
William,Gholston,William Gholston,
Ralph,Giacomarro,Ralph Giacomarro,
Breno,Giacomini,Breno Giacomini,
Louie,Giammona,Louie Giammona,
Hal,Giancanelli,Hal Giancanelli,
Mario,Giannelli,Mario Giannelli,
Frank,Giannetti,Frank Giannetti,
John,Giannoni,John Giannoni,
Nick,Giaquinto,Nick Giaquinto,
Bill,Giaver,Bill Giaver,
Jack,Gibbens,Jack Gibbens,
Jim,Gibbons,Jim Gibbons,
Mike,Gibbons,Mike Gibbons,
Donnie,Gibbs,Donnie Gibbs,
Jahmyr,Gibbs,Jahmyr Gibbs,
Pat,Gibbs,Pat Gibbs,
Sonny,Gibbs,Sonny Gibbs,
Andy,Gibler,Andy Gibler,
Robert,Giblin,Robert Giblin,
Abe,Gibron,Abe Gibron,
Aaron,Gibson,Aaron Gibson,
Alec,Gibson,Alec Gibson,
Antonio,Gibson,Antonio Gibson,
Antonio,Gibson,Antonio Gibson,
Brandon,Gibson,Brandon Gibson,
Butch,Gibson,Butch Gibson,
Claude,Gibson,Claude Gibson,
Damon,Gibson,Damon Gibson,
David,Gibson,David Gibson,
Dennis,Gibson,Dennis Gibson,
Derrick,Gibson,Derrick Gibson,
Dick,Gibson,Dick Gibson,
Ernest,Gibson,Ernest Gibson,
Gary,Gibson,Gary Gibson,
George,Gibson,George Gibson,
Joe,Gibson,Joe Gibson,
Mike,Gibson,Mike Gibson,
Oliver,Gibson,Oliver Gibson,
Paul,Gibson,Paul Gibson,
Paul,Gibson,Paul Gibson,
Shelton,Gibson,Shelton Gibson,
Thaddeus,Gibson,Thaddeus Gibson,
Tom,Gibson,Tom Gibson,
Frank,Giddens,Frank Giddens,
Wimpy,Giddens,Wimpy Giddens,
Jon,Giesler,Jon Giesler,
Bob,Gifford,Bob Gifford,
Frank,Gifford+,Frank Gifford+,
Luke,Gifford,Luke Gifford,
Wayne,Gift,Wayne Gift,
Sam,Giguere,Sam Giguere,
Wallace,Gilberry,Wallace Gilberry,
Daren,Gilbert,Daren Gilbert,
Freddie,Gilbert,Freddie Gilbert,
Gale,Gilbert,Gale Gilbert,
Garrett,Gilbert,Garrett Gilbert,
Jarron,Gilbert,Jarron Gilbert,
Justin,Gilbert,Justin Gilbert,
Kline,Gilbert,Kline Gilbert,
Lewis,Gilbert,Lewis Gilbert,
Marcus,Gilbert,Marcus Gilbert,
Mark,Gilbert,Mark Gilbert,
Reggie,Gilbert,Reggie Gilbert,
Sean,Gilbert,Sean Gilbert,
Tony,Gilbert,Tony Gilbert,
Ulysees,Gilbert,Ulysees Gilbert,
Wally,Gilbert,Wally Gilbert,
Zyon,Gilbert,Zyon Gilbert,
Tom,Gilburg,Tom Gilburg,
Cookie,Gilchrist,Cookie Gilchrist,
George,Gilchrist,George Gilchrist,
Marcus,Gilchrist,Marcus Gilchrist,
Dennis,Gildea,Dennis Gildea,
Johnny,Gildea,Johnny Gildea,
Jason,Gildon,Jason Gildon,
Jimmie,Giles,Jimmie Giles,
Harris,,Harris ,
Garrett,Gilkey,Garrett Gilkey,
Cam,Gill,Cam Gill,
John,Gill,John Gill,
Owen,Gill,Owen Gill,
Randy,Gill,Randy Gill,
Roger,Gill,Roger Gill,
Sloko,Gill,Sloko Gill,
Trenton,Gill,Trenton Gill,
Jamie,Gillan,Jamie Gillan,
Cullen,Gillaspia,Cullen Gillaspia,
John,Gillen,John Gillen,
Scoop,Gillespie,Scoop Gillespie,
Tyree,Gillespie,Tyree Gillespie,
Willie,Gillespie,Willie Gillespie,
Fred,Gillett,Fred Gillett,
Jim,Gillette,Jim Gillette,
Walker,Gillette,Walker Gillette,
Dondre,Gilliam,Dondre Gilliam,
Garry,Gilliam,Garry Gilliam,
Joe,Gilliam,Joe Gilliam,
John,Gilliam,John Gilliam,
Jon,Gilliam,Jon Gilliam,
Reggie,Gilliam,Reggie Gilliam,
Cory,Gilliard,Cory Gilliard,
Fred,Gillies,Fred Gillies,
Blake,Gillikin,Blake Gillikin,
Gale,Gillingham,Gale Gillingham,
Don,Gillis,Don Gillis,
Joe,Gillis,Joe Gillis,
Mike,Gillislee,Mike Gillislee,
Crockett,Gillmore,Crockett Gillmore,
Hank,Gillo,Hank Gillo,
Horace,Gillom,Horace Gillom,
Bob,Gillson,Bob Gillson,
Willie,Gillus,Willie Gillus,
Alohi,Gilman,Alohi Gilman,
Harry,Gilmer,Harry Gilmer,
Bryan,Gilmore,Bryan Gilmore,
Jim,Gilmore,Jim Gilmore,
John,Gilmore,John Gilmore,
Stephon,Gilmore,Stephon Gilmore,
Steven,Gilmore,Steven Gilmore,
David,Gilreath,David Gilreath,
Johnny,Gilroy,Johnny Gilroy,
Mardy,Gilyard,Mardy Gilyard,
Hubert,Ginn,Hubert Ginn,
Ted,Ginn,Ted Ginn,
Tommie,Ginn,Tommie Ginn,
Jerry,Ginney,Jerry Ginney,
Matt,Giordano,Matt Giordano,
Paul,Gipson,Paul Gipson,
Tashaun,Gipson,Tashaun Gipson,
Thomas,Gipson,Thomas Gipson,
Trevis,Gipson,Trevis Gipson,
Xavier,Gipson,Xavier Gipson,
Jug,Girard,Jug Girard,
Mike,Gisler,Mike Gisler,
Andrew,Gissinger,Andrew Gissinger,
Patsy,Giugliano,Patsy Giugliano,
Chris,Givens,Chris Givens,
David,Givens,David Givens,
Kevin,Givens,Kevin Givens,
Reggie,Givens,Reggie Givens,
Ernest,Givins,Ernest Givins,
Chris,Gizzi,Chris Gizzi,
Scotty,Glacken,Scotty Glacken,
Chet,Gladchuk,Chet Gladchuk,
Mack,Gladden,Mack Gladden,
Bob,Gladieux,Bob Gladieux,
Charles,Gladman,Charles Gladman,
Jeff,Gladney,Jeff Gladney,
Tony,Gladney,Tony Gladney,
Joe,Glamp,Joe Glamp,
Chris,Glaser,Chris Glaser,
Brian,Glasgow,Brian Glasgow,
Graham,Glasgow,Graham Glasgow,
Jordan,Glasgow,Jordan Glasgow,
Nesby,Glasgow,Nesby Glasgow,
Ryan,Glasgow,Ryan Glasgow,
Bill,Glass,Bill Glass,
Chip,Glass,Chip Glass,
Glenn,Glass,Glenn Glass,
Leland,Glass,Leland Glass,
William,Glass,William Glass,
Bill,Glassgow,Bill Glassgow,
Tom,Glassic,Tom Glassic,
Frank,Glassman,Frank Glassman,
Morris,Glassman,Morris Glassman,
Fred,Glatz,Fred Glatz,
lial,Glaud,lial Glaud,
Charles,Glaze,Charles Glaze,
Delmar,Glaze,Delmar Glaze,
Bob,Glazebrook,Bob Glazebrook,
Steve,Gleason,Steve Gleason,
Aaron,Glenn,Aaron Glenn,
Bill,Glenn,Bill Glenn,
Cody,Glenn,Cody Glenn,
Cordy,Glenn,Cordy Glenn,
Howard,Glenn,Howard Glenn,
Jacoby,Glenn,Jacoby Glenn,
Jason,Glenn,Jason Glenn,
Kerry,Glenn,Kerry Glenn,
Tarik,Glenn,Tarik Glenn,
Terry,Glenn,Terry Glenn,
Vencie,Glenn,Vencie Glenn,
George,Glennie,George Glennie,
Mike,Glennon,Mike Glennon,
Ed,Glick,Ed Glick,
Fred,Glick,Fred Glick,
Gary,Glick,Gary Glick,
Norm,Glockson,Norm Glockson,
Fred,Gloden,Fred Gloden,
Clyde,Glosson,Clyde Glosson,
Andrew,Glover,Andrew Glover,
Clyde,Glover,Clyde Glover,
Kevin,Glover,Kevin Glover,
Roi,Glover,Roi Glover,
LaVar,Glover,LaVar Glover,
Phil,Glover,Phil Glover,
Rich,Glover,Rich Glover,
Travis,Glover,Travis Glover,
Wright,,Wright ,
Mark,Glowinski,Mark Glowinski,
Larry,Glueck,Larry Glueck,
Junior,Glymph,Junior Glymph,
Paul,Goad,Paul Goad,
Tim,Goad,Tim Goad,
Art,Gob,Art Gob,
Les,Goble,Les Goble,
Chris,Gocong,Chris Gocong,
Davon,Godchaux,Davon Godchaux,
Ed,Goddard,Ed Goddard,
Jonathan,Goddard,Jonathan Goddard,
Shan,Goddard,Shan Goddard,
Charles,Godfrey,Charles Godfrey,
Chris,Godfrey,Chris Godfrey,
Herb,Godfrey,Herb Godfrey,
Randall,Godfrey,Randall Godfrey,
Bill,Godwin,Bill Godwin,
Chris,Godwin,Chris Godwin,
Terry,Godwin,Terry Godwin,
Walt,Godwin,Walt Godwin,
Leo,Goeas,Leo Goeas,
Brad,Goebel,Brad Goebel,
Hank,Goebel,Hank Goebel,
Joe,Goebel,Joe Goebel,
Paul,Goebel,Paul Goebel,
George,Goeddeke,George Goeddeke,
Luke,Goedeke,Luke Goedeke,
Dallas,Goedert,Dallas Goedert,
Art,Goerke,Art Goerke,
Travis,Goethel,Travis Goethel,
Gus,Goetz,Gus Goetz,
Clark,Goff,Clark Goff,
Jared,Goff,Jared Goff,
Jonathan,Goff,Jonathan Goff,
Mike,Goff,Mike Goff,
Robert,Goff,Robert Goff,
Willard,Goff,Willard Goff,
Derrel,Gofourth,Derrel Gofourth,
Kevin,Gogan,Kevin Gogan,
Keith,Goganious,Keith Goganious,
Charlie,Gogolak,Charlie Gogolak,
Pete,Gogolak,Pete Gogolak,
Dan,Goich,Dan Goich,
Nick,Goings,Nick Goings,
Ian,Gold,Ian Gold,
Adam,Goldberg,Adam Goldberg,
Bill,Goldberg,Bill Goldberg,
Marshall,Goldberg,Marshall Goldberg,
Brittan,Golden,Brittan Golden,
Jack,Golden,Jack Golden,
Markus,Golden,Markus Golden,
Robert,Golden,Robert Golden,
Tim,Golden,Tim Golden,
Buckets,Goldenberg,Buckets Goldenberg,
Joe,Golding,Joe Golding,
Zack,Golditch,Zack Golditch,
Eddie,Goldman,Eddie Goldman,
Sam,Goldman,Sam Goldman,
John,Goldsberry,John Goldsberry,
Earl,Goldsmith,Earl Goldsmith,
Wendell,Goldsmith,Wendell Goldsmith,
Dashon,Goldson,Dashon Goldson,
Alan,Goldstein,Alan Goldstein,
Ralph,Goldston,Ralph Goldston,
Archie,Golembeski,Archie Golembeski,
John,Golemgeske,John Golemgeske,
Bob,Golic,Bob Golic,
Mike,Golic,Mike Golic,
Kenny,Golladay,Kenny Golladay,
Rudy,Gollomb,Rudy Gollomb,
Gene,Golsen,Gene Golsen,
Tom,Golsen,Tom Golsen,
Jerry,Golsteyn,Jerry Golsteyn,
Chauncey,Golston,Chauncey Golston,
Kedric,Golston,Kedric Golston,
Rick,Goltz,Rick Goltz,
Chris,Golub,Chris Golub,
DeJon,Gomes,DeJon Gomes,
Bill,Gompers,Bill Gompers,
Matt,Goncalves,Matt Goncalves,
George,Gonda,George Gonda,
Matt,Gono,Matt Gono,
Goose,Gonsoulin,Goose Gonsoulin,
Bob,Gonya,Bob Gonya,
John,Gonzaga,John Gonzaga,
Anthony,Gonzalez,Anthony Gonzalez,
Christian,Gonzalez,Christian Gonzalez,
Joaquin,Gonzalez,Joaquin Gonzalez,
Leon,Gonzalez,Leon Gonzalez,
Noe,Gonzalez,Noe Gonzalez,
Pete,Gonzalez,Pete Gonzalez,
Tony,Gonzalez+,Tony Gonzalez+,
Zane,Gonzalez,Zane Gonzalez,
Jeff,Gooch,Jeff Gooch,
Denzelle,Good,Denzelle Good,
Tom,Good,Tom Good,
Jones,,Jones ,
Royce,Goodbread,Royce Goodbread,
Kelly,Goodburn,Kelly Goodburn,
Brett,Goode,Brett Goode,
Cameron,Goode,Cameron Goode,
Chris,Goode,Chris Goode,
Conrad,Goode,Conrad Goode,
Don,Goode,Don Goode,
Irv,Goode,Irv Goode,
John,Goode,John Goode,
Kerry,Goode,Kerry Goode,
Najee,Goode,Najee Goode,
Rob,Goode,Rob Goode,
Tom,Goode,Tom Goode,
Ahmad,Gooden,Ahmad Gooden,
Tavares,Gooden,Tavares Gooden,
Zaviar,Gooden,Zaviar Gooden,
Stephen,Goodin,Stephen Goodin,
Darryl,Goodlow,Darryl Goodlow,
Eugene,Goodlow,Eugene Goodlow,
Goodman,,Goodman ,
Aubrey,Goodman,Aubrey Goodman,
Brian,Goodman,Brian Goodman,
Don,Goodman,Don Goodman,
Hank,Goodman,Hank Goodman,
Harvey,Goodman,Harvey Goodman,
Herbert,Goodman,Herbert Goodman,
John,Goodman,John Goodman,
Les,Goodman,Les Goodman,
Malliciah,Goodman,Malliciah Goodman,
Richard,Goodman,Richard Goodman,
Clyde,Goodnight,Clyde Goodnight,
Owen,Goodnight,Owen Goodnight,
Dwayne,Goodrich,Dwayne Goodrich,
Mario,Goodrich,Mario Goodrich,
Bob,Goodridge,Bob Goodridge,
Charles,Goodrum,Charles Goodrum,
B.J.,Goodson,B.J. Goodson,
Demetri,Goodson,Demetri Goodson,
John,Goodson,John Goodson,
Mike,Goodson,Mike Goodson,
Tyler,Goodson,Tyler Goodson,
Joey,Goodspeed,Joey Goodspeed,
Mark,Goodspeed,Mark Goodspeed,
C.J.,Goodwin,C.J. Goodwin,
Andre,Goodwin,Andre Goodwin,
Doug,Goodwin,Doug Goodwin,
Earl,Goodwin,Earl Goodwin,
Hunter,Goodwin,Hunter Goodwin,
Jonathan,Goodwin,Jonathan Goodwin,
Marquise,Goodwin,Marquise Goodwin,
Myrl,Goodwin,Myrl Goodwin,
Ron,Goodwin,Ron Goodwin,
Tod,Goodwin,Tod Goodwin,
John,Goodyear,John Goodyear,
Mike,Goolsby,Mike Goolsby,
Shag,Goolsby,Shag Goolsby,
Tom,Goosby,Tom Goosby,
Ron,Goovert,Ron Goovert,
Alex,Gordon,Alex Gordon,
Amon,Gordon,Amon Gordon,
Bobby,Gordon,Bobby Gordon,
Charles,Gordon,Charles Gordon,
Cletis,Gordon,Cletis Gordon,
Cornell,Gordon,Cornell Gordon,
Darrien,Gordon,Darrien Gordon,
Dick,Gordon,Dick Gordon,
Dillon,Gordon,Dillon Gordon,
Dwayne,Gordon,Dwayne Gordon,
Ira,Gordon,Ira Gordon,
John,Gordon,John Gordon,
Josh,Gordon,Josh Gordon,
Kyler,Gordon,Kyler Gordon,
Lamar,Gordon,Lamar Gordon,
Larry,Gordon,Larry Gordon,
Lennox,Gordon,Lennox Gordon,
Lou,Gordon,Lou Gordon,
Melvin,Gordon,Melvin Gordon,
Richard,Gordon,Richard Gordon,
Sonny,Gordon,Sonny Gordon,
Steve,Gordon,Steve Gordon,
Tim,Gordon,Tim Gordon,
John,Gordy,John Gordy,
Josh,Gordy,Josh Gordy,
Derrick,Gore,Derrick Gore,
Frank,Gore,Frank Gore,
Gordon,Gore,Gordon Gore,
Stacy,Gore,Stacy Gore,
Chuck,Gorecki,Chuck Gorecki,
Alex,Gorgal,Alex Gorgal,
Ken,Gorgal,Ken Gorgal,
Pete,Gorgone,Pete Gorgone,
Brandon,Gorin,Brandon Gorin,
Walt,Gorinski,Walt Gorinski,
Doc,Gorman,Doc Gorman,
Earl,Gorman,Earl Gorman,
Tom,Gormley,Tom Gormley,
Danny,Gorrer,Danny Gorrer,
Flop,Gorrill,Flop Gorrill,
Antonio,Goss,Antonio Goss,
Donald,Goss,Donald Goss,
Jason,Goss,Jason Goss,
Gene,Gossage,Gene Gossage,
Bruce,Gossett,Bruce Gossett,
Colby,Gossett,Colby Gossett,
Jeff,Gossett,Jeff Gossett,
Stephen,Gostkowski,Stephen Gostkowski,
Preston,Gothard,Preston Gothard,
Len,Gotshalk,Len Gotshalk,
Adam,Gotsis,Adam Gotsis,
Ben,Gottschalk,Ben Gottschalk,
Darren,Gottschalk,Darren Gottschalk,
Anthony,Gould,Anthony Gould,
Robbie,Gould,Robbie Gould,
Richard,Gouraige,Richard Gouraige,
Kurt,Gouveia,Kurt Gouveia,
Paul,Governali,Paul Governali,
Tay,Gowan,Tay Gowan,
Cornell,Gowdy,Cornell Gowdy,
Toby,Gowin,Toby Gowin,
Brian,Gowins,Brian Gowins,
Hippo,Gozdowski,Hippo Gozdowski,
Ted,Grabinski,Ted Grabinski,
Tylan,Grable,Tylan Grable,
Gene,Grabosky,Gene Grabosky,
Jim,Grabowski,Jim Grabowski,
Jermaine,Grace,Jermaine Grace,
Les,Grace,Les Grace,
Steven,Grace,Steven Grace,
Sam,Graddy,Sam Graddy,
Randy,Gradishar+,Randy Gradishar+,
Bruce,Gradkowski,Bruce Gradkowski,
Gino,Gradkowski,Gino Gradkowski,
Garry,Grady,Garry Grady,
Dave,Graf,Dave Graf,
Rick,Graf,Rick Graf,
Neil,Graff,Neil Graff,
Chris,Gragg,Chris Gragg,
Scott,Gragg,Scott Gragg,
Aaron,Graham,Aaron Graham,
Al,Graham,Al Graham,
Art,Graham,Art Graham,
Ben,Graham,Ben Graham,
Brandon,Graham,Brandon Graham,
Clarence,Graham,Clarence Graham,
Corey,Graham,Corey Graham,
Daniel,Graham,Daniel Graham,
Dave,Graham,Dave Graham,
David,Graham,David Graham,
DeMingo,Graham,DeMingo Graham,
Derrick,Graham,Derrick Graham,
Don,Graham,Don Graham,
Earnest,Graham,Earnest Graham,
Fred,Graham,Fred Graham,
Garrett,Graham,Garrett Graham,
Hason,Graham,Hason Graham,
Jaeden,Graham,Jaeden Graham,
Jalen,Graham,Jalen Graham,
Jay,Graham,Jay Graham,
Jeff,Graham,Jeff Graham,
Jimmy,Graham,Jimmy Graham,
Kenny,Graham,Kenny Graham,
Kent,Graham,Kent Graham,
Les,Graham,Les Graham,
Lyle,Graham,Lyle Graham,
Mike,Graham,Mike Graham,
Milt,Graham,Milt Graham,
Nick,Graham,Nick Graham,
Otto,Graham+,Otto Graham+,
Ray,Graham,Ray Graham,
Roger,Graham,Roger Graham,
Scottie,Graham,Scottie Graham,
Shayne,Graham,Shayne Graham,
T.J.,Graham,T.J. Graham,
Quon,Graham,Quon Graham,
Thomas,Graham,Thomas Graham,
Tom,Graham,Tom Graham,
Tom,Graham,Tom Graham,
William,Graham,William Graham,
Ed,Grain,Ed Grain,
Bill,Gramatica,Bill Gramatica,
Martin,Gramatica,Martin Gramatica,
John,Granby,John Granby,
Ken,Grandberry,Ken Grandberry,
Sonny,Grandelius,Sonny Grandelius,
Carl,Granderson,Carl Granderson,
Rufus,Granderson,Rufus Granderson,
George,Grandinette,George Grandinette,
Cam,Grandy,Cam Grandy,
Gardie,Grange,Gardie Grange,
Red,Grange+,Red Grange+,
Charley,Granger,Charley Granger,
Hoyle,Granger,Hoyle Granger,
Norm,Granger,Norm Granger,
Dave,Grannell,Dave Grannell,
Kylen,Granson,Kylen Granson,
Aaron,Grant,Aaron Grant,
African,Grant,African Grant,
Alan,Grant,Alan Grant,
Bob,Grant,Bob Grant,
Bud,Grant+,Bud Grant+,
Charles,Grant,Charles Grant,
Cie,Grant,Cie Grant,
Corey,Grant,Corey Grant,
Curtis,Grant,Curtis Grant,
Darryl,Grant,Darryl Grant,
David,Grant,David Grant,
DeLawrence,Grant,DeLawrence Grant,
Deon,Grant,Deon Grant,
Doran,Grant,Doran Grant,
Ducky,Grant,Ducky Grant,
Ernest,Grant,Ernest Grant,
Frank,Grant,Frank Grant,
Jakeem,Grant,Jakeem Grant,
Janarion,Grant,Janarion Grant,
John,Grant,John Grant,
Larry,Grant,Larry Grant,
Len,Grant,Len Grant,
Orantes,Grant,Orantes Grant,
Otis,Grant,Otis Grant,
Reggie,Grant,Reggie Grant,
Richie,Grant,Richie Grant,
Rosie,Grant,Rosie Grant,
Rupert,Grant,Rupert Grant,
Ryan,Grant,Ryan Grant,
Ryan,Grant,Ryan Grant,
Steve,Grant,Steve Grant,
Wes,Grant,Wes Grant,
Will,Grant,Will Grant,
Larry,Grantham,Larry Grantham,
Billy,Granville,Billy Granville,
Paul,Grasmanis,Paul Grasmanis,
Hroniss,Grasu,Hroniss Grasu,
Carl,Grate,Carl Grate,
Willie,Grate,Willie Grate,
Dwayne,Gratz,Dwayne Gratz,
Jeff,Grau,Jeff Grau,
Gordon,Gravelle,Gordon Gravelle,
Marsharne,Graves,Marsharne Graves,
Ray,Graves,Ray Graves,
Rory,Graves,Rory Graves,
Tom,Graves,Tom Graves,
White,Graves,White Graves,
Bill,Gray,Bill Gray,
Bobby,Gray,Bobby Gray,
Carlton,Gray,Carlton Gray,
Cecil,Gray,Cecil Gray,
Cedric,Gray,Cedric Gray,
Chris,Gray,Chris Gray,
Cyrus,Gray,Cyrus Gray,
Dan,Gray,Dan Gray,
Danny,Gray,Danny Gray,
David,Gray,David Gray,
Derwin,Gray,Derwin Gray,
Derwin,Gray,Derwin Gray,
Earnest,Gray,Earnest Gray,
Eric,Gray,Eric Gray,
Hector,Gray,Hector Gray,
J.T.,Gray,J.T. Gray,
Jack,Gray,Jack Gray,
Jerry,Gray,Jerry Gray,
Jim,Gray,Jim Gray,
Johnnie,Gray,Johnnie Gray,
Jonas,Gray,Jonas Gray,
Ken,Gray,Ken Gray,
Kevin,Gray,Kevin Gray,
Leon,Gray,Leon Gray,
MarQueis,Gray,MarQueis Gray,
Mel,Gray,Mel Gray,
Mel,Gray,Mel Gray,
Moses,Gray,Moses Gray,
Noah,Gray,Noah Gray,
Oscar,Gray,Oscar Gray,
Paul,Gray,Paul Gray,
Quinn,Gray,Quinn Gray,
Sam,Gray,Sam Gray,
Tim,Gray,Tim Gray,
Torrian,Gray,Torrian Gray,
Vincent,Gray,Vincent Gray,
Mike,Graybill,Mike Graybill,
Cyril,Grayson,Cyril Grayson,
Dave,Grayson,Dave Grayson,
David,Grayson,David Grayson,
Tony,Graziani,Tony Graziani,
Elvis,Grbac,Elvis Grbac,
Gary,Greaves,Gary Greaves,
Dick,Grecni,Dick Grecni,
Don,Greco,Don Greco,
John,Greco,John Greco,
Bucky,Greeley,Bucky Greeley,
A.J.,Green,A.J. Green,
A.J.,Green,A.J. Green,
Aaron,Green,Aaron Green,
Ahman,Green,Ahman Green,
Alex,Green,Alex Green,
Alex,Green,Alex Green,
Allen,Green,Allen Green,
Antoine,Green,Antoine Green,
Art,Green,Art Green,
Arthur,Green,Arthur Green,
Barrett,Green,Barrett Green,
Bobby,Joe,Bobby Joe,
Boyce,Green,Boyce Green,
Brandon,Green,Brandon Green,
Bubba,Green,Bubba Green,
Charlie,Green,Charlie Green,
Chaz,Green,Chaz Green,
Chris,Green,Chris Green,
Cleveland,Green,Cleveland Green,
Cornell,Green,Cornell Green,
Cornell,Green,Cornell Green,
Curtis,Green,Curtis Green,
Darrell,Green+,Darrell Green+,
Dave,Green,Dave Green,
David,Green,David Green,
David,Green,David Green,
Donnie,Green,Donnie Green,
Donny,Green,Donny Green,
E.G.,Green,E.G. Green,
Eric,Green,Eric Green,
Eric,Green,Eric Green,
Ernie,Green,Ernie Green,
Farrod,Green,Farrod Green,
Gary,Green,Gary Green,
Gaston,Green,Gaston Green,
Gerri,Green,Gerri Green,
Harold,Green,Harold Green,
Howard,Green,Howard Green,
Hugh,Green,Hugh Green,
Isaiah,Green,Isaiah Green,
Jacob,Green,Jacob Green,
Jacquez,Green,Jacquez Green,
Jamaal,Green,Jamaal Green,
Jarvis,Green,Jarvis Green,
Jerry,Green,Jerry Green,
Jessie,Green,Jessie Green,
Joe,Green,Joe Green,
John,Green,John Green,
Johnny,Green,Johnny Green,
Jonte,Green,Jonte Green,
Justin,Green,Justin Green,
Justin,Green,Justin Green,
Kendrick,Green,Kendrick Green,
Kenyon,Green,Kenyon Green,
Ladarius,Green,Ladarius Green,
Lamont,Green,Lamont Green,
Larry,Green,Larry Green,
Louis,Green,Louis Green,
Marcus,Green,Marcus Green,
Mark,Green,Mark Green,
Marshay,Green,Marshay Green,
Michael,Green,Michael Green,
Mike,Green,Mike Green,
Mike,Green,Mike Green,
Paul,Green,Paul Green,
Rasheem,Green,Rasheem Green,
Ray,Green,Ray Green,
Renardo,Green,Renardo Green,
Robert,Green,Robert Green,
Roderick,Green,Roderick Green,
Rogerick,Green,Rogerick Green,
Ron,Green,Ron Green,
Roy,Green,Roy Green,
Sammy,Green,Sammy Green,
Skyler,Green,Skyler Green,
T.J.,Green,T.J. Green,
Tim,Green,Tim Green,
Tion,Green,Tion Green,
Tony,Green,Tony Green,
Trent,Green,Trent Green,
Tyronne,Green,Tyronne Green,
Van,Green,Van Green,
Vee,Green,Vee Green,
Victor,Green,Victor Green,
Virgil,Green,Virgil Green,
William,Green,William Green,
Willie,Green,Willie Green,
Woody,Green,Woody Green,
Yatil,Green,Yatil Green,
Beckham,,Beckham ,
Ellis,,Ellis ,
Jonathan,Greenard,Jonathan Greenard,
Ben,Greenberg,Ben Greenberg,
A.J.,Greene,A.J. Greene,
Al,Greene,Al Greene,
Andrew,Greene,Andrew Greene,
Courtney,Greene,Courtney Greene,
Danny,Greene,Danny Greene,
Doug,Greene,Doug Greene,
Ed,Greene,Ed Greene,
Frank,Greene,Frank Greene,
Joe,Greene+,Joe Greene+,
John,Greene,John Greene,
Ken,Greene,Ken Greene,
Kevin,Greene+,Kevin Greene+,
Khaseem,Greene,Khaseem Greene,
Marcellus,Greene,Marcellus Greene,
Mike,Greene,Mike Greene,
Nelson,Greene,Nelson Greene,
Rashad,Greene,Rashad Greene,
Raven,Greene,Raven Greene,
Scott,Greene,Scott Greene,
Shonn,Greene,Shonn Greene,
Ted,Greene,Ted Greene,
Tiger,Greene,Tiger Greene,
Tom,Greene,Tom Greene,
Tony,Greene,Tony Greene,
Tracy,Greene,Tracy Greene,
Norm,Greeney,Norm Greeney,
Tom,Greenfield,Tom Greenfield,
Bob,Greenhalgh,Bob Greenhalgh,
Isaiah,Greenhouse,Isaiah Greenhouse,
Duke,Greenich,Duke Greenich,
Ethan,Greenidge,Ethan Greenidge,
Dre,Greenlaw,Dre Greenlaw,
Fritz,Greenlee,Fritz Greenlee,
Donn,Greenshields,Donn Greenshields,
Chad,Greenway,Chad Greenway,
Carl,Greenwood,Carl Greenwood,
Chris,Greenwood,Chris Greenwood,
Cory,Greenwood,Cory Greenwood,
David,Greenwood,David Greenwood,
Don,Greenwood,Don Greenwood,
Glenn,Greenwood,Glenn Greenwood,
L.C.,Greenwood,L.C. Greenwood,
Morlon,Greenwood,Morlon Greenwood,
Al,Greer,Al Greer,
Charlie,Greer,Charlie Greer,
Curtis,Greer,Curtis Greer,
Donovan,Greer,Donovan Greer,
Jabari,Greer,Jabari Greer,
Jim,Greer,Jim Greer,
Terry,Greer,Terry Greer,
Ted,Grefe,Ted Grefe,
Edd,Gregg,Edd Gregg,
Forrest,Gregg+,Forrest Gregg+,
Kelly,Gregg,Kelly Gregg,
Bob,Gregor,Bob Gregor,
Ben,Gregory,Ben Gregory,
Bill,Gregory,Bill Gregory,
Bruce,Gregory,Bruce Gregory,
Damian,Gregory,Damian Gregory,
Garland,Gregory,Garland Gregory,
Gil,Gregory,Gil Gregory,
Glynn,Gregory,Glynn Gregory,
Jack,Gregory,Jack Gregory,
Jack,Gregory,Jack Gregory,
Ken,Gregory,Ken Gregory,
Mike,Gregory,Mike Gregory,
Randy,Gregory,Randy Gregory,
Steve,Gregory,Steve Gregory,
Ted,Gregory,Ted Gregory,
Chris,Greisen,Chris Greisen,
Nick,Greisen,Nick Greisen,
Hank,Gremminger,Hank Gremminger,
Keith,Grennan,Keith Grennan,
Bob,Gresham,Bob Gresham,
Clint,Gresham,Clint Gresham,
Jermaine,Gresham,Jermaine Gresham,
Visco,Grgich,Visco Grgich,
Marion,Grice,Marion Grice,
Shane,Grice,Shane Grice,
Antonio,Grier,Antonio Grier,
Marrio,Grier,Marrio Grier,
Rosey,Grier,Rosey Grier,
Will,Grier,Will Grier,
Bob,Griese+,Bob Griese+,
Brian,Griese,Brian Griese,
Everson,Griffen,Everson Griffen,
Hal,Griffen,Hal Griffen,
Archie,Griffin,Archie Griffin,
Bob,Griffin,Bob Griffin,
Bobbie,Griffin,Bobbie Griffin,
Cedric,Griffin,Cedric Griffin,
Cornelius,Griffin,Cornelius Griffin,
Courtney,Griffin,Courtney Griffin,
Damon,Griffin,Damon Griffin,
Don,Griffin,Don Griffin,
Don,Griffin,Don Griffin,
Garrett,Griffin,Garrett Griffin,
James,Griffin,James Griffin,
Jeff,Griffin,Jeff Griffin,
Jim,Griffin,Jim Griffin,
John,Griffin,John Griffin,
John,Griffin,John Griffin,
Keith,Griffin,Keith Griffin,
Kris,Griffin,Kris Griffin,
Larry,Griffin,Larry Griffin,
Leonard,Griffin,Leonard Griffin,
Michael,Griffin,Michael Griffin,
Quentin,Griffin,Quentin Griffin,
Ray,Griffin,Ray Griffin,
Robert,Griffin,Robert Griffin,
Ryan,Griffin,Ryan Griffin,
Ryan,Griffin,Ryan Griffin,
Shaquem,Griffin,Shaquem Griffin,
Shaquill,Griffin,Shaquill Griffin,
Stephen,Griffin,Stephen Griffin,
Steve,Griffin,Steve Griffin,
Steve,Griffin,Steve Griffin,
Wade,Griffin,Wade Griffin,
Stewart,,Stewart ,
Glynn,Griffing,Glynn Griffing,
Forrest,Griffith,Forrest Griffith,
Homer,Griffith,Homer Griffith,
Howard,Griffith,Howard Griffith,
Jonas,Griffith,Jonas Griffith,
Justin,Griffith,Justin Griffith,
Rich,Griffith,Rich Griffith,
Robert,Griffith,Robert Griffith,
Russell,Griffith,Russell Griffith,
Red,Griffiths,Red Griffiths,
John,Grigas,John Grigas,
Chubby,Grigg,Chubby Grigg,
Tex,Grigg,Tex Grigg,
Anthony,Griggs,Anthony Griggs,
Billy,Griggs,Billy Griggs,
David,Griggs,David Griggs,
Hal,Griggs,Hal Griggs,
Perry,Griggs,Perry Griggs,
Frank,Grigonis,Frank Grigonis,
Boomer,Grigsby,Boomer Grigsby,
Nicholas,Grigsby,Nicholas Grigsby,
Otis,Grigsby,Otis Grigsby,
Bob,Grim,Bob Grim,
Xavier,Grimble,Xavier Grimble,
Billy,Grimes,Billy Grimes,
Brent,Grimes,Brent Grimes,
George,Grimes,George Grimes,
Jonathan,Grimes,Jonathan Grimes,
Phil,Grimes,Phil Grimes,
Randy,Grimes,Randy Grimes,
Reggie,Grimes,Reggie Grimes,
Cody,Grimm,Cody Grimm,
Dan,Grimm,Dan Grimm,
Russ,Grimm+,Russ Grimm+,
Ed,Grimsley,Ed Grimsley,
John,Grimsley,John Grimsley,
David,Grinnage,David Grinnage,
Tyler,Grisham,Tyler Grisham,
Geneo,Grissom,Geneo Grissom,
Clif,Groce,Clif Groce,
DeJuan,Groce,DeJuan Groce,
Ron,Groce,Ron Groce,
Steve,Grogan,Steve Grogan,
Bill,Groman,Bill Groman,
Chris,Gronkowski,Chris Gronkowski,
Dan,Gronkowski,Dan Gronkowski,
Glenn,Gronkowski,Glenn Gronkowski,
Rob,Gronkowski,Rob Gronkowski,
Andy,Groom,Andy Groom,
Jerry,Groom,Jerry Groom,
Mel,Groomes,Mel Groomes,
Elois,Grooms,Elois Grooms,
Matt,Grootegoed,Matt Grootegoed,
Earl,Gros,Earl Gros,
Al,Gross,Al Gross,
Andy,Gross,Andy Gross,
George,Gross,George Gross,
Jordan,Gross,Jordan Gross,
Lee,Gross,Lee Gross,
Matos,,Matos ,
Lee,Grosscup,Lee Grosscup,
Burt,Grossman,Burt Grossman,
Jack,Grossman,Jack Grossman,
Randy,Grossman,Randy Grossman,
Rex,Grossman,Rex Grossman,
Rex,Grossman,Rex Grossman,
George,Grosvenor,George Grosvenor,
Jeff,Groth,Jeff Groth,
Bob,Grottkau,Bob Grottkau,
Jake,Grove,Jake Grove,
Roger,Grove,Roger Grove,
George,Groves,George Groves,
Quentin,Groves,Quentin Groves,
Monty,Grow,Monty Grow,
Ryan,Groy,Ryan Groy,
Lou,Groza+,Lou Groza+,
Ben,Grubbs,Ben Grubbs,
Charlie,Grube,Charlie Grube,
Frank,Grube,Frank Grube,
Bob,Gruber,Bob Gruber,
Herb,Gruber,Herb Gruber,
Paul,Gruber,Paul Gruber,
Hill,,Hill ,
Sam,Gruneisen,Sam Gruneisen,
Tim,Grunhard,Tim Grunhard,
Blake,Grupe,Blake Grupe,
Bob,Grupp,Bob Grupp,
Mike,Gruttadauria,Mike Gruttadauria,
Al,Grygo,Al Grygo,
Aaron,Grymes,Aaron Grymes,
Darrell,Grymes,Darrell Grymes,
Al,Guarnieri,Al Guarnieri,
Pat,Gucciardo,Pat Gucciardo,
Pete,Gudauskas,Pete Gudauskas,
Len,Gudd,Len Gudd,
Henry,Gude,Henry Gude,
Scott,Gudmundson,Scott Gudmundson,
Mike,Guendling,Mike Guendling,
Jim,Gueno,Jim Gueno,
Gregg,Guenther,Gregg Guenther,
Isaac,Guerendo,Isaac Guerendo,
Dick,Guesman,Dick Guesman,
Terry,Guess,Terry Guess,
Roy,Guffey,Roy Guffey,
Neal,Guggemos,Neal Guggemos,
Ralph,Guglielmi,Ralph Guglielmi,
Derrius,Guice,Derrius Guice,
Javelin,Guidry,Javelin Guidry,
Kevin,Guidry,Kevin Guidry,
Paul,Guidry,Paul Guidry,
Rusty,Guilbeau,Rusty Guilbeau,
John,Guillory,John Guillory,
Tony,Guillory,Tony Guillory,
Letroy,Guion,Letroy Guion,
Mike,Gulian,Mike Gulian,
Eric,Guliford,Eric Guliford,
David,Gulledge,David Gulledge,
Don,Gulseth,Don Gulseth,
George,Gulyanics,George Gulyanics,
Mike,Guman,Mike Guman,
Jose,Gumbs,Jose Gumbs,
Andy,Gump,Andy Gump,
Bob,Gunderman,Bob Gunderman,
Harry,Gunderson,Harry Gunderson,
Herman,Gundlach,Herman Gundlach,
Greyson,Gunheim,Greyson Gunheim,
Harland,Gunn,Harland Gunn,
Jimmy,Gunn,Jimmy Gunn,
Lance,Gunn,Lance Gunn,
Mark,Gunn,Mark Gunn,
Riley,Gunnels,Riley Gunnels,
Harry,Gunner,Harry Gunner,
Jeff,Gunter,Jeff Gunter,
Ladarius,Gunter,Ladarius Gunter,
Michael,Gunter,Michael Gunter,
Rodney,Gunter,Rodney Gunter,
Buck,Gurley,Buck Gurley,
Todd,Gurley,Todd Gurley,
Tori,Gurley,Tori Gurley,
Andre,Gurode,Andre Gurode,
Albert,Gursky,Albert Gursky,
Mike,Gussie,Mike Gussie,
Ed,Gustafson,Ed Gustafson,
Jim,Gustafson,Jim Gustafson,
Porter,Gustin,Porter Gustin,
Grant,Guthrie,Grant Guthrie,
Keith,Guthrie,Keith Guthrie,
Brock,Gutierrez,Brock Gutierrez,
Matt,Gutierrez,Matt Gutierrez,
Sebastian,Gutierrez,Sebastian Gutierrez,
Al,Gutknecht,Al Gutknecht,
Ace,Gutowsky,Ace Gutowsky,
Bill,Gutteron,Bill Gutteron,
Buzz,Guy,Buzz Guy,
Charlie,Guy,Charlie Guy,
Lawrence,Guy,Lawrence Guy,
Louis,Guy,Louis Guy,
Ray,Guy+,Ray Guy+,
Winston,Guy,Winston Guy,
Thomas,Guynes,Thomas Guynes,
Joe,Guyon+,Joe Guyon+,
Gary,Guyton,Gary Guyton,
Jalen,Guyton,Jalen Guyton,
Myron,Guyton,Myron Guyton,
Tyler,Guyton,Tyler Guyton,
John,Guzik,John Guzik,
John,Guzik,John Guzik,
Ramon,Guzman,Ramon Guzman,
Obum,Gwacham,Obum Gwacham,
Ross,Gwinn,Ross Gwinn,
Milo,Gwosden,Milo Gwosden,
Jovaughn,Gwyn,Jovaughn Gwyn,
Matt,Haack,Matt Haack,
Bob,Haak,Bob Haak,
Bob,Haas,Bob Haas,
Bruno,Haas,Bruno Haas,
Andy,Haase,Andy Haase,
Ira,Haaven,Ira Haaven,
Adam,Haayer,Adam Haayer,
Brian,Habib,Brian Habib,
Bill,Hachten,Bill Hachten,
Dale,Hackbart,Dale Hackbart,
Johnny,Hackenbruck,Johnny Hackenbruck,
D.J.,Hackett,D.J. Hackett,
Dino,Hackett,Dino Hackett,
Joey,Hackett,Joey Hackett,
Elmer,Hackney,Elmer Hackney,
Gary,Hadd,Gary Hadd,
Drew,Haddad,Drew Haddad,
Al,Hadden,Al Hadden,
Kamal,Hadden,Kamal Hadden,
Michael,Haddix,Michael Haddix,
Wayne,Haddix,Wayne Haddix,
Jack,Haden,Jack Haden,
Joe,Haden,Joe Haden,
Nick,Haden,Nick Haden,
Pat,Haden,Pat Haden,
John,Hadl,John Hadl,
David,Hadley,David Hadley,
Ron,Hadley,Ron Hadley,
Spencer,Hadley,Spencer Hadley,
James,Hadnot,James Hadnot,
Rex,Hadnot,Rex Hadnot,
Joe,Haeg,Joe Haeg,
Jake,Haener,Jake Haener,
Barney,Hafen,Barney Hafen,
Mike,Haffner,Mike Haffner,
Derek,Hagan,Derek Hagan,
Javon,Hagan,Javon Hagan,
Marques,Hagans,Marques Hagans,
Roger,Hagberg,Roger Hagberg,
Swede,Hagberg,Swede Hagberg,
Fred,Hageman,Fred Hageman,
Shede,Hageman,Shede Hageman,
Halvor,Hagen,Halvor Hagen,
Mike,Hagen,Mike Hagen,
Vern,Hagenbuckle,Vern Hagenbuckle,
Britt,Hager,Britt Hager,
Bryce,Hager,Bryce Hager,
Horse,Hagerty,Horse Hagerty,
Jack,Hagerty,Jack Hagerty,
Eric,Hagg,Eric Hagg,
Mario,Haggan,Mario Haggan,
Clark,Haggans,Clark Haggans,
Doc,Haggerty,Doc Haggerty,
Mike,Haggerty,Mike Haggerty,
Steve,Haggerty,Steve Haggerty,
Odell,Haggins,Odell Haggins,
Isaac,Hagins,Isaac Hagins,
Scott,Hagler,Scott Hagler,
Tyjuan,Hagler,Tyjuan Hagler,
Jay,Hagood,Jay Hagood,
Rickey,Hagood,Rickey Hagood,
John,Hagy,John Hagy,
Ray,Hahn,Ray Hahn,
Mike,Haight,Mike Haight,
Mac,Haik,Mac Haik,
Kahlef,Hailassie,Kahlef Hailassie,
By,Haines,By Haines,
Hinkey,Haines,Hinkey Haines,
Hoot,Haines,Hoot Haines,
John,Haines,John Haines,
Kris,Haines,Kris Haines,
Robert,Hainsey,Robert Hainsey,
Carl,Hairston,Carl Hairston,
Chris,Hairston,Chris Hairston,
Nate,Hairston,Nate Hairston,
Russell,Hairston,Russell Hairston,
Stacey,Hairston,Stacey Hairston,
Troy,Hairston,Troy Hairston,
Chuck,Hajek,Chuck Hajek,
Sheikh,,Sheikh ,
Lirim,Hajrullahu,Lirim Hajrullahu,
Zahir,Hakim,Zahir Hakim,
Saalim,Hakim,Saalim Hakim,
Andre,Hal,Andre Hal,
Mike,Halapin,Mike Halapin,
Jon,Halapio,Jon Halapio,
George,Halas+,George Halas+,
Chris,Hale,Chris Hale,
Dave,Hale,Dave Hale,
David,Hale,David Hale,
Ryan,Hale,Ryan Hale,
Art,Haley,Art Haley,
Charles,Haley+,Charles Haley+,
Darryl,Haley,Darryl Haley,
Dennis,Haley,Dennis Haley,
Dick,Haley,Dick Haley,
Grant,Haley,Grant Haley,
Jermaine,Haley,Jermaine Haley,
Tamba,Hali,Tamba Hali,
Ronnie,Haliburton,Ronnie Haliburton,
Ed,Halicki,Ed Halicki,
Ahmard,Hall,Ahmard Hall,
Alex,Hall,Alex Hall,
Alvin,Hall,Alvin Hall,
Alvin,Hall,Alvin Hall,
Andre,Hall,Andre Hall,
Breece,Hall,Breece Hall,
Bryan,Hall,Bryan Hall,
Bryce,Hall,Bryce Hall,
Carlos,Hall,Carlos Hall,
Chad,Hall,Chad Hall,
Charlie,Hall,Charlie Hall,
Charlie,Hall,Charlie Hall,
Chris,Hall,Chris Hall,
Corey,Hall,Corey Hall,
Cory,Hall,Cory Hall,
Courtney,Hall,Courtney Hall,
Daeshon,Hall,Daeshon Hall,
Dana,Hall,Dana Hall,
Dante,Hall,Dante Hall,
Darren,Hall,Darren Hall,
Darryl,Hall,Darryl Hall,
Darryl,Hall,Darryl Hall,
von,Hall,von Hall,
DeAngelo,Hall,DeAngelo Hall,
Hall,,Hall ,
Delton,Hall,Delton Hall,
Derick,Hall,Derick Hall,
Dick,Hall,Dick Hall,
Dino,Hall,Dino Hall,
Forrest,Hall,Forrest Hall,
Galen,Hall,Galen Hall,
Harold,Hall,Harold Hall,
Harry,Hall,Harry Hall,
Irv,Hall,Irv Hall,
James,Hall,James Hall,
James,Hall,James Hall,
Jaren,Hall,Jaren Hall,
Jeff,Hall,Jeff Hall,
John,Hall,John Hall,
John,Hall,John Hall,
Johnny,Hall,Johnny Hall,
Kemon,Hall,Kemon Hall,
Ken,Hall,Ken Hall,
Korey,Hall,Korey Hall,
Lamont,Hall,Lamont Hall,
Lemanski,Hall,Lemanski Hall,
Leon,Hall,Leon Hall,
Logan,Hall,Logan Hall,
Mark,Hall,Mark Hall,
Marvin,Hall,Marvin Hall,
Max,Hall,Max Hall,
Michael,Hall,Michael Hall,
Nate,Hall,Nate Hall,
P.J.,Hall,P.J. Hall,
Parker,Hall,Parker Hall,
Pete,Hall,Pete Hall,
Randy,Hall,Randy Hall,
Rannell,Hall,Rannell Hall,
Ray,Hall,Ray Hall,
Rhett,Hall,Rhett Hall,
Ron,Hall,Ron Hall,
Ron,Hall,Ron Hall,
Roy,Hall,Roy Hall,
Steve,Hall,Steve Hall,
Terez,Hall,Terez Hall,
Tim,Hall,Tim Hall,
Tom,Hall,Tom Hall,
Travis,Hall,Travis Hall,
Tyler,Hall,Tyler Hall,
Willie,Hall,Willie Hall,
Windlan,Hall,Windlan Hall,
Death,Halladay,Death Halladay,
Neil,Halleck,Neil Halleck,
Paul,Halleck,Paul Halleck,
Bob,Hallen,Bob Hallen,
Alan,Haller,Alan Haller,
Jack,Halliday,Jack Halliday,
Ty,Hallock,Ty Hallock,
Dimp,Halloran,Dimp Halloran,
Shawn,Halloran,Shawn Halloran,
Stone,Hallquist,Stone Hallquist,
Ron,Hallstrom,Ron Hallstrom,
Buck,Halperin,Buck Halperin,
Willie,Halpern,Willie Halpern,
Bernie,Halstrom,Bernie Halstrom,
Aaron,Halterman,Aaron Halterman,
Jim,Haluska,Jim Haluska,
Bill,Halverson,Bill Halverson,
Dean,Halverson,Dean Halverson,
C.J.,Ham,C.J. Ham,
Derrick,Ham,Derrick Ham,
Jack,Ham+,Jack Ham+,
Jack,Haman,Jack Haman,
Steven,Hamas,Steven Hamas,
Ernie,Hambacher,Ernie Hambacher,
Darren,Hambrick,Darren Hambrick,
Troy,Hambrick,Troy Hambrick,
Arlington,Hambright,Arlington Hambright,
Mike,Hamby,Mike Hamby,
Gibran,Hamdan,Gibran Hamdan,
Dean,Hamel,Dean Hamel,
Tex,Hamer,Tex Hamer,
Adrian,Hamilton,Adrian Hamilton,
Andy,Hamilton,Andy Hamilton,
Antonio,Hamilton,Antonio Hamilton,
Ben,Hamilton,Ben Hamilton,
Bobby,Hamilton,Bobby Hamilton,
Cobi,Hamilton,Cobi Hamilton,
Conrad,Hamilton,Conrad Hamilton,
DaeSean,Hamilton,DaeSean Hamilton,
Darrell,Hamilton,Darrell Hamilton,
DaVon,Hamilton,DaVon Hamilton,
Derrick,Hamilton,Derrick Hamilton,
Devery,Hamilton,Devery Hamilton,
Harry,Hamilton,Harry Hamilton,
Jakar,Hamilton,Jakar Hamilton,
James,Hamilton,James Hamilton,
Joe,Hamilton,Joe Hamilton,
Justin,Hamilton,Justin Hamilton,
Justin,Hamilton,Justin Hamilton,
Keith,Hamilton,Keith Hamilton,
Kyle,Hamilton,Kyle Hamilton,
Ladarius,Hamilton,Ladarius Hamilton,
Lawrence,Hamilton,Lawrence Hamilton,
Lynell,Hamilton,Lynell Hamilton,
Malcolm,Hamilton,Malcolm Hamilton,
Marcus,Hamilton,Marcus Hamilton,
Michael,Hamilton,Michael Hamilton,
Ray,Hamilton,Ray Hamilton,
Ray,Hamilton,Ray Hamilton,
Remy,Hamilton,Remy Hamilton,
Rick,Hamilton,Rick Hamilton,
Ruffin,Hamilton,Ruffin Hamilton,
Shaun,Dion,Shaun Dion,
Skip,Hamilton,Skip Hamilton,
Steve,Hamilton,Steve Hamilton,
Wes,Hamilton,Wes Hamilton,
Woodrow,Hamilton,Woodrow Hamilton,
Uhuru,Hamiter,Uhuru Hamiter,
KJ,Hamler,KJ Hamler,
Connor,Hamlett,Connor Hamlett,
Damar,Hamlin,Damar Hamlin,
Gene,Hamlin,Gene Hamlin,
Ken,Hamlin,Ken Hamlin,
Michael,Hamlin,Michael Hamlin,
Bob,Hamm,Bob Hamm,
Ron,Hamm,Ron Hamm,
Mal,Hammack,Mal Hammack,
Mike,Hammerstein,Mike Hammerstein,
Ching,Hammill,Ching Hammill,
Bobby,Hammond,Bobby Hammond,
Frankie,Hammond,Frankie Hammond,
Gary,Hammond,Gary Hammond,
Henry,Hammond,Henry Hammond,
Josh,Hammond,Josh Hammond,
Kim,Hammond,Kim Hammond,
Steve,Hammond,Steve Hammond,
Wayne,Hammond,Wayne Hammond,
Shelly,Hammonds,Shelly Hammonds,
Alonzo,Hampton,Alonzo Hampton,
Casey,Hampton,Casey Hampton,
Dan,Hampton+,Dan Hampton+,
Dave,Hampton,Dave Hampton,
Dominique,Hampton,Dominique Hampton,
Jermaine,Hampton,Jermaine Hampton,
Kwante,Hampton,Kwante Hampton,
Lorenzo,Hampton,Lorenzo Hampton,
Nick,Hampton,Nick Hampton,
Rodney,Hampton,Rodney Hampton,
Saquan,Hampton,Saquan Hampton,
William,Hampton,William Hampton,
James,Hamrick,James Hamrick,
Chris,Hanburger+,Chris Hanburger+,
Blake,Hance,Blake Hance,
Anthony,Hancock,Anthony Hancock,
Kevin,Hancock,Kevin Hancock,
Mike,Hancock,Mike Hancock,
Shawn,Hand,Shawn Hand,
Harrison,Hand,Harrison Hand,
Jon,Hand,Jon Hand,
Larry,Hand,Larry Hand,
Norman,Hand,Norman Hand,
Omari,Hand,Omari Hand,
Phil,Handler,Phil Handler,
Dick,Handley,Dick Handley,
Geoff,Hangartner,Geoff Hangartner,
Caleb,Hanie,Caleb Hanie,
Carl,Hanke,Carl Hanke,
Ray,Hanken,Ray Hanken,
Leonard,Hankerson,Leonard Hankerson,
Johnathan,Hankins,Johnathan Hankins,
Ben,Hanks,Ben Hanks,
Merton,Hanks,Merton Hanks,
Cortez,Hankton,Cortez Hankton,
Karl,Hankton,Karl Hankton,
Bo,Hanley,Bo Hanley,
Dick,Hanley,Dick Hanley,
Bob,Hanlon,Bob Hanlon,
James,Hanna,James Hanna,
Jim,Hanna,Jim Hanna,
Zip,Hanna,Zip Hanna,
Charley,Hannah,Charley Hannah,
Herb,Hannah,Herb Hannah,
John,Hannah+,John Hannah+,
Travis,Hannah,Travis Hannah,
Ryan,Hannam,Ryan Hannam,
Chuck,Hanneman,Chuck Hanneman,
Cliff,Hanneman,Cliff Hanneman,
Craig,Hanneman,Craig Hanneman,
Dave,Hanner,Dave Hanner,
Tom,Hannon,Tom Hannon,
Jim,Hannula,Jim Hannula,
Duke,Hanny,Duke Hanny,
Matt,Hanousek,Matt Hanousek,
Terry,Hanratty,Terry Hanratty,
Russell,Hansbrough,Russell Hansbrough,
Brian,Hansen,Brian Hansen,
Bruce,Hansen,Bruce Hansen,
Carl,Hansen,Carl Hansen,
Chad,Hansen,Chad Hansen,
Chase,Hansen,Chase Hansen,
Cliff,Hansen,Cliff Hansen,
Dale,Hansen,Dale Hansen,
Don,Hansen,Don Hansen,
Hal,Hansen,Hal Hansen,
Jake,Hansen,Jake Hansen,
Phil,Hansen,Phil Hansen,
Ron,Hansen,Ron Hansen,
Roscoe,Hansen,Roscoe Hansen,
Wayne,Hansen,Wayne Hansen,
Tim,Hanshaw,Tim Hanshaw,
C.J.,Hanson,C.J. Hanson,
Chris,Hanson,Chris Hanson,
Dick,Hanson,Dick Hanson,
Hal,Hanson,Hal Hanson,
Hal,Hanson,Hal Hanson,
Homer,Hanson,Homer Hanson,
Jake,Hanson,Jake Hanson,
Jason,Hanson,Jason Hanson,
Joselio,Hanson,Joselio Hanson,
Mark,Hanson,Mark Hanson,
Ray,Hanson,Ray Hanson,
Steve,Hanson,Steve Hanson,
Swede,Hanson,Swede Hanson,
Byron,Hanspard,Byron Hanspard,
Bob,Hantla,Bob Hantla,
Chet,Hanulak,Chet Hanulak,
Patrick,Hape,Patrick Hape,
Merle,Hapes,Merle Hapes,
Parys,Haralson,Parys Haralson,
Jim,Harbaugh,Jim Harbaugh,
Clay,Harbor,Clay Harbor,
Dave,Harbour,Dave Harbour,
James,Harbour,James Harbour,
Buddy,Hardaway,Buddy Hardaway,
Billy,Hardee,Billy Hardee,
Justin,Hardee,Justin Hardee,
Buddy,Hardeman,Buddy Hardeman,
Don,Hardeman,Don Hardeman,
Bobby,Harden,Bobby Harden,
Cedric,Harden,Cedric Harden,
Derrick,Harden,Derrick Harden,
Lee,Harden,Lee Harden,
Michael,Harden,Michael Harden,
Mike,Harden,Mike Harden,
Myles,Harden,Myles Harden,
Pat,Harder,Pat Harder,
Montario,Hardesty,Montario Hardesty,
Steve,Hardin,Steve Hardin,
Greg,Harding,Greg Harding,
Roger,Harding,Roger Harding,
Dee,Hardison,Dee Hardison,
Cedrick,Hardman,Cedrick Hardman,
Derek,Hardman,Derek Hardman,
Mecole,Hardman,Mecole Hardman,
Nick,Hardwick,Nick Hardwick,
Adrian,Hardy,Adrian Hardy,
Andre,Hardy,Andre Hardy,
Bruce,Hardy,Bruce Hardy,
Carroll,Hardy,Carroll Hardy,
Charlie,Hardy,Charlie Hardy,
Cliff,Hardy,Cliff Hardy,
Daniel,Hardy,Daniel Hardy,
Darryl,Hardy,Darryl Hardy,
David,Hardy,David Hardy,
Ed,Hardy,Ed Hardy,
Greg,Hardy,Greg Hardy,
Isham,Hardy,Isham Hardy,
James,Hardy,James Hardy,
JaQuan,Hardy,JaQuan Hardy,
Jermaine,Hardy,Jermaine Hardy,
Jim,Hardy,Jim Hardy,
John,Hardy,John Hardy,
Justin,Hardy,Justin Hardy,
Kevin,Hardy,Kevin Hardy,
Kevin,Hardy,Kevin Hardy,
Larry,Hardy,Larry Hardy,
Richard,Hardy,Richard Hardy,
Robert,Hardy,Robert Hardy,
Robert,Hardy,Robert Hardy,
Terry,Hardy,Terry Hardy,
Cece,Hare,Cece Hare,
Eddie,Hare,Eddie Hare,
Ray,Hare,Ray Hare,
Ramon,Harewood,Ramon Harewood,
Tony,Hargain,Tony Hargain,
Edd,Hargett,Edd Hargett,
Javon,Hargrave,Javon Hargrave,
Vernon,Hargreaves,Vernon Hargreaves,
Anthony,Hargrove,Anthony Hargrove,
Jim,Hargrove,Jim Hargrove,
Jimmy,Hargrove,Jimmy Hargrove,
Marvin,Hargrove,Marvin Hargrove,
Cory,Harkey,Cory Harkey,
Lance,Harkey,Lance Harkey,
Lem,Harkey,Lem Harkey,
Steve,Harkey,Steve Harkey,
Jim,Harlan,Jim Harlan,
Chic,Harley,Chic Harley,
Pat,Harlow,Pat Harlow,
Sean,Harlow,Sean Harlow,
Andy,Harmon,Andy Harmon,
Clarence,Harmon,Clarence Harmon,
Derrick,Harmon,Derrick Harmon,
Duron,Harmon,Duron Harmon,
Ed,Harmon,Ed Harmon,
Ham,Harmon,Ham Harmon,
Kelvin,Harmon,Kelvin Harmon,
Kevin,Harmon,Kevin Harmon,
Mike,Harmon,Mike Harmon,
Ronnie,Harmon,Ronnie Harmon,
Tom,Harmon,Tom Harmon,
Tom,Harmon,Tom Harmon,
Art,Harms,Art Harms,
Jim,Harness,Jim Harness,
Eli,Harold,Eli Harold,
George,Harold,George Harold,
Alan,Harper,Alan Harper,
Alvin,Harper,Alvin Harper,
Bruce,Harper,Bruce Harper,
Charlie,Harper,Charlie Harper,
Chris,Harper,Chris Harper,
Chris,Harper,Chris Harper,
Darrell,Harper,Darrell Harper,
Dave,Harper,Dave Harper,
Deveron,Harper,Deveron Harper,
Devin,Harper,Devin Harper,
Dwayne,Harper,Dwayne Harper,
Jack,Harper,Jack Harper,
Jamie,Harper,Jamie Harper,
John,Harper,John Harper,
Justin,Harper,Justin Harper,
LaSalle,Harper,LaSalle Harper,
Madre,Harper,Madre Harper,
Mark,Harper,Mark Harper,
Maurice,Harper,Maurice Harper,
Michael,Harper,Michael Harper,
Nick,Harper,Nick Harper,
Roger,Harper,Roger Harper,
Roland,Harper,Roland Harper,
Roman,Harper,Roman Harper,
Shawn,Harper,Shawn Harper,
Thomas,Harper,Thomas Harper,
Willie,Harper,Willie Harper,
Dennis,Harrah,Dennis Harrah,
Charlie,Harraway,Charlie Harraway,
Gary,Harrell,Gary Harrell,
Graham,Harrell,Graham Harrell,
James,Harrell,James Harrell,
Jaylen,Harrell,Jaylen Harrell,
Justin,Harrell,Justin Harrell,
Rick,Harrell,Rick Harrell,
Sam,Harrell,Sam Harrell,
Willard,Harrell,Willard Harrell,
Chris,Harrington,Chris Harrington,
Joey,Harrington,Joey Harrington,
John,Harrington,John Harrington,
LaRue,Harrington,LaRue Harrington,
Perry,Harrington,Perry Harrington,
Al,Harris,Al Harris,
Al,Harris,Al Harris,
Alonzo,Harris,Alonzo Harris,
Amos,Harris,Amos Harris,
Anthony,Harris,Anthony Harris,
Anthony,Harris,Anthony Harris,
Antoine,Harris,Antoine Harris,
Antwan,Harris,Antwan Harris,
Archie,Harris,Archie Harris,
Arlen,Harris,Arlen Harris,
Atnaf,Harris,Atnaf Harris,
Bernardo,Harris,Bernardo Harris,
Billy,Harris,Billy Harris,
Billy,Harris,Billy Harris,
Bo,Harris,Bo Harris,
Bob,Harris,Bob Harris,
Brandon,Harris,Brandon Harris,
Bryce,Harris,Bryce Harris,
Cary,Harris,Cary Harris,
Charles,Harris,Charles Harris,
Chris,Harris,Chris Harris,
Chris,Harris,Chris Harris,
Christian,Harris,Christian Harris,
Chuck,Harris,Chuck Harris,
Clark,Harris,Clark Harris,
Cliff,Harris+,Cliff Harris+,
Corey,Harris,Corey Harris,
Corey,Harris,Corey Harris,
DaJohn,Harris,DaJohn Harris,
Damien,Harris,Damien Harris,
Darius,Harris,Darius Harris,
Darryl,Harris,Darryl Harris,
David,Harris,David Harris,
Davontae,Harris,Davontae Harris,
Jon,Harris,Jon Harris,
Vante,Harris,Vante Harris,
Demetrius,Harris,Demetrius Harris,
DeMichael,Harris,DeMichael Harris,
Demone,Harris,Demone Harris,
Derrick,Harris,Derrick Harris,
Dick,Harris,Dick Harris,
Dominique,Harris,Dominique Harris,
Don,Harris,Don Harris,
Dud,Harris,Dud Harris,
DuJuan,Harris,DuJuan Harris,
Duriel,Harris,Duriel Harris,
Dwayne,Harris,Dwayne Harris,
Elmore,Harris,Elmore Harris,
Elroy,Harris,Elroy Harris,
Eric,Harris,Eric Harris,
Erik,Harris,Erik Harris,
Fatty,Harris,Fatty Harris,
Franco,Harris+,Franco Harris+,
Frank,Harris,Frank Harris,
Gilbert,Harris,Gilbert Harris,
Hank,Harris,Hank Harris,
Harry,Harris,Harry Harris,
Herbert,Harris,Herbert Harris,
Ike,Harris,Ike Harris,
Jack,Harris,Jack Harris,
Jackie,Harris,Jackie Harris,
Jacob,Harris,Jacob Harris,
Jalen,Harris,Jalen Harris,
James,Harris,James Harris,
James,Harris,James Harris,
Jeremy,Harris,Jeremy Harris,
Jim,Harris,Jim Harris,
Jim,Harris,Jim Harris,
Jimmy,Harris,Jimmy Harris,
Joe,Harris,Joe Harris,
Joey,Harris,Joey Harris,
John,Harris,John Harris,
John,Harris,John Harris,
John,Harris,John Harris,
Johnnie,Harris,Johnnie Harris,
Jon,Harris,Jon Harris,
Jonathan,Harris,Jonathan Harris,
Josh,Harris,Josh Harris,
Josh,Harris,Josh Harris,
Jay,Harris,Jay Harris,
Ken,Harris,Ken Harris,
Kenny,Harris,Kenny Harris,
Kevin,Harris,Kevin Harris,
Kwame,Harris,Kwame Harris,
Leonard,Harris,Leonard Harris,
Leotis,Harris,Leotis Harris,
Leroy,Harris,Leroy Harris,
Leroy,Harris,Leroy Harris,
Lou,Harris,Lou Harris,
M.L.,Harris,M.L. Harris,
Marcell,Harris,Marcell Harris,
Mark,Harris,Mark Harris,
Marques,Harris,Marques Harris,
Marshall,Harris,Marshall Harris,
Marv,Harris,Marv Harris,
Maurice,Harris,Maurice Harris,
Michael,Harris,Michael Harris,
Mike,Harris,Mike Harris,
Mike,Harris,Mike Harris,
Najee,Harris,Najee Harris,
Napoleon,Harris,Napoleon Harris,
Nate,Harris,Nate Harris,
Nic,Harris,Nic Harris,
Nick,Harris,Nick Harris,
Nick,Harris,Nick Harris,
Nigel,Harris,Nigel Harris,
Odie,Harris,Odie Harris,
Orien,Harris,Orien Harris,
Paul,Harris,Paul Harris,
Phil,Harris,Phil Harris,
Quentin,Harris,Quentin Harris,
Shon,Harris,Shon Harris,
Raymont,Harris,Raymont Harris,
Richard,Harris,Richard Harris,
Rickie,Harris,Rickie Harris,
Robert,Harris,Robert Harris,
Rod,Harris,Rod Harris,
Ronnie,Harris,Ronnie Harris,
Roy,Harris,Roy Harris,
Rudy,Harris,Rudy Harris,
Ryan,Harris,Ryan Harris,
Sean,Harris,Sean Harris,
Shelby,Harris,Shelby Harris,
Steve,Harris,Steve Harris,
Steven,Harris,Steven Harris,
Tim,Harris,Tim Harris,
Tim,Harris,Tim Harris,
Tim,Harris,Tim Harris,
Tommie,Harris,Tommie Harris,
Tony,Harris,Tony Harris,
Trent,Harris,Trent Harris,
Tuff,Harris,Tuff Harris,
Victor,Harris,Victor Harris,
Walt,Harris,Walt Harris,
Walt,Harris,Walt Harris,
Wendell,Harris,Wendell Harris,
Will,Harris,Will Harris,
William,Harris,William Harris,
Anthony,Harrison,Anthony Harrison,
Anton,Harrison,Anton Harrison,
Arnold,Harrison,Arnold Harrison,
Bob,Harrison,Bob Harrison,
Bob,Harrison,Bob Harrison,
Brandon,Harrison,Brandon Harrison,
Chris,Harrison,Chris Harrison,
Damon,Harrison,Damon Harrison,
Dennis,Harrison,Dennis Harrison,
Desmond,Harrison,Desmond Harrison,
Dick,Harrison,Dick Harrison,
Dwight,Harrison,Dwight Harrison,
Ed,Harrison,Ed Harrison,
Glynn,Harrison,Glynn Harrison,
Gran,Harrison,Gran Harrison,
James,Harrison,James Harrison,
Jerome,Harrison,Jerome Harrison,
Jim,Harrison,Jim Harrison,
Jonotthan,Harrison,Jonotthan Harrison,
Kenny,Harrison,Kenny Harrison,
Kevin,Harrison,Kevin Harrison,
Lloyd,Harrison,Lloyd Harrison,
Malik,Harrison,Malik Harrison,
Marcus,Harrison,Marcus Harrison,
Martin,Harrison,Martin Harrison,
Marvin,Harrison+,Marvin Harrison+,
Marvin,Harrison,Marvin Harrison,
Max,Harrison,Max Harrison,
Nolan,Harrison,Nolan Harrison,
Pat,Harrison,Pat Harrison,
Reggie,Harrison,Reggie Harrison,
Rob,Harrison,Rob Harrison,
Rodney,Harrison,Rodney Harrison,
Ronnie,Harrison,Ronnie Harrison,
Todd,Harrison,Todd Harrison,
Tyreo,Harrison,Tyreo Harrison,
Vic,Harrison,Vic Harrison,
Zach,Harrison,Zach Harrison,
Carl,Harry,Carl Harry,
Emile,Harry,Emile Harry,
Keal,Harry,Keal Harry,
Ben,Hart,Ben Hart,
Bobby,Hart,Bobby Hart,
Cam,Hart,Cam Hart,
Clinton,Hart,Clinton Hart,
Derek,Hart,Derek Hart,
Dick,Hart,Dick Hart,
Doug,Hart,Doug Hart,
Harold,Hart,Harold Hart,
Jeff,Hart,Jeff Hart,
Jim,Hart,Jim Hart,
Larry,Hart,Larry Hart,
Lawrence,Hart,Lawrence Hart,
Leo,Hart,Leo Hart,
Leon,Hart,Leon Hart,
Les,Hart,Les Hart,
Mike,Hart,Mike Hart,
Penny,Hart,Penny Hart,
Pete,Hart,Pete Hart,
Roy,Hart,Roy Hart,
Taylor,Hart,Taylor Hart,
Tommy,Hart,Tommy Hart,
Montre,Hartage,Montre Hartage,
Mike,Hartenstine,Mike Hartenstine,
Trevon,Hartfield,Trevon Hartfield,
Jeff,Hartings,Jeff Hartings,
Greg,Hartle,Greg Hartle,
Frank,Hartley,Frank Hartley,
Garrett,Hartley,Garrett Hartley,
Howard,Hartley,Howard Hartley,
Ken,Hartley,Ken Hartley,
Brian,Hartline,Brian Hartline,
Bill,Hartman,Bill Hartman,
Fred,Hartman,Fred Hartman,
Jim,Hartman,Jim Hartman,
Tysyn,Hartman,Tysyn Hartman,
Brett,Hartmann,Brett Hartmann,
Perry,Hartnett,Perry Hartnett,
George,Hartong,George Hartong,
Shaunard,Harts,Shaunard Harts,
Mark,Hartsell,Mark Hartsell,
Myles,Hartsfield,Myles Hartsfield,
Larry,Hartshorn,Larry Hartshorn,
Ben,Hartsock,Ben Hartsock,
Ed,Hartwell,Ed Hartwell,
Carter,Hartwig,Carter Hartwig,
Justin,Hartwig,Justin Hartwig,
Keith,Hartwig,Keith Hartwig,
Deonte,Harty,Deonte Harty,
John,Harty,John Harty,
Bug,Hartzog,Bug Hartzog,
Claude,Harvey,Claude Harvey,
Derrick,Harvey,Derrick Harvey,
Frank,Harvey,Frank Harvey,
George,Harvey,George Harvey,
James,Harvey,James Harvey,
Jim,Harvey,Jim Harvey,
John,Harvey,John Harvey,
Ken,Harvey,Ken Harvey,
Mario,Harvey,Mario Harvey,
Marvin,Harvey,Marvin Harvey,
Maurice,Harvey,Maurice Harvey,
Norm,Harvey,Norm Harvey,
Richard,Harvey,Richard Harvey,
Richard,Harvey,Richard Harvey,
Stacy,Harvey,Stacy Harvey,
Waddey,Harvey,Waddey Harvey,
Willie,Harvey,Willie Harvey,
Clemons,,Clemons ,
Allen,Harvin,Allen Harvin,
Percy,Harvin,Percy Harvin,
Pressley,Harvin,Pressley Harvin,
John,Hasbrouck,John Hasbrouck,
Carlton,Haselrig,Carlton Haselrig,
George,Hasenohrl,George Hasenohrl,
Dwayne,Haskins,Dwayne Haskins,
Hassan,Haskins,Hassan Haskins,
Jon,Haskins,Jon Haskins,
Kevin,Haslam,Kevin Haslam,
Clint,Haslerig,Clint Haslerig,
Jim,Haslett,Jim Haslett,
Wilbert,Haslip,Wilbert Haslip,
Mike,Hass,Mike Hass,
Harald,Hasselbach,Harald Hasselbach,
Don,Hasselbeck,Don Hasselbeck,
Matt,Hasselbeck,Matt Hasselbeck,
Tim,Hasselbeck,Tim Hasselbeck,
J.T.,Hassell,J.T. Hassell,
J.C.,Hassenauer,J.C. Hassenauer,
Andre,Hastings,Andre Hastings,
George,Hastings,George Hastings,
Joe,Hastings,Joe Hastings,
Sandy,Hastings,Sandy Hastings,
James,Hasty,James Hasty,
Jamycal,Hasty,Jamycal Hasty,
Jeff,Hatch,Jeff Hatch,
Armon,Hatcher,Armon Hatcher,
Dale,Hatcher,Dale Hatcher,
Jason,Hatcher,Jason Hatcher,
Keon,Hatcher,Keon Hatcher,
Ron,Hatcher,Ron Hatcher,
Derrick,Hatchett,Derrick Hatchett,
Matthew,Hatchette,Matthew Hatchette,
Dominique,Hatfield,Dominique Hatfield,
Russ,Hathaway,Russ Hathaway,
Steve,Hathaway,Steve Hathaway,
Dave,Hathcock,Dave Hathcock,
Johnny,Hatley,Johnny Hatley,
Rickey,Hatley,Rickey Hatley,
Hogan,Hatten,Hogan Hatten,
Tim,Hauck,Tim Hauck,
Stephen,Hauschka,Stephen Hauschka,
Art,Hauser,Art Hauser,
Earl,Hauser,Earl Hauser,
Ken,Hauser,Ken Hauser,
Len,Hauss,Len Hauss,
Charlie,Havens,Charlie Havens,
Rob,Havenstein,Rob Havenstein,
Dave,Haverdick,Dave Haverdick,
Kevin,Haverdink,Kevin Haverdink,
Dennis,Havig,Dennis Havig,
Stanley,Havili,Stanley Havili,
Spencer,Havner,Spencer Havner,
Sam,Havrilak,Sam Havrilak,
Lucas,Havrisik,Lucas Havrisik,
A.J.,Hawk,A.J. Hawk,
Michael,Hawkes,Michael Hawkes,
Alex,Hawkins,Alex Hawkins,
Andrew,Hawkins,Andrew Hawkins,
Andy,Hawkins,Andy Hawkins,
Artrell,Hawkins,Artrell Hawkins,
Ben,Hawkins,Ben Hawkins,
Bill,Hawkins,Bill Hawkins,
Brent,Hawkins,Brent Hawkins,
Chris,Hawkins,Chris Hawkins,
Clarence,Hawkins,Clarence Hawkins,
Courtney,Hawkins,Courtney Hawkins,
Donald,Hawkins,Donald Hawkins,
Frank,Hawkins,Frank Hawkins,
Garland,Hawkins,Garland Hawkins,
Jaylinn,Hawkins,Jaylinn Hawkins,
Jerald,Hawkins,Jerald Hawkins,
Josh,Hawkins,Josh Hawkins,
Lavelle,Hawkins,Lavelle Hawkins,
Michael,Hawkins,Michael Hawkins,
Mike,Hawkins,Mike Hawkins,
Nate,Hawkins,Nate Hawkins,
Rip,Hawkins,Rip Hawkins,
Steve,Hawkins,Steve Hawkins,
Tayler,Hawkins,Tayler Hawkins,
Tre,Hawkins,Tre Hawkins,
Wayne,Hawkins,Wayne Hawkins,
Tanner,Hawkinson,Tanner Hawkinson,
Joe,Hawley,Joe Hawley,
Steve,Haworth,Steve Haworth,
Kurt,Haws,Kurt Haws,
Les,Haws,Les Haws,
Anttaj,Hawthorne,Anttaj Hawthorne,
David,Hawthorne,David Hawthorne,
Duane,Hawthorne,Duane Hawthorne,
Ed,Hawthorne,Ed Hawthorne,
Greg,Hawthorne,Greg Hawthorne,
Michael,Hawthorne,Michael Hawthorne,
Matthew,Hayball,Matthew Hayball,
Ken,Haycraft,Ken Haycraft,
Aaron,Hayden,Aaron Hayden,
D.J.,Hayden,D.J. Hayden,
Kelvin,Hayden,Kelvin Hayden,
Ken,Hayden,Ken Hayden,
Leo,Hayden,Leo Hayden,
Nick,Hayden,Nick Hayden,
Henry,Hayduk,Henry Hayduk,
Jovan,Haye,Jovan Haye,
Billie,Hayes,Billie Hayes,
Bob,Hayes+,Bob Hayes+,
Brandon,Hayes,Brandon Hayes,
Chris,Hayes,Chris Hayes,
Daelin,Hayes,Daelin Hayes,
Dave,Hayes,Dave Hayes,
Donald,Hayes,Donald Hayes,
Ed,Hayes,Ed Hayes,
Eric,Hayes,Eric Hayes,
Gary,Hayes,Gary Hayes,
Geno,Hayes,Geno Hayes,
Gerald,Hayes,Gerald Hayes,
Jarius,Hayes,Jarius Hayes,
Jeff,Hayes,Jeff Hayes,
Jim,Hayes,Jim Hayes,
Joe,Hayes,Joe Hayes,
Jonathan,Hayes,Jonathan Hayes,
Josh,Hayes,Josh Hayes,
Larry,Hayes,Larry Hayes,
Lester,Hayes,Lester Hayes,
Luther,Hayes,Luther Hayes,
Melvin,Hayes,Melvin Hayes,
Mercury,Hayes,Mercury Hayes,
Norbert,Hayes,Norbert Hayes,
Ray,Hayes,Ray Hayes,
Raymond,Hayes,Raymond Hayes,
Rudy,Hayes,Rudy Hayes,
Ryan,Hayes,Ryan Hayes,
Tae,Hayes,Tae Hayes,
Tom,Hayes,Tom Hayes,
Wendell,Hayes,Wendell Hayes,
William,Hayes,William Hayes,
Windrell,Hayes,Windrell Hayes,
Herb,Haygood,Herb Haygood,
Bill,Hayhoe,Bill Hayhoe,
Conway,Hayman,Conway Hayman,
Gary,Hayman,Gary Hayman,
Alvin,Haymond,Alvin Haymond,
Jarryd,Hayne,Jarryd Hayne,
Abner,Haynes,Abner Haynes,
Alex,Haynes,Alex Haynes,
Christian,Haynes,Christian Haynes,
Hall,Haynes,Hall Haynes,
James,Haynes,James Haynes,
Joe,Haynes,Joe Haynes,
Louis,Haynes,Louis Haynes,
Mark,Haynes,Mark Haynes,
Marquis,Haynes,Marquis Haynes,
Michael,Haynes,Michael Haynes,
Michael,Haynes,Michael Haynes,
Mike,Haynes+,Mike Haynes+,
Phil,Haynes,Phil Haynes,
Reggie,Haynes,Reggie Haynes,
Tommy,Haynes,Tommy Haynes,
Verron,Haynes,Verron Haynes,
Albert,Haynesworth,Albert Haynesworth,
Joey,Haynos,Joey Haynos,
George,Hays,George Hays,
Harold,Hays,Harold Hays,
Adam,Hayward,Adam Hayward,
Casey,Hayward,Casey Hayward,
Reggie,Hayward,Reggie Hayward,
Al,Haywood,Al Haywood,
Tracy,Hayworth,Tracy Hayworth,
Matt,Hazel,Matt Hazel,
Paul,Hazel,Paul Hazel,
Robert,Hazelhurst,Robert Hazelhurst,
Matt,Hazeltine,Matt Hazeltine,
Major,Hazelton,Major Hazelton,
Ted,Hazelwood,Ted Hazelwood,
Jeff,Hazuga,Jeff Hazuga,
Andy,Headen,Andy Headen,
Sherrill,Headrick,Sherrill Headrick,
Ed,Healey+,Ed Healey+,
Chip,Healy,Chip Healy,
Don,Healy,Don Healy,
Joe,Heap,Joe Heap,
Todd,Heap,Todd Heap,
Walt,Heap,Walt Heap,
Herman,Heard,Herman Heard,
Kellen,Heard,Kellen Heard,
Ronnie,Heard,Ronnie Heard,
Les,Hearden,Les Hearden,
Tom,Hearden,Tom Hearden,
Taylor,Hearn,Taylor Hearn,
Garrison,Hearst,Garrison Hearst,
Don,Heater,Don Heater,
Larry,Heater,Larry Heater,
Red,Heater,Red Heater,
Clayton,Heath,Clayton Heath,
Jeff,Heath,Jeff Heath,
Jo,Heath,Jo Heath,
Joel,Heath,Joel Heath,
Leon,Heath,Leon Heath,
Malik,Heath,Malik Heath,
Rodney,Heath,Rodney Heath,
Stan,Heath,Stan Heath,
T.J.,Heath,T.J. Heath,
Bobby,Hebert,Bobby Hebert,
Bud,Hebert,Bud Hebert,
Ken,Hebert,Ken Hebert,
Kyries,Hebert,Kyries Hebert,
Vaughn,Hebron,Vaughn Hebron,
George,Hecht,George Hecht,
Andy,Heck,Andy Heck,
Bob,Heck,Bob Heck,
Charlie,Heck,Charlie Heck,
Ralph,Heck,Ralph Heck,
Steve,Heckard,Steve Heckard,
Norb,Hecker,Norb Hecker,
Robert,Hecker,Robert Hecker,
Bruce,Hector,Bruce Hector,
Johnny,Hector,Johnny Hector,
Willie,Hector,Willie Hector,
Randy,Hedberg,Randy Hedberg,
Madison,Hedgecock,Madison Hedgecock,
Lou,Hedley,Lou Hedley,
Pat,Heenan,Pat Heenan,
Ben,Heeney,Ben Heeney,
Gene,Heeter,Gene Heeter,
Shawn,Heffern,Shawn Heffern,
Dave,Heffernan,Dave Heffernan,
Jack,Heflin,Jack Heflin,
Victor,Heflin,Victor Heflin,
Vince,Heflin,Vince Heflin,
Larry,Hefner,Larry Hefner,
George,Hegamin,George Hegamin,
Bill,Hegarty,Bill Hegarty,
Mike,Hegman,Mike Hegman,
Jimmy,Heidel,Jimmy Heidel,
Steve,Heiden,Steve Heiden,
Ralph,Heikkinen,Ralph Heikkinen,
Charles,Heileman,Charles Heileman,
Craig,Heimburger,Craig Heimburger,
Steve,Heimkreiter,Steve Heimkreiter,
Johnny,Heimsch,Johnny Heimsch,
Lakei,Heimuli,Lakei Heimuli,
Bob,Hein,Bob Hein,
Mel,Hein+,Mel Hein+,
Ken,Heineman,Ken Heineman,
Taylor,Heinicke,Taylor Heinicke,
Fritz,Heinisch,Fritz Heinisch,
Pete,Heinlein,Pete Heinlein,
Don,Heinrich,Don Heinrich,
Keith,Heinrich,Keith Heinrich,
Bob,Heinz,Bob Heinz,
Eric,Heitmann,Eric Heitmann,
Johnny,Hekker,Johnny Hekker,
George,Hekkers,George Hekkers,
Paul,Held,Paul Held,
Carl,Heldt,Carl Heldt,
Jack,Heldt,Jack Heldt,
Cooper,Helfet,Cooper Helfet,
DeMarcco,Hellams,DeMarcco Hellams,
Ron,Heller,Ron Heller,
Ron,Heller,Ron Heller,
Warren,Heller,Warren Heller,
Will,Heller,Will Heller,
Dale,Hellestrae,Dale Hellestrae,
Jerry,Helluin,Jerry Helluin,
Daniel,Helm,Daniel Helm,
Jack,Helms,Jack Helms,
Barry,Helton,Barry Helton,
Darius,Helton,Darius Helton,
Roy,Helu,Roy Helu,
Chuck,Helvie,Chuck Helvie,
John,Helwig,John Helwig,
Junior,Hemingway,Junior Hemingway,
Temarrick,Hemingway,Temarrick Hemingway,
Bill,Hempel,Bill Hempel,
Darryl,Hemphill,Darryl Hemphill,
Hessley,Hempstead,Hessley Hempstead,
Nate,Hemsley,Nate Hemsley,
Andy,Hendel,Andy Hendel,
Larry,Hendershot,Larry Hendershot,
Peyton,Hendershot,Peyton Hendershot,
C.J.,Henderson,C.J. Henderson,
Darrell,Henderson,Darrell Henderson,
Angelo,Henderson,Angelo Henderson,
Devery,Henderson,Devery Henderson,
E.J.,Henderson,E.J. Henderson,
Eric,Henderson,Eric Henderson,
Erin,Henderson,Erin Henderson,
Herb,Henderson,Herb Henderson,
Jamie,Henderson,Jamie Henderson,
Jerome,Henderson,Jerome Henderson,
John,Henderson,John Henderson,
John,Henderson,John Henderson,
Jon,Henderson,Jon Henderson,
Keith,Henderson,Keith Henderson,
Mario,Henderson,Mario Henderson,
Othello,Henderson,Othello Henderson,
Quadree,Henderson,Quadree Henderson,
Reuben,Henderson,Reuben Henderson,
Seantrel,Henderson,Seantrel Henderson,
Thomas,Henderson,Thomas Henderson,
Trayvon,Henderson,Trayvon Henderson,
Wilbur,Henderson,Wilbur Henderson,
William,Henderson,William Henderson,
Wyatt,Henderson,Wyatt Henderson,
Wymon,Henderson,Wymon Henderson,
Zac,Henderson,Zac Henderson,
David,Hendley,David Hendley,
Dick,Hendley,Dick Hendley,
Jim,Hendley,Jim Hendley,
Bob,Hendren,Bob Hendren,
Jerry,Hendren,Jerry Hendren,
Johnny,Hendren,Johnny Hendren,
Dutch,Hendrian,Dutch Hendrian,
Dwayne,Hendricks,Dwayne Hendricks,
Ted,Hendricks+,Ted Hendricks+,
Tommy,Hendricks,Tommy Hendricks,
Steve,Hendrickson,Steve Hendrickson,
Trey,Hendrickson,Trey Hendrickson,
Dave,Hendrix,Dave Hendrix,
Manny,Hendrix,Manny Hendrix,
Tim,Hendrix,Tim Hendrix,
A.J.,Hendy,A.J. Hendy,
John,Hendy,John Hendy,
Alex,Henery,Alex Henery,
Brian,Henesey,Brian Henesey,
Brad,Henke,Brad Henke,
Ed,Henke,Ed Henke,
Karl,Henke,Karl Henke,
Carey,Henley,Carey Henley,
Daiyan,Henley,Daiyan Henley,
Darryl,Henley,Darryl Henley,
June,Henley,June Henley,
Thomas,Henley,Thomas Henley,
Chad,Henne,Chad Henne,
Nick,Hennessey,Nick Hennessey,
Tom,Hennessey,Tom Hennessey,
Jerry,Hennessy,Jerry Hennessy,
John,Hennessy,John Hennessy,
Matt,Hennessy,Matt Hennessy,
Thomas,Hennessy,Thomas Hennessy,
Charley,Hennigan,Charley Hennigan,
Mike,Hennigan,Mike Hennigan,
Dan,Henning,Dan Henning,
Chad,Hennings,Chad Hennings,
Matt,Henningsen,Matt Henningsen,
Ralph,Henricus,Ralph Henricus,
Anthony,Henry,Anthony Henry,
Bernard,Henry,Bernard Henry,
Charles,Henry,Charles Henry,
Chas,Henry,Chas Henry,
Chris,Henry,Chris Henry,
Chris,Henry,Chris Henry,
Derrick,Henry,Derrick Henry,
Fritz,Henry,Fritz Henry,
Hunter,Henry,Hunter Henry,
K.J.,Henry,K.J. Henry,
Kevin,Henry,Kevin Henry,
Leonard,Henry,Leonard Henry,
Marcus,Henry,Marcus Henry,
Maurice,Henry,Maurice Henry,
Mike,Henry,Mike Henry,
Mitchell,Henry,Mitchell Henry,
Pete,Henry+,Pete Henry+,
Ricky,Henry,Ricky Henry,
Steve,Henry,Steve Henry,
Tom,Henry,Tom Henry,
Travis,Henry,Travis Henry,
Urban,Henry,Urban Henry,
Wally,Henry,Wally Henry,
Wilbur,Henry,Wilbur Henry,
Willie,Henry,Willie Henry,
Dick,Hensley,Dick Hensley,
Champ,Henson,Champ Henson,
Drew,Henson,Drew Henson,
Gary,Henson,Gary Henson,
Ken,Henson,Ken Henson,
Luther,Henson,Luther Henson,
Robert,Henson,Robert Henson,
Hale,Hentges,Hale Hentges,
Anthony,Henton,Anthony Henton,
Craig,Hentrich,Craig Hentrich,
Lonnie,Hepburn,Lonnie Hepburn,
Kris,Heppner,Kris Heppner,
Arnie,Herber+,Arnie Herber+,
Justin,Herbert,Justin Herbert,
Khalil,Herbert,Khalil Herbert,
Nate,Herbig,Nate Herbig,
Nick,Herbig,Nick Herbig,
Bill,Herchman,Bill Herchman,
Kyle,Hergel,Kyle Hergel,
Joe,Hergert,Joe Hergert,
Matt,Herkenhoff,Matt Herkenhoff,
Al,Herline,Al Herline,
Chuck,Herman,Chuck Herman,
Dave,Herman,Dave Herman,
Ed,Herman,Ed Herman,
Dick,Hermann,Dick Hermann,
Johnny,Hermann,Johnny Hermann,
Grant,Hermanns,Grant Hermanns,
Terry,Hermeling,Terry Hermeling,
Aaron,Hernandez,Aaron Hernandez,
Joe,Hernandez,Joe Hernandez,
Matt,Hernandez,Matt Hernandez,
Scott,Hernandez,Scott Hernandez,
Will,Hernandez,Will Hernandez,
Chris,Herndon,Chris Herndon,
Don,Herndon,Don Herndon,
Javontee,Herndon,Javontee Herndon,
Jimmy,Herndon,Jimmy Herndon,
Kelly,Herndon,Kelly Herndon,
Steve,Herndon,Steve Herndon,
Tre,Herndon,Tre Herndon,
Ken,Herock,Ken Herock,
Fred,Heron,Fred Heron,
Brian,Herosian,Brian Herosian,
Todd,Herremans,Todd Herremans,
Amarlo,Herrera,Amarlo Herrera,
Anthony,Herrera,Anthony Herrera,
Efren,Herrera,Efren Herrera,
Hoot,Herrin,Hoot Herrin,
George,Herring,George Herring,
Hal,Herring,Hal Herring,
Kim,Herring,Kim Herring,
Malik,Herring,Malik Herring,
Will,Herring,Will Herring,
Don,Herrmann,Don Herrmann,
Mark,Herrmann,Mark Herrmann,
Jeff,Herrod,Jeff Herrod,
Anthony,Herron,Anthony Herron,
Bruce,Herron,Bruce Herron,
Dan,Herron,Dan Herron,
David,Herron,David Herron,
Frank,Herron,Frank Herron,
Justin,Herron,Justin Herron,
Mack,Herron,Mack Herron,
Noah,Herron,Noah Herron,
Pat,Herron,Pat Herron,
Robert,Herron,Robert Herron,
Kirk,Hershey,Kirk Hershey,
Rob,Hertel,Rob Hertel,
Craig,Hertwig,Craig Hertwig,
Frank,Hertz,Frank Hertz,
Mark,Herzlich,Mark Herzlich,
Gavin,Heslop,Gavin Heslop,
Wally,Hess,Wally Hess,
Jon,Hesse,Jon Hesse,
Parker,Hesse,Parker Hesse,
Devin,Hester+,Devin Hester+,
Jacob,Hester,Jacob Hester,
Jessie,Hester,Jessie Hester,
Jimmy,Hester,Jimmy Hester,
Ray,Hester,Ray Hester,
Ron,Hester,Ron Hester,
Treyvon,Hester,Treyvon Hester,
Chris,Hetherington,Chris Hetherington,
Dave,Hettema,Dave Hettema,
Jeff,Heuerman,Jeff Heuerman,
Bill,Hewitt+,Bill Hewitt+,
Chris,Hewitt,Chris Hewitt,
Neville,Hewitt,Neville Hewitt,
Ryan,Hewitt,Ryan Hewitt,
Bob,Hewko,Bob Hewko,
Bob,Hews,Bob Hews,
Stephon,Heyer,Stephon Heyer,
Cameron,Heyward,Cameron Heyward,
Connor,Heyward,Connor Heyward,
Craig,Heyward,Craig Heyward,
Shaka,Heyward,Shaka Heyward,
Bey,,Bey ,
Ralph,Heywood,Ralph Heywood,
Jesse,Hibbs,Jesse Hibbs,
Mike,Hibler,Mike Hibler,
Gene,Hickerson+,Gene Hickerson+,
Bo,Hickey,Bo Hickey,
Red,Hickey,Red Hickey,
Ray,Hickl,Ray Hickl,
Dallas,Hickman,Dallas Hickman,
Donnie,Hickman,Donnie Hickman,
Herman,Hickman,Herman Hickman,
Justin,Hickman,Justin Hickman,
Kevin,Hickman,Kevin Hickman,
Larry,Hickman,Larry Hickman,
Ronnie,Hickman,Ronnie Hickman,
Akiem,Hicks,Akiem Hicks,
Artis,Hicks,Artis Hicks,
Brandon,Hicks,Brandon Hicks,
Bryan,Hicks,Bryan Hicks,
Cliff,Hicks,Cliff Hicks,
Dwight,Hicks,Dwight Hicks,
Dwone,Hicks,Dwone Hicks,
Eddie,Hicks,Eddie Hicks,
Elijah,Hicks,Elijah Hicks,
Eric,Hicks,Eric Hicks,
Faion,Hicks,Faion Hicks,
Ivan,Hicks,Ivan Hicks,
Jaden,Hicks,Jaden Hicks,
John,Hicks,John Hicks,
Jordan,Hicks,Jordan Hicks,
Kerry,Hicks,Kerry Hicks,
LaMarcus,Hicks,LaMarcus Hicks,
Mark,Hicks,Mark Hicks,
Maurice,Hicks,Maurice Hicks,
Max,Hicks,Max Hicks,
Michael,Hicks,Michael Hicks,
R.W.,Hicks,R.W. Hicks,
Robert,Hicks,Robert Hicks,
Skip,Hicks,Skip Hicks,
Sylvester,Hicks,Sylvester Hicks,
Tom,Hicks,Tom Hicks,
Victor,Hicks,Victor Hicks,
W.K.,Hicks,W.K. Hicks,
Ed,Hiemstra,Ed Hiemstra,
Tyler,Higbee,Tyler Higbee,
Alex,Higdon,Alex Higdon,
Austin,Higgins,Austin Higgins,
Bob,Higgins,Bob Higgins,
Elijah,Higgins,Elijah Higgins,
J.B.,Higgins,J.B. Higgins,
Jim,Higgins,Jim Higgins,
Johnnie,Lee,Johnnie Lee,
Luke,Higgins,Luke Higgins,
Michael,Higgins,Michael Higgins,
Rashard,Higgins,Rashard Higgins,
Tee,Higgins,Tee Higgins,
Tom,Higgins,Tom Higgins,
Tom,Higgins,Tom Higgins,
Mark,Higgs,Mark Higgs,
Lenny,High,Lenny High,
Alex,Highsmith,Alex Highsmith,
Ali,Highsmith,Ali Highsmith,
Alonzo,Highsmith,Alonzo Highsmith,
Buzz,Highsmith,Buzz Highsmith,
Don,Highsmith,Don Highsmith,
Ben,Hightower,Ben Hightower,
a,Hightower,a Hightower,
John,Hightower,John Hightower,
Tim,Hightower,Tim Hightower,
Cole,Hikutini,Cole Hikutini,
Jon,Hilbert,Jon Hilbert,
Van,Hiles,Van Hiles,
Jay,Hilgenberg,Jay Hilgenberg,
Joel,Hilgenberg,Joel Hilgenberg,
Wally,Hilgenberg,Wally Hilgenberg,
Rusty,Hilger,Rusty Hilger,
Anthony,Hill,Anthony Hill,
B.J.,Hill,B.J. Hill,
Barry,Hill,Barry Hill,
Bill,Hill,Bill Hill,
Bob,Hill,Bob Hill,
Brandon,Hill,Brandon Hill,
Brian,Hill,Brian Hill,
Bronson,Hill,Bronson Hill,
Bruce,Hill,Bruce Hill,
Calvin,Hill,Calvin Hill,
Charles,Hill,Charles Hill,
Charley,Hill,Charley Hill,
Chuck,Hill,Chuck Hill,
Cowboy,Hill,Cowboy Hill,
Darius,Hill,Darius Hill,
Darrell,Hill,Darrell Hill,
Dave,Hill,Dave Hill,
David,Hill,David Hill,
Daxton,Hill,Daxton Hill,
Derek,Hill,Derek Hill,
Don,Hill,Don Hill,
Drew,Hill,Drew Hill,
Eddie,Hill,Eddie Hill,
Eric,Hill,Eric Hill,
Fred,Hill,Fred Hill,
Gary,Hill,Gary Hill,
Greg,Hill,Greg Hill,
Greg,Hill,Greg Hill,
Harlon,Hill,Harlon Hill,
Harold,Hill,Harold Hill,
Holton,Hill,Holton Hill,
Ike,Hill,Ike Hill,
Irv,Hill,Irv Hill,
J.D.,Hill,J.D. Hill,
Jack,Hill,Jack Hill,
Jamal,Hill,Jamal Hill,
James,Hill,James Hill,
Jason,Hill,Jason Hill,
Jaylen,Hill,Jaylen Hill,
Jeff,Hill,Jeff Hill,
Jeremy,Hill,Jeremy Hill,
Jerry,Hill,Jerry Hill,
Jim,Hill,Jim Hill,
Jim,Hill,Jim Hill,
Jimmy,Hill,Jimmy Hill,
John,Hill,John Hill,
Jordan,Hill,Jordan Hill,
Josh,Hill,Josh Hill,
Julian,Hill,Julian Hill,
Justice,Hill,Justice Hill,
K.J.,Hill,K.J. Hill,
Kahlil,Hill,Kahlil Hill,
Kenny,Hill,Kenny Hill,
Kent,Hill,Kent Hill,
Kid,Hill,Kid Hill,
King,Hill,King Hill,
Kylin,Hill,Kylin Hill,
Lano,Hill,Lano Hill,
LeRoy,Hill,LeRoy Hill,
Lonzell,Hill,Lonzell Hill,
Mack,Lee,Mack Lee,
Madre,Hill,Madre Hill,
Marquise,Hill,Marquise Hill,
Matt,Hill,Matt Hill,
Michael,Hill,Michael Hill,
Nate,Hill,Nate Hill,
Raion,Hill,Raion Hill,
Ralph,Hill,Ralph Hill,
Randal,Hill,Randal Hill,
Rashod,Hill,Rashod Hill,
Ray,Hill,Ray Hill,
Renaldo,Hill,Renaldo Hill,
Reynaldo,Hill,Reynaldo Hill,
Rod,Hill,Rod Hill,
Sammie,Lee,Sammie Lee,
Sean,Hill,Sean Hill,
Shaun,Hill,Shaun Hill,
Stephen,Hill,Stephen Hill,
Taysom,Hill,Taysom Hill,
Tony,Hill,Tony Hill,
Tony,Hill,Tony Hill,
Travis,Hill,Travis Hill,
Trey,Hill,Trey Hill,
Troy,Hill,Troy Hill,
Trysten,Hill,Trysten Hill,
Tye,Hill,Tye Hill,
Tyreek,Hill,Tyreek Hill,
Will,Hill,Will Hill,
Will,Hill,Will Hill,
Winston,Hill+,Winston Hill+,
Darius,Hillary,Darius Hillary,
Ira,Hillary,Ira Hillary,
Jerry,Hillebrand,Jerry Hillebrand,
Billy,Hillenbrand,Billy Hillenbrand,
Hunter,Hillenmeyer,Hunter Hillenmeyer,
Andy,Hillhouse,Andy Hillhouse,
Corey,Hilliard,Corey Hilliard,
Dalton,Hilliard,Dalton Hilliard,
Dontrell,Hilliard,Dontrell Hilliard,
Ike,Hilliard,Ike Hilliard,
Jason,Hilliard,Jason Hilliard,
John,Hilliard,John Hilliard,
Justin,Hilliard,Justin Hilliard,
Lex,Hilliard,Lex Hilliard,
Randy,Hilliard,Randy Hilliard,
Jon,Hilliman,Jon Hilliman,
Peyton,Hillis,Peyton Hillis,
Bill,Hillman,Bill Hillman,
Ronnie,Hillman,Ronnie Hillman,
Keno,Hills,Keno Hills,
Tony,Hills,Tony Hills,
Wes,Hills,Wes Hills,
Hal,Hilpert,Hal Hilpert,
Carl,Hilton,Carl Hilton,
John,Hilton,John Hilton,
Mike,Hilton,Mike Hilton,
Roy,Hilton,Roy Hilton,
Scott,Hilton,Scott Hilton,
T.Y.,Hilton,T.Y. Hilton,
Zachary,Hilton,Zachary Hilton,
Dick,Himes,Dick Himes,
Curly,Hinchman,Curly Hinchman,
Stan,Hindman,Stan Hindman,
Andre,Hines,Andre Hines,
Juan,Hines,Juan Hines,
Glen,Ray,Glen Ray,
Jermale,Hines,Jermale Hines,
Jimmy,Hines,Jimmy Hines,
Nyheim,Hines,Nyheim Hines,
Allen,,Allen ,
Kurt,Hinish,Kurt Hinish,
Bryan,Hinkle,Bryan Hinkle,
Clarke,Hinkle+,Clarke Hinkle+,
George,Hinkle,George Hinkle,
Jack,Hinkle,Jack Hinkle,
Mike,Hinnant,Mike Hinnant,
Hal,Hinte,Hal Hinte,
Chris,Hinton,Chris Hinton,
Christopher,Hinton,Christopher Hinton,
Chuck,Hinton,Chuck Hinton,
Chuck,Hinton,Chuck Hinton,
Eddie,Hinton,Eddie Hinton,
Grassy,Hinton,Grassy Hinton,
Kendall,Hinton,Kendall Hinton,
Kyle,Hinton,Kyle Hinton,
Marcus,Hinton,Marcus Hinton,
Mike,Hintz,Mike Hintz,
Sam,Hipa,Sam Hipa,
I.M.,Hipp,I.M. Hipp,
Eric,Hipple,Eric Hipple,
Claude,Hipps,Claude Hipps,
Doug,Hire,Doug Hire,
Buckets,Hirsch,Buckets Hirsch,
Elroy,Hirsch+,Elroy Hirsch+,
Steve,Hirsch,Steve Hirsch,
Bill,Hitchcock,Bill Hitchcock,
Jimmy,Hitchcock,Jimmy Hitchcock,
Ray,Hitchcock,Ray Hitchcock,
Anthony,Hitchens,Anthony Hitchens,
Joel,Hitt,Joel Hitt,
Billy,Hix,Billy Hix,
Domenik,Hixon,Domenik Hixon,
Terry,Hoage,Terry Hoage,
Fred,Hoaglin,Fred Hoaglin,
Joe,Hoague,Joe Hoague,
Dick,Hoak,Dick Hoak,
Leroy,Hoard,Leroy Hoard,
Mike,Hoban,Mike Hoban,
Jim,Hobbins,Jim Hobbins,
Bill,Hobbs,Bill Hobbs,
Daryl,Hobbs,Daryl Hobbs,
Ellis,Hobbs,Ellis Hobbs,
Homer,Hobbs,Homer Hobbs,
Kevin,Hobbs,Kevin Hobbs,
Nate,Hobbs,Nate Hobbs,
Stephen,Hobbs,Stephen Hobbs,
Marion,Hobby,Marion Hobby,
Billy,Joe,Billy Joe,
Chittick,,Chittick ,
Liffort,Hobley,Liffort Hobley,
Fred,Hobscheid,Fred Hobscheid,
Ben,Hobson,Ben Hobson,
Victor,Hobson,Victor Hobson,
Russ,Hochstein,Russ Hochstein,
John,Hock,John Hock,
T.J.,Hockenson,T.J. Hockenson,
Zach,Hocker,Zach Hocker,
Merwin,Hodel,Merwin Hodel,
Nathan,Hodel,Nathan Hodel,
Drew,Hodgdon,Drew Hodgdon,
Abdul,Hodge,Abdul Hodge,
Damon,Hodge,Damon Hodge,
Darius,Hodge,Darius Hodge,
Floyd,Hodge,Floyd Hodge,
KhaDarel,Hodge,KhaDarel Hodge,
Milford,Hodge,Milford Hodge,
Sedrick,Hodge,Sedrick Hodge,
Cooper,Hodges,Cooper Hodges,
Devlin,Hodges,Devlin Hodges,
Eric,Hodges,Eric Hodges,
Gerald,Hodges,Gerald Hodges,
Herman,Hodges,Herman Hodges,
Reggie,Hodges,Reggie Hodges,
Isaiah,Hodgins,Isaiah Hodgins,
James,Hodgins,James Hodgins,
Norm,Hodgins,Norm Hodgins,
Pat,Hodgson,Pat Hodgson,
Tom,Hodson,Tom Hodson,
Michael,Hoecht,Michael Hoecht,
Bob,Hoel,Bob Hoel,
David,Hoelscher,David Hoelscher,
Dick,Hoerner,Dick Hoerner,
Bob,Hoernschemeyer,Bob Hoernschemeyer,
George,Hoey,George Hoey,
Paul,Hofer,Paul Hofer,
Bill,Hoffman,Bill Hoffman,
Bob,Hoffman,Bob Hoffman,
Brock,Hoffman,Brock Hoffman,
Dalton,Hoffman,Dalton Hoffman,
Gary,Hoffman,Gary Hoffman,
Jack,Hoffman,Jack Hoffman,
Jake,Hoffman,Jake Hoffman,
John,Hoffman,John Hoffman,
John,Hoffman,John Hoffman,
Dave,Hoffmann,Dave Hoffmann,
Sterling,Hofrichter,Sterling Hofrichter,
Brandon,Hogan,Brandon Hogan,
Chris,Hogan,Chris Hogan,
Darrell,Hogan,Darrell Hogan,
Kevin,Hogan,Kevin Hogan,
Krishawn,Hogan,Krishawn Hogan,
Marc,Hogan,Marc Hogan,
Mike,Hogan,Mike Hogan,
Paul,Hogan,Paul Hogan,
Tom,Hogan,Tom Hogan,
Merril,Hoge,Merril Hoge,
Gary,Hogeboom,Gary Hogeboom,
D.D.,Hoggard,D.D. Hoggard,
Doug,Hogland,Doug Hogland,
Doug,Hogue,Doug Hogue,
Frank,Hogue,Frank Hogue,
Murrell,Hogue,Murrell Hogue,
Mike,Hohensee,Mike Hohensee,
Jon,Hohman,Jon Hohman,
Bob,Hohn,Bob Hohn,
Al,Hoisington,Al Hoisington,
Chris,Hoke,Chris Hoke,
Jonathan,Hoke,Jonathan Hoke,
Steve,Hokuf,Steve Hokuf,
George,Holani,George Holani,
Colin,Holba,Colin Holba,
Cole,Holcomb,Cole Holcomb,
Kelly,Holcomb,Kelly Holcomb,
Tex,Holcomb,Tex Holcomb,
Robert,Holcombe,Robert Holcombe,
Mike,Hold,Mike Hold,
Curtis,Holden,Curtis Holden,
Sam,Holden,Sam Holden,
Steve,Holden,Steve Holden,
Will,Holden,Will Holden,
Alijah,Holder,Alijah Holder,
Lew,Holder,Lew Holder,
Warrick,Holdman,Warrick Holdman,
Babe,Hole,Babe Hole,
Mickey,Hole,Mickey Hole,
John,Holecek,John Holecek,
Carlyle,Holiday,Carlyle Holiday,
Jim,Holifield,Jim Holifield,
John,Holifield,John Holifield,
Dallin,Holker,Dallin Holker,
Bob,Holladay,Bob Holladay,
Darius,Holland,Darius Holland,
Devin,Holland,Devin Holland,
Jamie,Holland,Jamie Holland,
Jeff,Holland,Jeff Holland,
Jevon,Holland,Jevon Holland,
John,Holland,John Holland,
Johnny,Holland,Johnny Holland,
Jonathan,Holland,Jonathan Holland,
Montrae,Holland,Montrae Holland,
Vern,Holland,Vern Holland,
John,Hollar,John Hollar,
Donald,Hollas,Donald Hollas,
Hugo,Hollas,Hugo Hollas,
Eric,Holle,Eric Holle,
Ed,Holler,Ed Holler,
Tom,Holleran,Tom Holleran,
Tommy,Holleran,Tommy Holleran,
Jesse,Holley,Jesse Holley,
Ken,Holley,Ken Holley,
Nate,Holley,Nate Holley,
Corey,Holliday,Corey Holliday,
Marcus,Holliday,Marcus Holliday,
Ron,Holliday,Ron Holliday,
Trindon,Holliday,Trindon Holliday,
Vonnie,Holliday,Vonnie Holliday,
Doug,Hollie,Doug Hollie,
Dwight,Hollier,Dwight Hollier,
Henry,Holligan,Henry Holligan,
Tony,Hollings,Tony Hollings,
Joe,Hollingsworth,Joe Hollingsworth,
Shawn,Hollingsworth,Shawn Hollingsworth,
Lamont,Hollinquest,Lamont Hollinquest,
Alexander,Hollins,Alexander Hollins,
Justin,Hollins,Justin Hollins,
Mack,Hollins,Mack Hollins,
David,Hollis,David Hollis,
Mike,Hollis,Mike Hollis,
Cody,Hollister,Cody Hollister,
Jacob,Hollister,Jacob Hollister,
dar,Hollman,dar Hollman,
DeVonte,Holloman,DeVonte Holloman,
Gus,Hollomon,Gus Hollomon,
Brian,Holloway,Brian Holloway,
Cornell,Holloway,Cornell Holloway,
Derek,Holloway,Derek Holloway,
Glen,Holloway,Glen Holloway,
Jabari,Holloway,Jabari Holloway,
Johnny,Holloway,Johnny Holloway,
Randy,Holloway,Randy Holloway,
Stan,Holloway,Stan Holloway,
Steve,Holloway,Steve Holloway,
Tony,Holloway,Tony Holloway,
T.J.,Hollowell,T.J. Hollowell,
Bob,Holly,Bob Holly,
Daven,Holly,Daven Holly,
Tony,Holm,Tony Holm,
John,Holman,John Holman,
Rashad,Holman,Rashad Holman,
Rodney,Holman,Rodney Holman,
Scott,Holman,Scott Holman,
Walter,Holman,Walter Holman,
Willie,Holman,Willie Holman,
Rob,Holmberg,Rob Holmberg,
Walt,Holmer,Walt Holmer,
Alex,Holmes,Alex Holmes,
Andre,Holmes,Andre Holmes,
Bruce,Holmes,Bruce Holmes,
Christian,Holmes,Christian Holmes,
Clayton,Holmes,Clayton Holmes,
Darick,Holmes,Darick Holmes,
Darnay,Holmes,Darnay Holmes,
Darryl,Holmes,Darryl Holmes,
Don,Holmes,Don Holmes,
Earl,Holmes,Earl Holmes,
Ernie,Holmes,Ernie Holmes,
Gabe,Holmes,Gabe Holmes,
Jack,Holmes,Jack Holmes,
Jalyn,Holmes,Jalyn Holmes,
Jaret,Holmes,Jaret Holmes,
Jerry,Holmes,Jerry Holmes,
Johnny,Holmes,Johnny Holmes,
Kenny,Holmes,Kenny Holmes,
Khaled,Holmes,Khaled Holmes,
Lamar,Holmes,Lamar Holmes,
Lendy,Holmes,Lendy Holmes,
Lester,Holmes,Lester Holmes,
Mel,Holmes,Mel Holmes,
Mike,Holmes,Mike Holmes,
Pat,Holmes,Pat Holmes,
Priest,Holmes,Priest Holmes,
Robert,Holmes,Robert Holmes,
Ron,Holmes,Ron Holmes,
Rudy,Holmes,Rudy Holmes,
Santonio,Holmes,Santonio Holmes,
Tyrone,Holmes,Tyrone Holmes,
Tom,Holmoe,Tom Holmoe,
Pete,Holohan,Pete Holohan,
Mike,Holovak,Mike Holovak,
Bernard,Holsey,Bernard Holsey,
Joshua,Holsey,Joshua Holsey,
Mike,Holston,Mike Holston,
Glenn,Holt,Glenn Holt,
Harry,Holt,Harry Holt,
Issiac,Holt,Issiac Holt,
James,Holt,James Holt,
John,Holt,John Holt,
Pierce,Holt,Pierce Holt,
Robert,Holt,Robert Holt,
Terrence,Holt,Terrence Holt,
Torry,Holt,Torry Holt,
Johnny,Holton,Johnny Holton,
J.P.,Holtz,J.P. Holtz,
Glenn,Holtzman,Glenn Holtzman,
E.J.,Holub,E.J. Holub,
Elijah,Holyfield,Elijah Holyfield,
Gordy,Holz,Gordy Holz,
Tom,Holzer,Tom Holzer,
Dennis,Homan,Dennis Homan,
Bits,Homan,Bits Homan,
Thomas,Homco,Thomas Homco,
Travis,Homer,Travis Homer,
Charlie,Honaker,Charlie Honaker,
Todd,Hons,Todd Hons,
Elijah,Hood,Elijah Hood,
Estus,Hood,Estus Hood,
Evander,Hood,Evander Hood,
Frank,Hood,Frank Hood,
Roderick,Hood,Roderick Hood,
Winford,Hood,Winford Hood,
Amani,Hooker,Amani Hooker,
Fair,Hooker,Fair Hooker,
Hendon,Hooker,Hendon Hooker,
Malik,Hooker,Malik Hooker,
Alvin,Hooks,Alvin Hooks,
Jim,Hooks,Jim Hooks,
Roland,Hooks,Roland Hooks,
Michael,Hoomanawanui,Michael Hoomanawanui,
Austin,Hooper,Austin Hooper,
Trell,Hooper,Trell Hooper,
Mitch,Hoopes,Mitch Hoopes,
Brad,Hoover,Brad Hoover,
Houston,Hoover,Houston Hoover,
Melvin,Hoover,Melvin Hoover,
Charles,Hope,Charles Hope,
Chris,Hope,Chris Hope,
Neil,Hope,Neil Hope,
Andy,Hopkins,Andy Hopkins,
Brad,Hopkins,Brad Hopkins,
Brycen,Hopkins,Brycen Hopkins,
DeAndre,Hopkins,DeAndre Hopkins,
Dustin,Hopkins,Dustin Hopkins,
Jerry,Hopkins,Jerry Hopkins,
Roy,Hopkins,Roy Hopkins,
Tam,Hopkins,Tam Hopkins,
Ted,Hopkins,Ted Hopkins,
Thomas,Hopkins,Thomas Hopkins,
Trey,Hopkins,Trey Hopkins,
Wes,Hopkins,Wes Hopkins,
Harry,Hopp,Harry Hopp,
Darrel,Hopper,Darrel Hopper,
Ron,Hopper,Ron Hopper,
Doug,Hoppock,Doug Hoppock,
Tyrone,Hopson,Tyrone Hopson,
Al,Hoptowit,Al Hoptowit,
Mike,Horan,Mike Horan,
Roy,Hord,Roy Hord,
Alvin,Horn,Alvin Horn,
Bob,Horn,Bob Horn,
Chris,Horn,Chris Horn,
Dick,Horn,Dick Horn,
Don,Horn,Don Horn,
Jaycee,Horn,Jaycee Horn,
Joe,Horn,Joe Horn,
Marty,Horn,Marty Horn,
Rod,Horn,Rod Horn,
Jay,Hornbeak,Jay Hornbeak,
Dick,Horne,Dick Horne,
Greg,Horne,Greg Horne,
Jeremy,Horne,Jeremy Horne,
Timmy,Horne,Timmy Horne,
Tony,Horne,Tony Horne,
Sam,Horner,Sam Horner,
Bill,Hornick,Bill Hornick,
Steamer,Horning,Steamer Horning,
Ron,Hornsby,Ron Hornsby,
Paul,Hornung+,Paul Hornung+,
Bill,Horrell,Bill Horrell,
Jesper,Horsted,Jesper Horsted,
Roy,Horstmann,Roy Horstmann,
Bob,Horton,Bob Horton,
Chris,Horton,Chris Horton,
Dylan,Horton,Dylan Horton,
Ethan,Horton,Ethan Horton,
Greg,Horton,Greg Horton,
Jason,Horton,Jason Horton,
Larry,Horton,Larry Horton,
Mike,Horton,Mike Horton,
Ray,Horton,Ray Horton,
Wes,Horton,Wes Horton,
Les,Horvath,Les Horvath,
Zander,Horvath,Zander Horvath,
Arnie,Horween,Arnie Horween,
Ralph,Horween,Ralph Horween,
Bob,Hoskins,Bob Hoskins,
Derrick,Hoskins,Derrick Hoskins,
Gator,Hoskins,Gator Hoskins,
Phil,Hoskins,Phil Hoskins,
Jayron,Hosley,Jayron Hosley,
Clarence,Hosmer,Clarence Hosmer,
Clark,Hoss,Clark Hoss,
Jeff,Hostetler,Jeff Hostetler,
Babe,Houck,Babe Houck,
Jim,Hough,Jim Hough,
Jerry,Houghton,Jerry Houghton,
Mike,Houghton,Mike Houghton,
Bill,Houle,Bill Houle,
Davon,House,Davon House,
Kevin,House,Kevin House,
Kevin,House,Kevin House,
John,Houser,John Houser,
Kevin,Houser,Kevin Houser,
T.J.,Houshmandzadeh,T.J. Houshmandzadeh,
Rob,Housler,Rob Housler,
Walt,Housman,Walt Housman,
Bill,Houston,Bill Houston,
Bobby,Houston,Bobby Houston,
Cedric,Houston,Cedric Houston,
Chris,Houston,Chris Houston,
Dennis,Houston,Dennis Houston,
James,Houston,James Houston,
Jameson,Houston,Jameson Houston,
Jim,Houston,Jim Houston,
Justin,Houston,Justin Houston,
Ken,Houston+,Ken Houston+,
Lamarr,Houston,Lamarr Houston,
Lin,Houston,Lin Houston,
Rich,Houston,Rich Houston,
Walt,Houston,Walt Houston,
Carson,,Carson ,
Chris,Hovan,Chris Hovan,
Don,Hover,Don Hover,
Junie,Hovious,Junie Hovious,
Anthony,Howard,Anthony Howard,
Austin,Howard,Austin Howard,
Billy,Howard,Billy Howard,
Bob,Howard,Bob Howard,
Bobbie,Howard,Bobbie Howard,
Bobby,Howard,Bobby Howard,
Brian,Howard,Brian Howard,
Bryan,Howard,Bryan Howard,
Carl,Howard,Carl Howard,
Chris,Howard,Chris Howard,
Cordaro,Howard,Cordaro Howard,
Dana,Howard,Dana Howard,
Darren,Howard,Darren Howard,
David,Howard,David Howard,
Desmond,Howard,Desmond Howard,
Dosey,Howard,Dosey Howard,
Eddie,Howard,Eddie Howard,
Erik,Howard,Erik Howard,
Gene,Howard,Gene Howard,
Harry,Howard,Harry Howard,
Jaye,Howard,Jaye Howard,
Joey,Howard,Joey Howard,
Jordan,Howard,Jordan Howard,
Leroy,Howard,Leroy Howard,
Marcus,Howard,Marcus Howard,
O.J.,Howard,O.J. Howard,
Paul,Howard,Paul Howard,
Percy,Howard,Percy Howard,
Red,Howard,Red Howard,
Reggie,Howard,Reggie Howard,
Ron,Howard,Ron Howard,
Sherman,Howard,Sherman Howard,
Thomas,Howard,Thomas Howard,
Todd,Howard,Todd Howard,
Tom,Howard,Tom Howard,
Tracy,Howard,Tracy Howard,
Travin,Howard,Travin Howard,
Tubby,Howard,Tubby Howard,
Ty,Howard,Ty Howard,
Tytus,Howard,Tytus Howard,
William,Howard,William Howard,
Willie,Howard,Willie Howard,
Xavien,Howard,Xavien Howard,
Jordan,Howden,Jordan Howden,
Garry,Howe,Garry Howe,
Glen,Howe,Glen Howe,
Bill,Howell,Bill Howell,
Buddy,Howell,Buddy Howell,
Clarence,Howell,Clarence Howell,
Delano,Howell,Delano Howell,
Delles,Howell,Delles Howell,
Dixie,Howell,Dixie Howell,
Earl,Howell,Earl Howell,
Foster,Howell,Foster Howell,
Jim,Lee,Jim Lee,
John,Howell,John Howell,
John,Howell,John Howell,
Lane,Howell,Lane Howell,
Mike,Howell,Mike Howell,
Pat,Howell,Pat Howell,
Sam,Howell,Sam Howell,
Steve,Howell,Steve Howell,
Karl,Hower,Karl Hower,
Bobby,Howfield,Bobby Howfield,
Ian,Howfield,Ian Howfield,
Chuck,Howley+,Chuck Howley+,
Keenan,Howry,Keenan Howry,
Julian,Howsare,Julian Howsare,
Bill,Howser,Bill Howser,
Billy,Howton,Billy Howton,
Lynn,Hoyem,Lynn Hoyem,
Steve,Hoyem,Steve Hoyem,
Brian,Hoyer,Brian Hoyer,
Braxton,Hoyett,Braxton Hoyett,
Bobby,Hoying,Bobby Hoying,
Oliver,Hoyte,Oliver Hoyte,
Frank,Hrabetin,Frank Hrabetin,
Gary,Hrivnak,Gary Hrivnak,
Brock,Huard,Brock Huard,
Damon,Huard,Damon Huard,
John,Huard,John Huard,
John,Huarte,John Huarte,
Mike,Hubach,Mike Hubach,
Bud,Hubbard,Bud Hubbard,
Cal,Hubbard+,Cal Hubbard+,
Chris,Hubbard,Chris Hubbard,
Chuba,Hubbard,Chuba Hubbard,
Dave,Hubbard,Dave Hubbard,
Marv,Hubbard,Marv Hubbard,
Paul,Hubbard,Paul Hubbard,
Sam,Hubbard,Sam Hubbard,
Frank,Hubbell,Frank Hubbell,
Brad,Hubbert,Brad Hubbert,
Kevin,Huber,Kevin Huber,
Gene,Hubka,Gene Hubka,
Harlan,Huckleby,Harlan Huckleby,
Jim,Huddleston,Jim Huddleston,
John,Huddleston,John Huddleston,
Floyd,Hudlow,Floyd Hudlow,
Mike,Hudock,Mike Hudock,
Bill,Hudson,Bill Hudson,
Bob,Hudson,Bob Hudson,
Bob,Hudson,Bob Hudson,
Chris,Hudson,Chris Hudson,
Dick,Hudson,Dick Hudson,
Dick,Hudson,Dick Hudson,
Doug,Hudson,Doug Hudson,
Gordon,Hudson,Gordon Hudson,
James,Hudson,James Hudson,
Jim,Hudson,Jim Hudson,
John,Hudson,John Hudson,
Johnnie,Hudson,Johnnie Hudson,
Khaleke,Hudson,Khaleke Hudson,
Marcus,Hudson,Marcus Hudson,
Mike,Hudson,Mike Hudson,
Nat,Hudson,Nat Hudson,
Rodney,Hudson,Rodney Hudson,
Tanner,Hudson,Tanner Hudson,
Tommy,Hudson,Tommy Hudson,
Jack,Hueller,Jack Hueller,
Carlos,Huerta,Carlos Huerta,
Gene,Huey,Gene Huey,
Talanoa,Hufanga,Talanoa Hufanga,
Alan,Huff,Alan Huff,
Bryce,Huff,Bryce Huff,
Charles,Huff,Charles Huff,
Gary,Huff,Gary Huff,
Josh,Huff,Josh Huff,
Ken,Huff,Ken Huff,
Marqueston,Huff,Marqueston Huff,
Marty,Huff,Marty Huff,
Michael,Huff,Michael Huff,
Orlando,Huff,Orlando Huff,
Sam,Huff+,Sam Huff+,
Ken,Huffine,Ken Huffine,
Darvell,Huffman,Darvell Huffman,
Dave,Huffman,Dave Huffman,
Dick,Huffman,Dick Huffman,
Frank,Huffman,Frank Huffman,
Iolas,Huffman,Iolas Huffman,
Tim,Huffman,Tim Huffman,
Vern,Huffman,Vern Huffman,
Del,Hufford,Del Hufford,
John,Hufnagel,John Hufnagel,
Harry,Hugasian,Harry Hugasian,
Albert,Huggins,Albert Huggins,
Johnny,Huggins,Johnny Huggins,
Kareem,Huggins,Kareem Huggins,
Roy,Huggins,Roy Huggins,
Bernie,Hughes,Bernie Hughes,
Billy,Hughes,Billy Hughes,
Bob,Hughes,Bob Hughes,
Brandon,Hughes,Brandon Hughes,
Chuck,Hughes,Chuck Hughes,
Danan,Hughes,Danan Hughes,
Dante,Hughes,Dante Hughes,
David,Hughes,David Hughes,
Dennis,Hughes,Dennis Hughes,
Denny,Hughes,Denny Hughes,
Dick,Hughes,Dick Hughes,
Ed,Hughes,Ed Hughes,
Ernie,Hughes,Ernie Hughes,
George,Hughes,George Hughes,
Honolulu,Hughes,Honolulu Hughes,
Jerry,Hughes,Jerry Hughes,
John,Hughes,John Hughes,
Juju,Hughes,Juju Hughes,
Kevin,Hughes,Kevin Hughes,
Mike,Hughes,Mike Hughes,
Montori,Hughes,Montori Hughes,
Nate,Hughes,Nate Hughes,
Pat,Hughes,Pat Hughes,
Randy,Hughes,Randy Hughes,
Robert,Hughes,Robert Hughes,
Tyrone,Hughes,Tyrone Hughes,
Van,Hughes,Van Hughes,
Tommy,Hughitt,Tommy Hughitt,
Charley,Hughlett,Charley Hughlett,
George,Hughley,George Hughley,
Joe,Hugret,Joe Hugret,
Bill,Hull,Bill Hull,
Evan,Hull,Evan Hull,
Josh,Hull,Josh Hull,
Kent,Hull,Kent Hull,
Mike,Hull,Mike Hull,
Mike,Hull,Mike Hull,
Tom,Hull,Tom Hull,
Corey,Hulsey,Corey Hulsey,
Vivian,Hultman,Vivian Hultman,
Don,Hultz,Don Hultz,
George,Hultz,George Hultz,
Ramon,Humber,Ramon Humber,
Dick,Humbert,Dick Humbert,
Weldon,Humble,Weldon Humble,
Mike,Humiston,Mike Humiston,
David,Humm,David Humm,
Jake,Hummel,Jake Hummel,
Swede,Hummel,Swede Hummel,
Mack,Hummon,Mack Hummon,
Bobby,Humphery,Bobby Humphery,
Bobby,Humphrey,Bobby Humphrey,
Buddy,Humphrey,Buddy Humphrey,
Claude,Humphrey+,Claude Humphrey+,
Creed,Humphrey,Creed Humphrey,
Deon,Humphrey,Deon Humphrey,
Donnie,Humphrey,Donnie Humphrey,
Jordan,Humphrey,Jordan Humphrey,
Marlon,Humphrey,Marlon Humphrey,
Paul,Humphrey,Paul Humphrey,
Ronald,Humphrey,Ronald Humphrey,
Tommy,Humphrey,Tommy Humphrey,
Tommy,Humphrey,Tommy Humphrey,
Tory,Humphrey,Tory Humphrey,
Bob,Humphreys,Bob Humphreys,
Adam,Humphries,Adam Humphries,
D.J.,Humphries,D.J. Humphries,
Leonard,Humphries,Leonard Humphries,
Stan,Humphries,Stan Humphries,
Stefan,Humphries,Stefan Humphries,
Brett,Hundley,Brett Hundley,
James,Hundon,James Hundon,
Charlie,Huneke,Charlie Huneke,
Lamonte,Hunley,Lamonte Hunley,
Ricky,Hunley,Ricky Hunley,
Jim,Hunnicutt,Jim Hunnicutt,
Chuck,Hunsinger,Chuck Hunsinger,
Akeem,Hunt,Akeem Hunt,
Ben,Hunt,Ben Hunt,
Bob,Hunt,Bob Hunt,
Bobby,Hunt,Bobby Hunt,
Byron,Hunt,Byron Hunt,
Calvin,Hunt,Calvin Hunt,
Charlie,Hunt,Charlie Hunt,
Cletidus,Hunt,Cletidus Hunt,
Daryl,Hunt,Daryl Hunt,
Ervin,Hunt,Ervin Hunt,
Gary,Hunt,Gary Hunt,
George,Hunt,George Hunt,
Jack,Hunt,Jack Hunt,
Jackie,Hunt,Jackie Hunt,
Jalyx,Hunt,Jalyx Hunt,
Jim,Lee,Jim Lee,
Joey,Hunt,Joey Hunt,
John,Hunt,John Hunt,
Kareem,Hunt,Kareem Hunt,
Kevin,Hunt,Kevin Hunt,
Margus,Hunt,Margus Hunt,
Mike,Hunt,Mike Hunt,
Phillip,Hunt,Phillip Hunt,
Robert,Hunt,Robert Hunt,
Ron,Hunt,Ron Hunt,
Sam,Hunt,Sam Hunt,
Tony,Hunt,Tony Hunt,
Al,Hunter,Al Hunter,
Art,Hunter,Art Hunter,
Billy,Hunter,Billy Hunter,
Brice,Hunter,Brice Hunter,
Dameon,Hunter,Dameon Hunter,
Daniel,Hunter,Daniel Hunter,
Danielle,Hunter,Danielle Hunter,
Darrell,Hunter,Darrell Hunter,
Earnest,Hunter,Earnest Hunter,
Eddie,Hunter,Eddie Hunter,
Herman,Hunter,Herman Hunter,
Ivy,Joe,Ivy Joe,
James,Hunter,James Hunter,
James,Hunter,James Hunter,
Jason,Hunter,Jason Hunter,
Javin,Hunter,Javin Hunter,
Jeff,Hunter,Jeff Hunter,
John,Hunter,John Hunter,
Justin,Hunter,Justin Hunter,
Kendall,Hunter,Kendall Hunter,
Merle,Hunter,Merle Hunter,
Michael,Hunter,Michael Hunter,
Monty,Hunter,Monty Hunter,
Patrick,Hunter,Patrick Hunter,
Pete,Hunter,Pete Hunter,
Ramey,Hunter,Ramey Hunter,
Ryan,Hunter,Ryan Hunter,
Scott,Hunter,Scott Hunter,
Stan,Hunter,Stan Hunter,
Tony,Hunter,Tony Hunter,
Tony,Hunter,Tony Hunter,
Torey,Hunter,Torey Hunter,
Wayne,Hunter,Wayne Hunter,
Will,Hunter,Will Hunter,
Greg,Huntington,Greg Huntington,
Caleb,Huntley,Caleb Huntley,
Jason,Huntley,Jason Huntley,
Kevin,Huntley,Kevin Huntley,
Richard,Huntley,Richard Huntley,
Tyler,Huntley,Tyler Huntley,
Tom,Hupke,Tom Hupke,
Jeff,Hurd,Jeff Hurd,
Sam,Hurd,Sam Hurd,
John,Hurlburt,John Hurlburt,
Bill,Hurley,Bill Hurley,
George,Hurley,George Hurley,
John,Hurley,John Hurley,
Allen,Hurns,Allen Hurns,
Bill,Hurst,Bill Hurst,
Demontre,Hurst,Demontre Hurst,
Hayden,Hurst,Hayden Hurst,
James,Hurst,James Hurst,
Maurice,Hurst,Maurice Hurst,
Maurice,Hurst,Maurice Hurst,
Chuck,Hurston,Chuck Hurston,
Eric,Hurt,Eric Hurt,
Maurice,Hurt,Maurice Hurt,
Jalen,Hurts,Jalen Hurts,
Todd,Husak,Todd Husak,
Ed,Husmann,Ed Husmann,
Al,Hust,Al Hust,
Michael,Husted,Michael Husted,
Ken,Hutcherson,Ken Hutcherson,
Paul,Hutchins,Paul Hutchins,
Von,Hutchins,Von Hutchins,
Aidan,Hutchinson,Aidan Hutchinson,
Bill,Hutchinson,Bill Hutchinson,
Chad,Hutchinson,Chad Hutchinson,
Ralph,Hutchinson,Ralph Hutchinson,
Scott,Hutchinson,Scott Hutchinson,
Steve,Hutchinson+,Steve Hutchinson+,
Tom,Hutchinson,Tom Hutchinson,
Xavier,Hutchinson,Xavier Hutchinson,
Anthony,Hutchison,Anthony Hutchison,
Chuck,Hutchison,Chuck Hutchison,
Elvin,Hutchison,Elvin Hutchison,
Jerry,Huth,Jerry Huth,
Bruce,Huther,Bruce Huther,
Brian,Hutson,Brian Hutson,
Don,Hutson+,Don Hutson+,
Merle,Hutson,Merle Hutson,
Tony,Hutson,Tony Hutson,
Jack,Hutton,Jack Hutton,
Tom,Hutton,Tom Hutton,
Trevor,Hutton,Trevor Hutton,
Ken,Huxhold,Ken Huxhold,
John,Huzvar,John Huzvar,
Fred,Hyatt,Fred Hyatt,
Jalin,Hyatt,Jalin Hyatt,
Steve,Hyche,Steve Hyche,
Carlos,Hyde,Carlos Hyde,
Glenn,Hyde,Glenn Hyde,
Micah,Hyde,Micah Hyde,
Gaylon,Hyder,Gaylon Hyder,
Kerry,Hyder,Kerry Hyder,
Bob,Hyland,Bob Hyland,
Ishmael,Hyman,Ishmael Hyman,
Randy,Hymes,Randy Hymes,
Paul,Hynes,Paul Hynes,
Henry,Hynoski,Henry Hynoski,
Henry,Hynoski,Henry Hynoski,
Cosmo,Iacavazzi,Cosmo Iacavazzi,
Mike,Iaquaniello,Mike Iaquaniello,
Mohamed,Ibrahim,Mohamed Ibrahim,
Israel,Idonije,Israel Idonije,
Mekeli,Ieremia,Mekeli Ieremia,
Israel,Ifeanyi,Israel Ifeanyi,
Germain,Ifedi,Germain Ifedi,
Noah,Igbinoghene,Noah Igbinoghene,
Floyd,Iglehart,Floyd Iglehart,
Juaquin,Iglesias,Juaquin Iglesias,
Donald,Igwebuike,Donald Igwebuike,
Godwin,Igwebuike,Godwin Igwebuike,
Emil,Igwenagu,Emil Igwenagu,
James,Ihedigbo,James Ihedigbo,
Carl,Ihenacho,Carl Ihenacho,
Duke,Ihenacho,Duke Ihenacho,
Ben,Ijalana,Ben Ijalana,
Siaki,Ika,Siaki Ika,
Gabe,Ikard,Gabe Ikard,
Jack,Ikegwuonu,Jack Ikegwuonu,
Hank,Ilesic,Hank Ilesic,
Ray,Ilg,Ray Ilg,
Mark,Ilgenfritz,Mark Ilgenfritz,
Tunch,Ilkin,Tunch Ilkin,
Ted,Illman,Ted Illman,
George,Iloka,George Iloka,
Roy,Ilowit,Roy Ilowit,
Ken,Iman,Ken Iman,
Martin,Imhof,Martin Imhof,
Tut,Imlay,Tut Imlay,
Richie,Incognito,Richie Incognito,
Thomas,Incoom,Thomas Incoom,
Bob,Ingalls,Bob Ingalls,
Mark,Ingle,Mark Ingle,
Tim,Inglis,Tim Inglis,
Alec,Ingold,Alec Ingold,
Brian,Ingram,Brian Ingram,
Byron,Ingram,Byron Ingram,
Clint,Ingram,Clint Ingram,
Darryl,Ingram,Darryl Ingram,
Ed,Ingram,Ed Ingram,
Marcus,Ingram,Marcus Ingram,
Jake,Ingram,Jake Ingram,
Johnathan,Ingram,Johnathan Ingram,
Keaontay,Ingram,Keaontay Ingram,
Kevin,Ingram,Kevin Ingram,
Mark,Ingram,Mark Ingram,
Mark,Ingram,Mark Ingram,
Melvin,Ingram,Melvin Ingram,
Steve,Ingram,Steve Ingram,
Burt,Ingwersen,Burt Ingwersen,
Dontrelle,Inman,Dontrelle Inman,
Jerry,Inman,Jerry Inman,
Earl,Inmon,Earl Inmon,
Dou,Innocent,Dou Innocent,
Trevor,Insley,Trevor Insley,
Marne,Intrieri,Marne Intrieri,
Junior,Ioane,Junior Ioane,
Matthew,Ioannidis,Matthew Ioannidis,
Joey,Iosefa,Joey Iosefa,
Andrei,Iosivas,Andrei Iosivas,
Tony,Ippolito,Tony Ippolito,
Darwin,Ireland,Darwin Ireland,
Bill,Irgens,Bill Irgens,
David,Irons,David Irons,
Gerald,Irons,Gerald Irons,
Grant,Irons,Grant Irons,
Paul,Irons,Paul Irons,
Barlow,Irvin,Barlow Irvin,
Bruce,Irvin,Bruce Irvin,
Corvey,Irvin,Corvey Irvin,
Darrell,Irvin,Darrell Irvin,
Ken,Irvin,Ken Irvin,
LeRoy,Irvin,LeRoy Irvin,
Mark,Irvin,Mark Irvin,
Michael,Irvin+,Michael Irvin+,
Sedrick,Irvin,Sedrick Irvin,
Tex,Irvin,Tex Irvin,
Willie,Irvin,Willie Irvin,
Bucky,Irving,Bucky Irving,
David,Irving,David Irving,
Isaiah,Irving,Isaiah Irving,
Nate,Irving,Nate Irving,
Terry,Irving,Terry Irving,
Don,Irwin,Don Irwin,
Dutch,Irwin,Dutch Irwin,
Heath,Irwin,Heath Irwin,
Jim,Irwin,Jim Irwin,
Tim,Irwin,Tim Irwin,
Trenton,Irwin,Trenton Irwin,
Adisa,Isaac,Adisa Isaac,
Keenan,Isaac,Keenan Isaac,
Ted,Isaacson,Ted Isaacson,
Wilmer,Isabel,Wilmer Isabel,
Andy,Isabella,Andy Isabella,
Sale,Isaia,Sale Isaia,
Cecil,Isbell,Cecil Isbell,
Joe,Bob,Joe Bob,
John,Isenbarger,John Isenbarger,
Kemal,Ishmael,Kemal Ishmael,
Danny,Isidora,Danny Isidora,
Keith,Ismael,Keith Ismael,
Qadry,Ismail,Qadry Ismail,
Rocket,Ismail,Rocket Ismail,
Jasen,Isom,Jasen Isom,
Ray,Isom,Ray Isom,
Rickey,Isom,Rickey Isom,
Ron,Israel,Ron Israel,
Steve,Israel,Steve Israel,
Jabari,Issa,Jabari Issa,
Rod,Issac,Rod Issac,
Ralph,Isselhardt,Ralph Isselhardt,
Pete,Ittersagen,Pete Ittersagen,
Jack,Itzel,Jack Itzel,
Mike,Iupati,Mike Iupati,
Duke,Iverson,Duke Iverson,
Eddie,Lee,Eddie Lee,
DJ,Ivey,DJ Ivey,
Travis,Ivey,Travis Ivey,
Joey,Ivie,Joey Ivie,
John,Ivlow,John Ivlow,
Bob,Ivory,Bob Ivory,
Chris,Ivory,Chris Ivory,
Horace,Ivory,Horace Ivory,
Corey,Ivy,Corey Ivy,
Mortty,Ivy,Mortty Ivy,
Pop,Ivy,Pop Ivy,
Mark,Iwanowski,Mark Iwanowski,
Kenny,Iwebema,Kenny Iwebema,
Prince,Charles,Prince Charles,
Brian,Iwuh,Brian Iwuh,
Chidi,Iwuoma,Chidi Iwuoma,
Joel,Iyiegbuniwe,Joel Iyiegbuniwe,
Christian,Izien,Christian Izien,
George,Izo,George Izo,
Larry,Izzo,Larry Izzo,
Ryan,Izzo,Ryan Izzo,
Eric,Jack,Eric Jack,
Myles,Jack,Myles Jack,
Chris,Jacke,Chris Jacke,
Jackson,,Jackson ,
Al,Jackson,Al Jackson,
Alaric,Jackson,Alaric Jackson,
Alcender,Jackson,Alcender Jackson,
Alfred,Jackson,Alfred Jackson,
Alfred,Jackson,Alfred Jackson,
Alonzo,Jackson,Alonzo Jackson,
Andrew,Jackson,Andrew Jackson,
Andrew,Jackson,Andrew Jackson,
Arnold,Jackson,Arnold Jackson,
Asa,Jackson,Asa Jackson,
Austin,Jackson,Austin Jackson,
Bennett,Jackson,Bennett Jackson,
Bernard,Jackson,Bernard Jackson,
Bernard,Jackson,Bernard Jackson,
Bill,Jackson,Bill Jackson,
Billy,Jackson,Billy Jackson,
Bo,Jackson,Bo Jackson,
Bob,Jackson,Bob Jackson,
Bobby,Jackson,Bobby Jackson,
Bobby,Jackson,Bobby Jackson,
Bobby,Jackson,Bobby Jackson,
Brad,Jackson,Brad Jackson,
Branden,Jackson,Branden Jackson,
Brandon,Jackson,Brandon Jackson,
Brennan,Jackson,Brennan Jackson,
Brian,Jackson,Brian Jackson,
Calvin,Jackson,Calvin Jackson,
Cedric,Jackson,Cedric Jackson,
Chad,Jackson,Chad Jackson,
Charles,Jackson,Charles Jackson,
Charles,Jackson,Charles Jackson,
Charlie,Jackson,Charlie Jackson,
Chevis,Jackson,Chevis Jackson,
Chris,Jackson,Chris Jackson,
Chris,Jackson,Chris Jackson,
Cleveland,Jackson,Cleveland Jackson,
Corey,Jackson,Corey Jackson,
Curtis,Jackson,Curtis Jackson,
Marco,Jackson,Marco Jackson,
Qwell,Jackson,Qwell Jackson,
Dane,Jackson,Dane Jackson,
Darius,Jackson,Darius Jackson,
Darrell,Jackson,Darrell Jackson,
David,Jackson,David Jackson,
Deon,Jackson,Deon Jackson,
DeSean,Jackson,DeSean Jackson,
Dexter,Jackson,Dexter Jackson,
Dexter,Jackson,Dexter Jackson,
Don,Jackson,Don Jackson,
Don,Jackson,Don Jackson,
Donte,Jackson,Donte Jackson,
Drake,Jackson,Drake Jackson,
Earnest,Jackson,Earnest Jackson,
Eddie,Jackson,Eddie Jackson,
Eddie,Jackson,Eddie Jackson,
Edwin,Jackson,Edwin Jackson,
Enis,Jackson,Enis Jackson,
Ernie,Jackson,Ernie Jackson,
Frank,Jackson,Frank Jackson,
Fred,Jackson,Fred Jackson,
Frisman,Jackson,Frisman Jackson,
Gabe,Jackson,Gabe Jackson,
Gerald,Jackson,Gerald Jackson,
Grady,Jackson,Grady Jackson,
Greg,Jackson,Greg Jackson,
Harold,Jackson,Harold Jackson,
Honor,Jackson,Honor Jackson,
J.C.,Jackson,J.C. Jackson,
Jack,Jackson,Jack Jackson,
Jamaal,Jackson,Jamaal Jackson,
James,Jackson,James Jackson,
Jarious,Jackson,Jarious Jackson,
Jazz,Jackson,Jazz Jackson,
Jeff,Jackson,Jeff Jackson,
Jermaine,Jackson,Jermaine Jackson,
Jerrell,Jackson,Jerrell Jackson,
Quan,Jackson,Quan Jackson,
Jim,Jackson,Jim Jackson,
Joe,Jackson,Joe Jackson,
Joe,Jackson,Joe Jackson,
Joey,Jackson,Joey Jackson,
John,Jackson,John Jackson,
John,Jackson,John Jackson,
Johnnie,Jackson,Johnnie Jackson,
Johnny,Jackson,Johnny Jackson,
Jonah,Jackson,Jonah Jackson,
Jonathan,Jackson,Jonathan Jackson,
Jordan,Jackson,Jordan Jackson,
Josh,Jackson,Josh Jackson,
Justin,Jackson,Justin Jackson,
Kareem,Jackson,Kareem Jackson,
Kearis,Jackson,Kearis Jackson,
Keith,Jackson,Keith Jackson,
Ken,Jackson,Ken Jackson,
Kenny,Jackson,Kenny Jackson,
Kirby,Jackson,Kirby Jackson,
LaDairis,Jackson,LaDairis Jackson,
Lamar,Jackson,Lamar Jackson,
Lamar,Jackson,Lamar Jackson,
Larron,Jackson,Larron Jackson,
Larry,Jackson,Larry Jackson,
Lawrence,Jackson,Lawrence Jackson,
Lawrence,Jackson,Lawrence Jackson,
Lenzie,Jackson,Lenzie Jackson,
Leonard,Jackson,Leonard Jackson,
Leroy,Jackson,Leroy Jackson,
Louis,Jackson,Louis Jackson,
Lucky,Jackson,Lucky Jackson,
Malik,Jackson,Malik Jackson,
Marcus,Jackson,Marcus Jackson,
Mark,Jackson,Mark Jackson,
Mark,Jackson,Mark Jackson,
Marlin,Jackson,Marlin Jackson,
Marlion,Jackson,Marlion Jackson,
Matthew,Jackson,Matthew Jackson,
McKinnley,Jackson,McKinnley Jackson,
Melvin,Jackson,Melvin Jackson,
Michael,Jackson,Michael Jackson,
Michael,Jackson,Michael Jackson,
Michael,Jackson,Michael Jackson,
Monte,Jackson,Monte Jackson,
Nate,Jackson,Nate Jackson,
Noah,Jackson,Noah Jackson,
Perry,Jackson,Perry Jackson,
Pete,Jackson,Pete Jackson,
Randy,Jackson,Randy Jackson,
Randy,Jackson,Randy Jackson,
Rashawn,Jackson,Rashawn Jackson,
Ray,Jackson,Ray Jackson,
Raymond,Jackson,Raymond Jackson,
Red,Jackson,Red Jackson,
Rich,Jackson,Rich Jackson,
Rickey,Jackson+,Rickey Jackson+,
Rob,Jackson,Rob Jackson,
Robert,Jackson,Robert Jackson,
Robert,Jackson,Robert Jackson,
Robert,Jackson,Robert Jackson,
Robert,Jackson,Robert Jackson,
Roger,Jackson,Roger Jackson,
Roland,Jackson,Roland Jackson,
Rusty,Jackson,Rusty Jackson,
Shedrick,Jackson,Shedrick Jackson,
Sheldon,Jackson,Sheldon Jackson,
Steve,Jackson,Steve Jackson,
Steve,Jackson,Steve Jackson,
Steve,Jackson,Steve Jackson,
Steven,Jackson,Steven Jackson,
Storey,Jackson,Storey Jackson,
T.J.,Jackson,T.J. Jackson,
T.J.,Jackson,T.J. Jackson,
Tanard,Jackson,Tanard Jackson,
Tarron,Jackson,Tarron Jackson,
Tarvaris,Jackson,Tarvaris Jackson,
Terry,Jackson,Terry Jackson,
Terry,Jackson,Terry Jackson,
Theo,Jackson,Theo Jackson,
Tim,Jackson,Tim Jackson,
Tom,Jackson,Tom Jackson,
Jackson,,Jackson ,
Trishton,Jackson,Trishton Jackson,
Tyoka,Jackson,Tyoka Jackson,
Tyree,Jackson,Tyree Jackson,
Tyson,Jackson,Tyson Jackson,
Vestee,Jackson,Vestee Jackson,
Victor,Jackson,Victor Jackson,
Vincent,Jackson,Vincent Jackson,
Waverly,Jackson,Waverly Jackson,
Wilbur,Jackson,Wilbur Jackson,
William,Jackson,William Jackson,
Willie,Jackson,Willie Jackson,
Frank,Jackunas,Frank Jackunas,
Allen,Jacobs,Allen Jacobs,
Ben,Jacobs,Ben Jacobs,
Brandon,Jacobs,Brandon Jacobs,
Cam,Jacobs,Cam Jacobs,
Curtis,Jacobs,Curtis Jacobs,
Dave,Jacobs,Dave Jacobs,
Demontrey,Jacobs,Demontrey Jacobs,
Harry,Jacobs,Harry Jacobs,
Jack,Jacobs,Jack Jacobs,
Jerry,Jacobs,Jerry Jacobs,
Josh,Jacobs,Josh Jacobs,
Leon,Jacobs,Leon Jacobs,
Marv,Jacobs,Marv Jacobs,
Nic,Jacobs,Nic Jacobs,
Proverb,Jacobs,Proverb Jacobs,
Ray,Jacobs,Ray Jacobs,
Ray,Jacobs,Ray Jacobs,
Stan,Jacobs,Stan Jacobs,
Taylor,Jacobs,Taylor Jacobs,
Tim,Jacobs,Tim Jacobs,
Tramain,Jacobs,Tramain Jacobs,
Jack,Jacobson,Jack Jacobson,
Larry,Jacobson,Larry Jacobson,
Steve,Jacobson,Steve Jacobson,
Joe,Jacoby,Joe Jacoby,
Mitch,Jacoby,Mitch Jacoby,
Kendyl,Jacox,Kendyl Jacox,
Michael,Jacquet,Michael Jacquet,
Nate,Jacquet,Nate Jacquet,
Jim,Jacquith,Jim Jacquith,
Harry,Jacunski,Harry Jacunski,
Jeff,Jaeger,Jeff Jaeger,
Johnny,Jaffurs,Johnny Jaffurs,
Chick,Jagade,Chick Jagade,
Harry,Jagielski,Harry Jagielski,
Brenden,Jaimes,Brenden Jaimes,
Van,Jakes,Van Jakes,
George,Jakowenko,George Jakowenko,
Lefty,Jamerson,Lefty Jamerson,
Natrell,Jamerson,Natrell Jamerson,
Andre,James,Andre James,
Angelo,James,Angelo James,
Arrike,James,Arrike James,
Bradie,James,Bradie James,
Brandon,James,Brandon James,
Cedric,James,Cedric James,
Charles,James,Charles James,
Claudis,James,Claudis James,
Cory,James,Cory James,
Craig,James,Craig James,
Craig,James,Craig James,
Dan,James,Dan James,
Derwin,James,Derwin James,
Dick,James,Dick James,
Edgerrin,James+,Edgerrin James+,
Erasmus,James,Erasmus James,
Garry,James,Garry James,
Wuan,James,Wuan James,
Javarris,James,Javarris James,
Jeno,James,Jeno James,
Jesse,James,Jesse James,
Jesse,James,Jesse James,
John,James,John James,
June,James,June James,
LaMichael,James,LaMichael James,
Lionel,James,Lionel James,
Lynn,James,Lynn James,
Mike,James,Mike James,
Nate,James,Nate James,
Phillip,James,Phillip James,
Po,James,Po James,
Richie,James,Richie James,
Robert,James,Robert James,
Robert,James,Robert James,
Roland,James,Roland James,
Ted,James,Ted James,
Tommy,James,Tommy James,
Toran,James,Toran James,
Tory,James,Tory James,
Larry,Jameson,Larry Jameson,
Michael,Jameson,Michael Jameson,
Dick,Jamieson,Dick Jamieson,
Rob,Jamieson,Rob Jamieson,
Al,Jamison,Al Jamison,
Brandon,Jamison,Brandon Jamison,
Shawn,Jamison,Shawn Jamison,
George,Jamison,George Jamison,
Tim,Jamison,Tim Jamison,
Quentin,Jammer,Quentin Jammer,
John,Janata,John Janata,
Bobby,Jancik,Bobby Jancik,
Clarence,Janecek,Clarence Janecek,
Chuck,Janerette,Chuck Janerette,
Ernie,Janet,Ernie Janet,
Len,Janiak,Len Janiak,
Tom,Janik,Tom Janik,
Sebastian,Janikowski,Sebastian Janikowski,
Jeff,Janis,Jeff Janis,
Keever,Jankovich,Keever Jankovich,
Bruce,Jankowski,Bruce Jankowski,
Ed,Jankowski,Ed Jankowski,
Andy,Janovich,Andy Janovich,
Vic,Janowicz,Vic Janowicz,
Val,Jansante,Val Jansante,
J.J.,Jansen,J.J. Jansen,
Jon,Jansen,Jon Jansen,
Whitey,Jansing,Whitey Jansing,
Mike,January,Mike January,
Paul,Janus,Paul Janus,
Paul,Jappe,Paul Jappe,
Jon,Jaqua,Jon Jaqua,
Pete,Jaquess,Pete Jaquess,
Mike,Jarmoluk,Mike Jarmoluk,
Jeremy,Jarmon,Jeremy Jarmon,
Ilia,Jarostchuk,Ilia Jarostchuk,
Craig,Jarrett,Craig Jarrett,
Dwayne,Jarrett,Dwayne Jarrett,
Grady,Jarrett,Grady Jarrett,
Jaiquawn,Jarrett,Jaiquawn Jarrett,
Kyshoen,Jarrett,Kyshoen Jarrett,
Rakim,Jarrett,Rakim Jarrett,
Tyrique,Jarrett,Tyrique Jarrett,
Toimi,Jarvi,Toimi Jarvi,
Bruce,Jarvis,Bruce Jarvis,
Curt,Jarvis,Curt Jarvis,
Ralph,Jarvis,Ralph Jarvis,
Ray,Jarvis,Ray Jarvis,
Richard,Jarvis,Richard Jarvis,
Blake,Jarwin,Blake Jarwin,
Ed,Jasper,Ed Jasper,
Vince,Jasper,Vince Jasper,
Floyd,Jaszewski,Floyd Jaszewski,
Dick,Jauron,Dick Jauron,
Heinie,Jawish,Heinie Jawish,
Matt,Jaworski,Matt Jaworski,
Ron,Jaworski,Ron Jaworski,
Garth,Jax,Garth Jax,
Craig,Jay,Craig Jay,
David,Jaynes,David Jaynes,
Lestar,Jean,Lestar Jean,
Baptiste,,Baptiste ,
Baptiste,,Baptiste ,
Batiste,,Batiste ,
Charles,,Charles ,
Francois,,Francois ,
Gilles,,Gilles ,
Lemuel,Jeanpierre,Lemuel Jeanpierre,
Rashad,Jeanty,Rashad Jeanty,
Ralph,Jecha,Ralph Jecha,
Jackson,Jeffcoat,Jackson Jeffcoat,
Jim,Jeffcoat,Jim Jeffcoat,
Ed,Jeffers,Ed Jeffers,
Patrick,Jeffers,Patrick Jeffers,
A.J.,Jefferson,A.J. Jefferson,
Ben,Jefferson,Ben Jefferson,
Billy,Jefferson,Billy Jefferson,
Charles,Jefferson,Charles Jefferson,
D.C.,Jefferson,D.C. Jefferson,
Greg,Jefferson,Greg Jefferson,
James,Jefferson,James Jefferson,
Jason,Jefferson,Jason Jefferson,
Jermar,Jefferson,Jermar Jefferson,
Joe,Jefferson,Joe Jefferson,
John,Jefferson,John Jefferson,
Jordan,Jefferson,Jordan Jefferson,
Justin,Jefferson,Justin Jefferson,
Kevin,Jefferson,Kevin Jefferson,
Malik,Jefferson,Malik Jefferson,
Norman,Jefferson,Norman Jefferson,
Quinton,Jefferson,Quinton Jefferson,
Roy,Jefferson,Roy Jefferson,
Shawn,Jefferson,Shawn Jefferson,
Thad,Jefferson,Thad Jefferson,
Tony,Jefferson,Tony Jefferson,
Van,Jefferson,Van Jefferson,
Willie,Jefferson,Willie Jefferson,
Alshon,Jeffery,Alshon Jeffery,
Tony,Jeffery,Tony Jeffery,
Haywood,Jeffires,Haywood Jeffires,
Neal,Jeffrey,Neal Jeffrey,
Bob,Jeffries,Bob Jeffries,
Curtis,Jeffries,Curtis Jeffries,
Dameian,Jeffries,Dameian Jeffries,
Eric,Jeffries,Eric Jeffries,
Greg,Jeffries,Greg Jeffries,
Jon,Jelacic,Jon Jelacic,
Tom,Jelesky,Tom Jelesky,
Tom,Jelley,Tom Jelley,
Dietrich,Jells,Dietrich Jells,
Jimmy,Jemail,Jimmy Jemail,
Bob,Jencks,Bob Jencks,
Ray,Jenison,Ray Jenison,
Noel,Jenke,Noel Jenke,
A.J.,Jenkins,A.J. Jenkins,
A.J.,Jenkins,A.J. Jenkins,
Al,Jenkins,Al Jenkins,
Alfred,Jenkins,Alfred Jenkins,
Billy,Jenkins,Billy Jenkins,
Brandon,Jenkins,Brandon Jenkins,
Carlos,Jenkins,Carlos Jenkins,
Corey,Jenkins,Corey Jenkins,
Cullen,Jenkins,Cullen Jenkins,
Darnell,Jenkins,Darnell Jenkins,
DeRon,Jenkins,DeRon Jenkins,
E.J.,Jenkins,E.J. Jenkins,
Ed,Jenkins,Ed Jenkins,
Elgton,Jenkins,Elgton Jenkins,
Fletcher,Jenkins,Fletcher Jenkins,
Greg,Jenkins,Greg Jenkins,
Izel,Jenkins,Izel Jenkins,
J.R.,Jenkins,J.R. Jenkins,
Jack,Jenkins,Jack Jenkins,
Jackrabbit,Jenkins,Jackrabbit Jenkins,
James,Jenkins,James Jenkins,
Jarvis,Jenkins,Jarvis Jenkins,
Jelani,Jenkins,Jelani Jenkins,
John,Jenkins,John Jenkins,
John,Jenkins,John Jenkins,
Jon,Jenkins,Jon Jenkins,
Jordan,Jenkins,Jordan Jenkins,
Julian,Jenkins,Julian Jenkins,
Justin,Jenkins,Justin Jenkins,
Ken,Jenkins,Ken Jenkins,
Kerry,Jenkins,Kerry Jenkins,
Keyvan,Jenkins,Keyvan Jenkins,
Kris,Jenkins,Kris Jenkins,
Kris,Jenkins,Kris Jenkins,
Leon,Jenkins,Leon Jenkins,
Malcolm,Jenkins,Malcolm Jenkins,
MarTay,Jenkins,MarTay Jenkins,
Mel,Jenkins,Mel Jenkins,
Michael,Jenkins,Michael Jenkins,
Mike,Jenkins,Mike Jenkins,
Mike,Jenkins,Mike Jenkins,
Rayshawn,Jenkins,Rayshawn Jenkins,
Robert,Jenkins,Robert Jenkins,
Ronney,Jenkins,Ronney Jenkins,
Teven,Jenkins,Teven Jenkins,
Trezelle,Jenkins,Trezelle Jenkins,
Walt,Jenkins,Walt Jenkins,
Adam,Jennings,Adam Jennings,
Anfernee,Jennings,Anfernee Jennings,
Brandon,Jennings,Brandon Jennings,
Brian,Jennings,Brian Jennings,
Chris,Jennings,Chris Jennings,
Darius,Jennings,Darius Jennings,
Dave,Jennings,Dave Jennings,
Gary,Jennings,Gary Jennings,
Greg,Jennings,Greg Jennings,
Jack,Jennings,Jack Jennings,
Jauan,Jennings,Jauan Jennings,
Jim,Jennings,Jim Jennings,
Jonas,Jennings,Jonas Jennings,
Keith,Jennings,Keith Jennings,
Kelly,Jennings,Kelly Jennings,
Ligarius,Jennings,Ligarius Jennings,
Lou,Jennings,Lou Jennings,
M.D.,Jennings,M.D. Jennings,
Michael,Jennings,Michael Jennings,
Rashad,Jennings,Rashad Jennings,
Rick,Jennings,Rick Jennings,
Stanford,Jennings,Stanford Jennings,
Terrell,Jennings,Terrell Jennings,
Tim,Jennings,Tim Jennings,
Bob,Jensen,Bob Jensen,
Derrick,Jensen,Derrick Jensen,
Greg,Jensen,Greg Jensen,
Jerry,Jensen,Jerry Jensen,
Jim,Jensen,Jim Jensen,
Jim,Jensen,Jim Jensen,
Marcel,Jensen,Marcel Jensen,
Nash,Jensen,Nash Jensen,
Ryan,Jensen,Ryan Jensen,
Leo,Jensvold,Leo Jensvold,
Luther,Jeralds,Luther Jeralds,
Greg,Jerman,Greg Jerman,
Jerrel,Jernigan,Jerrel Jernigan,
Timmy,Jernigan,Timmy Jernigan,
Eddie,,Eddie ,
Lorenzo,Jerome,Lorenzo Jerome,
Michael,Jerrell,Michael Jerrell,
John,Jerry,John Jerry,
Peria,Jerry,Peria Jerry,
Mark,Jerue,Mark Jerue,
Travis,Jervey,Travis Jervey,
Ernie,Jessen,Ernie Jessen,
Ron,Jessie,Ron Jessie,
Tim,Jessie,Tim Jessie,
Bill,Jessup,Bill Jessup,
Bob,Jeter,Bob Jeter,
Donovan,Jeter,Donovan Jeter,
Gary,Jeter,Gary Jeter,
Gene,Jeter,Gene Jeter,
Perry,Jeter,Perry Jeter,
Tommy,Jeter,Tommy Jeter,
Tony,Jeter,Tony Jeter,
Cliff,Jetmore,Cliff Jetmore,
James,Jett,James Jett,
John,Jett,John Jett,
John,Jett,John Jett,
Paul,Jetton,Paul Jetton,
Jerry,Jeudy,Jerry Jeudy,
Lally,,Lally ,
Josey,Jewell,Josey Jewell,
Bob,Jewett,Bob Jewett,
Dan,Jiggetts,Dan Jiggetts,
Dan,Jilek,Dan Jilek,
Dwayne,Jiles,Dwayne Jiles,
A.J.,Jimerson,A.J. Jimerson,
Ade,Jimoh,Ade Jimoh,
Steve,Joachim,Steve Joachim,
Josh,Jobe,Josh Jobe,
Bill,Jobko,Bill Jobko,
Art,Jocher,Art Jocher,
Jim,Jodat,Jim Jodat,
Billy,Joe,Billy Joe,
Larry,Joe,Larry Joe,
Leon,Joe,Leon Joe,
Luke,Joeckel,Luke Joeckel,
Greg,Joelson,Greg Joelson,
Herb,Joesting,Herb Joesting,
Ove,Johansson,Ove Johansson,
Ulrick,John,Ulrick John,
Ed,Johns,Ed Johns,
Freeman,Johns,Freeman Johns,
Paul,Johns,Paul Johns,
Pete,Johns,Pete Johns,
A.J.,Johnson,A.J. Johnson,
Al,Johnson,Al Johnson,
Al,Johnson,Al Johnson,
Al,Johnson,Al Johnson,
Albert,Johnson,Albert Johnson,
Alex,Johnson,Alex Johnson,
Alexander,Johnson,Alexander Johnson,
Alonzo,Johnson,Alonzo Johnson,
Alonzo,Johnson,Alonzo Johnson,
Andre,Johnson,Andre Johnson,
Andre,Johnson+,Andre Johnson+,
Andy,Johnson,Andy Johnson,
Anthony,Johnson,Anthony Johnson,
Anthony,Johnson,Anthony Johnson,
Anthony,Johnson,Anthony Johnson,
Antonio,Johnson,Antonio Johnson,
Antonio,Johnson,Antonio Johnson,
Art,Johnson,Art Johnson,
Austin,Johnson,Austin Johnson,
Austin,Johnson,Austin Johnson,
Barry,Johnson,Barry Johnson,
Benny,Johnson,Benny Johnson,
Bert,Johnson,Bert Johnson,
Bethel,Johnson,Bethel Johnson,
Bill,Johnson,Bill Johnson,
Bill,Johnson,Bill Johnson,
Bill,Johnson,Bill Johnson,
Bill,Johnson,Bill Johnson,
Bill,Johnson,Bill Johnson,
Bill,Johnson,Bill Johnson,
Billy,Johnson,Billy Johnson,
Billy,Johnson,Billy Johnson,
Bob,Johnson,Bob Johnson,
Bobby,Johnson,Bobby Johnson,
Bobby,Johnson,Bobby Johnson,
Brad,Johnson,Brad Johnson,
Brandon,Johnson,Brandon Johnson,
Brandon,Johnson,Brandon Johnson,
Brent,Johnson,Brent Johnson,
Brian,Johnson,Brian Johnson,
Bruce,Johnson,Bruce Johnson,
Bryan,Johnson,Bryan Johnson,
Bryant,Johnson,Bryant Johnson,
Buddy,Johnson,Buddy Johnson,
Butch,Johnson,Butch Johnson,
Byron,Johnson,Byron Johnson,
Cade,Johnson,Cade Johnson,
Caleb,Johnson,Caleb Johnson,
Calvin,Johnson+,Calvin Johnson+,
Cam,Johnson,Cam Johnson,
Carl,Johnson,Carl Johnson,
Carroll,Johnson,Carroll Johnson,
Cecil,Johnson,Cecil Johnson,
Cecil,Johnson,Cecil Johnson,
Cedric,Johnson,Cedric Johnson,
Chad,Johnson,Chad Johnson,
Charles,Johnson,Charles Johnson,
Charles,Johnson,Charles Johnson,
Charles,Johnson,Charles Johnson,
Charles,Johnson,Charles Johnson,
Charles,Johnson,Charles Johnson,
Charley,Johnson,Charley Johnson,
Charlie,Johnson,Charlie Johnson,
Charlie,Johnson,Charlie Johnson,
Charlie,Johnson,Charlie Johnson,
Chris,Johnson,Chris Johnson,
Chris,Johnson,Chris Johnson,
Chris,Johnson,Chris Johnson,
Chris,Johnson,Chris Johnson,
Chuck,Johnson,Chuck Johnson,
Chuck,Johnson,Chuck Johnson,
Clyde,Johnson,Clyde Johnson,
Clyde,Johnson,Clyde Johnson,
Collin,Johnson,Collin Johnson,
Cornelius,Johnson,Cornelius Johnson,
Curley,Johnson,Curley Johnson,
Curtis,Johnson,Curtis Johnson,
Curtis,Johnson,Curtis Johnson,
Ernest,Johnson,Ernest Johnson,
D.J.,Johnson,D.J. Johnson,
D.J.,Johnson,D.J. Johnson,
Damaris,Johnson,Damaris Johnson,
Damian,Johnson,Damian Johnson,
Damone,Johnson,Damone Johnson,
Dan,Johnson,Dan Johnson,
Danny,Johnson,Danny Johnson,
Danny,Johnson,Danny Johnson,
Darcy,Johnson,Darcy Johnson,
Darius,Johnson,Darius Johnson,
Darrien,Johnson,Darrien Johnson,
Darrius,Johnson,Darrius Johnson,
Darryl,Johnson,Darryl Johnson,
Daryl,Johnson,Daryl Johnson,
David,Johnson,David Johnson,
David,Johnson,David Johnson,
Demetrious,Johnson,Demetrious Johnson,
Dennis,Johnson,Dennis Johnson,
Dennis,Johnson,Dennis Johnson,
Dennis,Johnson,Dennis Johnson,
Dennis,Johnson,Dennis Johnson,
Dennis,Johnson,Dennis Johnson,
Derrick,Johnson,Derrick Johnson,
Derrick,Johnson,Derrick Johnson,
Desjuan,Johnson,Desjuan Johnson,
Dick,Johnson,Dick Johnson,
Diontae,Johnson,Diontae Johnson,
Dirk,Johnson,Dirk Johnson,
DJ,Johnson,DJ Johnson,
Don,Johnson,Don Johnson,
Don,Johnson,Don Johnson,
Donnell,Johnson,Donnell Johnson,
Dontae,Johnson,Dontae Johnson,
Doug,Johnson,Doug Johnson,
Duke,Johnson,Duke Johnson,
Dustin,Johnson,Dustin Johnson,
Dwight,Johnson,Dwight Johnson,
Dyontae,Johnson,Dyontae Johnson,
Earl,Johnson,Earl Johnson,
Eddie,Johnson,Eddie Johnson,
Eddie,Johnson,Eddie Johnson,
Edward,Johnson,Edward Johnson,
Ellis,Johnson,Ellis Johnson,
Ellis,Johnson,Ellis Johnson,
Eric,Johnson,Eric Johnson,
Eric,Johnson,Eric Johnson,
Eric,Johnson,Eric Johnson,
Eric,Johnson,Eric Johnson,
Essex,Johnson,Essex Johnson,
Ezra,Johnson,Ezra Johnson,
Farnham,Johnson,Farnham Johnson,
Filmel,Johnson,Filmel Johnson,
Flip,Johnson,Flip Johnson,
Fred,Johnson,Fred Johnson,
Garrett,Johnson,Garrett Johnson,
Gartrell,Johnson,Gartrell Johnson,
Gary,Johnson,Gary Johnson,
Gene,Johnson,Gene Johnson,
George,Johnson,George Johnson,
Gil,Johnson,Gil Johnson,
Gilvanni,Johnson,Gilvanni Johnson,
Glenn,Johnson,Glenn Johnson,
Greg,Johnson,Greg Johnson,
Greg,Johnson,Greg Johnson,
Gregg,Johnson,Gregg Johnson,
Harvey,Johnson,Harvey Johnson,
Henry,Johnson,Henry Johnson,
Herb,Johnson,Herb Johnson,
Herbert,Johnson,Herbert Johnson,
Holbert,Johnson,Holbert Johnson,
Hoss,Johnson,Hoss Johnson,
Isaiah,Johnson,Isaiah Johnson,
Isaiah,Johnson,Isaiah Johnson,
Isaiah,Johnson,Isaiah Johnson,
J.J.,Johnson,J.J. Johnson,
J.R.,Johnson,J.R. Johnson,
Jack,Johnson,Jack Johnson,
Jack,Johnson,Jack Johnson,
Jakob,Johnson,Jakob Johnson,
Jaleel,Johnson,Jaleel Johnson,
Jamar,Johnson,Jamar Johnson,
James,Johnson,James Johnson,
James,Johnson,James Johnson,
Michael,Johnson,Michael Johnson,
Jaquan,Johnson,Jaquan Johnson,
Jarret,Johnson,Jarret Johnson,
Jason,Johnson,Jason Johnson,
Jason,Johnson,Jason Johnson,
Jay,Johnson,Jay Johnson,
Jaylen,Johnson,Jaylen Johnson,
Jaylon,Johnson,Jaylon Johnson,
Jaymar,Johnson,Jaymar Johnson,
Jeremi,Johnson,Jeremi Johnson,
Jeremiah,Johnson,Jeremiah Johnson,
Jermaine,Johnson,Jermaine Johnson,
Jerome,Johnson,Jerome Johnson,
Jeron,Johnson,Jeron Johnson,
Jerry,Johnson,Jerry Johnson,
Jerry,Johnson,Jerry Johnson,
Jesse,Johnson,Jesse Johnson,
Jim,Johnson,Jim Johnson,
Jimmie,Johnson,Jimmie Johnson,
Jimmy,Johnson+,Jimmy Johnson+,
Joe,Johnson,Joe Johnson,
Joe,Johnson,Joe Johnson,
Joe,Johnson,Joe Johnson,
Joe,Johnson,Joe Johnson,
John,Johnson,John Johnson,
John,Johnson,John Johnson,
John,Johnson,John Johnson,
John,Henry,John Henry,
Johnnie,Johnson,Johnnie Johnson,
Johnny,Johnson,Johnny Johnson,
Johnny,Johnson,Johnny Johnson,
Josh,Johnson,Josh Johnson,
Josh,Johnson,Josh Johnson,
Josh,Johnson,Josh Johnson,
Jovon,Johnson,Jovon Johnson,
Juwan,Johnson,Juwan Johnson,
Kaleb,Johnson,Kaleb Johnson,
Kameron,Johnson,Kameron Johnson,
Keelan,Johnson,Keelan Johnson,
KeeSean,Johnson,KeeSean Johnson,
Kelley,Johnson,Kelley Johnson,
Ken,Johnson,Ken Johnson,
Ken,Johnson,Ken Johnson,
Ken,Johnson,Ken Johnson,
Ken,Johnson,Ken Johnson,
Kenneth,Johnson,Kenneth Johnson,
Kenny,Johnson,Kenny Johnson,
Kermit,Johnson,Kermit Johnson,
Kerryon,Johnson,Kerryon Johnson,
Keshon,Johnson,Keshon Johnson,
Kevin,Johnson,Kevin Johnson,
Kevin,Johnson,Kevin Johnson,
Kevin,Johnson,Kevin Johnson,
Keyshawn,Johnson,Keyshawn Johnson,
Kyle,Johnson,Kyle Johnson,
Kyron,Johnson,Kyron Johnson,
Landon,Johnson,Landon Johnson,
Lane,Johnson,Lane Johnson,
Larry,Johnson,Larry Johnson,
Larry,Johnson,Larry Johnson,
Lawrence,Johnson,Lawrence Johnson,
Lee,Johnson,Lee Johnson,
Lee,Johnson,Lee Johnson,
Len,Johnson,Len Johnson,
Len,Johnson,Len Johnson,
Leon,Johnson,Leon Johnson,
Leon,Johnson,Leon Johnson,
Leonard,Johnson,Leonard Johnson,
LeShon,Johnson,LeShon Johnson,
Levi,Johnson,Levi Johnson,
Lonnie,Johnson,Lonnie Johnson,
Lonnie,Johnson,Lonnie Johnson,
Lorne,Johnson,Lorne Johnson,
Lyndon,Johnson,Lyndon Johnson,
M.L.,Johnson,M.L. Johnson,
Malcolm,Johnson,Malcolm Johnson,
Malcolm,Johnson,Malcolm Johnson,
Manuel,Johnson,Manuel Johnson,
Marcus,Johnson,Marcus Johnson,
Marcus,Johnson,Marcus Johnson,
Mario,Johnson,Mario Johnson,
Mark,Johnson,Mark Johnson,
Mark,Johnson,Mark Johnson,
Marquis,Johnson,Marquis Johnson,
Marshall,Johnson,Marshall Johnson,
Marvin,Johnson,Marvin Johnson,
Maurice,Johnson,Maurice Johnson,
Melvin,Johnson,Melvin Johnson,
Micah,Johnson,Micah Johnson,
Michael,Johnson,Michael Johnson,
Michael,Johnson,Michael Johnson,
Mike,Johnson,Mike Johnson,
Mike,Johnson,Mike Johnson,
Mike,Johnson,Mike Johnson,
Mike,Johnson,Mike Johnson,
Mitch,Johnson,Mitch Johnson,
Monte,Johnson,Monte Johnson,
Nate,Johnson,Nate Johnson,
Nate,Johnson,Nate Johnson,
Nate,Johnson,Nate Johnson,
Nazeeh,Johnson,Nazeeh Johnson,
Nico,Johnson,Nico Johnson,
Norm,Johnson,Norm Johnson,
Olabisi,Johnson,Olabisi Johnson,
Olrick,Johnson,Olrick Johnson,
Oscar,Johnson,Oscar Johnson,
Paris,Johnson,Paris Johnson,
Pat,Johnson,Pat Johnson,
Patrick,Johnson,Patrick Johnson,
Patrick,Johnson,Patrick Johnson,
Pepper,Johnson,Pepper Johnson,
Pete,Johnson,Pete Johnson,
Pete,Johnson,Pete Johnson,
Pike,Johnson,Pike Johnson,
Preston,Johnson,Preston Johnson,
Quindell,Johnson,Quindell Johnson,
Quinn,Johnson,Quinn Johnson,
Randell,Johnson,Randell Johnson,
Randy,Johnson,Randy Johnson,
Randy,Johnson,Randy Johnson,
Rashad,Johnson,Rashad Johnson,
Ray,Johnson,Ray Johnson,
Raylee,Johnson,Raylee Johnson,
Raymond,Johnson,Raymond Johnson,
Reggie,Johnson,Reggie Johnson,
Riall,Johnson,Riall Johnson,
Rich,Johnson,Rich Johnson,
Richard,Johnson,Richard Johnson,
Richard,Johnson,Richard Johnson,
Rick,Johnson,Rick Johnson,
Rishaw,Johnson,Rishaw Johnson,
Rob,Johnson,Rob Johnson,
Robert,Johnson,Robert Johnson,
Robert,Johnson,Robert Johnson,
Roderick,Johnson,Roderick Johnson,
Ron,Johnson,Ron Johnson,
Ron,Johnson,Ron Johnson,
Ron,Johnson,Ron Johnson,
Ron,Johnson,Ron Johnson,
Ron,Johnson,Ron Johnson,
Roschon,Johnson,Roschon Johnson,
Rudi,Johnson,Rudi Johnson,
Rudy,Johnson,Rudy Johnson,
Rufus,Johnson,Rufus Johnson,
Sam,Johnson,Sam Johnson,
Sammy,Johnson,Sammy Johnson,
Shelton,Johnson,Shelton Johnson,
Sidney,Johnson,Sidney Johnson,
Smiley,Johnson,Smiley Johnson,
Spencer,Johnson,Spencer Johnson,
Spider,Johnson,Spider Johnson,
Stan,Johnson,Stan Johnson,
Steve,Johnson,Steve Johnson,
Steven,Johnson,Steven Johnson,
Stevie,Johnson,Stevie Johnson,
Storm,Johnson,Storm Johnson,
T.J.,Johnson,T.J. Johnson,
Tank,Johnson,Tank Johnson,
Taron,Johnson,Taron Johnson,
Ted,Johnson,Ted Johnson,
Terrence,Johnson,Terrence Johnson,
Teyo,Johnson,Teyo Johnson,
Theo,Johnson,Theo Johnson,
Thomas,Johnson,Thomas Johnson,
Tim,Johnson,Tim Johnson,
Tim,Johnson,Tim Johnson,
Toby,Johnson,Toby Johnson,
Todd,Johnson,Todd Johnson,
Tom,Johnson,Tom Johnson,
Tom,Johnson,Tom Johnson,
Tommy,Johnson,Tommy Johnson,
Tony,Johnson,Tony Johnson,
Tracy,Johnson,Tracy Johnson,
Travis,Johnson,Travis Johnson,
Johnson,,Johnson ,
von,Johnson,von Johnson,
Trevor,Johnson,Trevor Johnson,
Troy,Johnson,Troy Johnson,
Troy,Johnson,Troy Johnson,
Trumaine,Johnson,Trumaine Johnson,
Trumaine,Johnson,Trumaine Johnson,
Ty,Johnson,Ty Johnson,
Tyler,Johnson,Tyler Johnson,
Tyrell,Johnson,Tyrell Johnson,
Tyron,Johnson,Tyron Johnson,
Tyrone,Johnson,Tyrone Johnson,
Undra,Johnson,Undra Johnson,
Vance,Johnson,Vance Johnson,
Vaughan,Johnson,Vaughan Johnson,
Walt,Johnson,Walt Johnson,
Walter,Johnson,Walter Johnson,
Walter,Johnson,Walter Johnson,
Walter,Johnson,Walter Johnson,
Wesley,Johnson,Wesley Johnson,
Will,Johnson,Will Johnson,
Will,Johnson,Will Johnson,
Zack,Johnson,Zack Johnson,
Zion,Johnson,Zion Johnson,
Luke,Johnsos,Luke Johnsos,
Brian,Johnston,Brian Johnston,
Brian,Johnston,Brian Johnston,
Cameron,Johnston,Cameron Johnston,
Clay,Johnston,Clay Johnston,
Daryl,Johnston,Daryl Johnston,
Jimmy,Johnston,Jimmy Johnston,
Mark,Johnston,Mark Johnston,
Pres,Johnston,Pres Johnston,
Quentin,Johnston,Quentin Johnston,
Rex,Johnston,Rex Johnston,
Swede,Johnston,Swede Johnston,
Lance,Johnstone,Lance Johnstone,
Charlie,Joiner+,Charlie Joiner+,
Tim,Joiner,Tim Joiner,
Vernon,Joines,Vernon Joines,
Evan,Jolitz,Evan Jolitz,
Al,Jolley,Al Jolley,
Doug,Jolley,Doug Jolley,
Gordon,Jolley,Gordon Jolley,
Lewis,Jolley,Lewis Jolley,
Johnny,Jolly,Johnny Jolly,
Ken,Jolly,Ken Jolly,
Mike,Jolly,Mike Jolly,
Shaun,Jolly,Shaun Jolly,
Don,Jonas,Don Jonas,
Marvin,Jonas,Marvin Jonas,
Charlie,Jonasen,Charlie Jonasen,
Eric,Jonassen,Eric Jonassen,
Kingsley,Jonathan,Kingsley Jonathan,
A.J.,Jones,A.J. Jones,
Aaron,Jones,Aaron Jones,
Aaron,Jones,Aaron Jones,
Abry,Jones,Abry Jones,
Adam,Jones,Adam Jones,
Adrian,Jones,Adrian Jones,
Aki,Jones,Aki Jones,
Andre,Jones,Andre Jones,
Andre,Jones,Andre Jones,
Andrew,Jones,Andrew Jones,
Andy,Jones,Andy Jones,
Anthony,Jones,Anthony Jones,
Arrington,Jones,Arrington Jones,
Art,Jones,Art Jones,
Arthur,Jones,Arthur Jones,
Barrett,Jones,Barrett Jones,
Ben,Jones,Ben Jones,
Ben,Jones,Ben Jones,
Benito,Jones,Benito Jones,
Bert,Jones,Bert Jones,
Bill,Jones,Bill Jones,
Billy,Jones,Billy Jones,
Bob,Jones,Bob Jones,
Bob,Jones,Bob Jones,
Bob,Jones,Bob Jones,
Bobby,Jones,Bobby Jones,
Bobby,Jones,Bobby Jones,
Boyd,Jones,Boyd Jones,
Brad,Jones,Brad Jones,
Brandon,Jones,Brandon Jones,
Brandon,Jones,Brandon Jones,
Braxton,Jones,Braxton Jones,
Brent,Jones,Brent Jones,
Brett,Jones,Brett Jones,
Brian,Jones,Brian Jones,
Brian,Jones,Brian Jones,
Broderick,Jones,Broderick Jones,
Bruce,Jones,Bruce Jones,
Bruce,Jones,Bruce Jones,
Bryant,Jones,Bryant Jones,
Buck,Jones,Buck Jones,
Byron,Jones,Byron Jones,
Caleb,Jones,Caleb Jones,
Calvin,Jones,Calvin Jones,
Calvin,Jones,Calvin Jones,
Cam,Jones,Cam Jones,
Cardale,Jones,Cardale Jones,
Carl,Jones,Carl Jones,
Cedric,Jones,Cedric Jones,
Cedric,Jones,Cedric Jones,
Chandler,Jones,Chandler Jones,
Charles,Jones,Charles Jones,
Charlie,Jones,Charlie Jones,
Charlie,Jones,Charlie Jones,
Charlie,Jones,Charlie Jones,
Chris,Jones,Chris Jones,
Chris,Jones,Chris Jones,
Chris,Jones,Chris Jones,
Chris,Jones,Chris Jones,
Chris,Jones,Chris Jones,
Chris,Jones,Chris Jones,
Christian,Jones,Christian Jones,
Christian,Jones,Christian Jones,
Clarence,Jones,Clarence Jones,
Clint,Jones,Clint Jones,
Cody,Jones,Cody Jones,
Colin,Jones,Colin Jones,
Curtis,Jones,Curtis Jones,
Cyrus,Jones,Cyrus Jones,
D.J.,Jones,D.J. Jones,
Dale,Jones,Dale Jones,
Damon,Jones,Damon Jones,
Dan,Jones,Dan Jones,
Daniel,Jones,Daniel Jones,
Dante,Jones,Dante Jones,
DaQuan,Jones,DaQuan Jones,
Daryl,Jones,Daryl Jones,
Daryll,Jones,Daryll Jones,
Datone,Jones,Datone Jones,
Dave,Jones,Dave Jones,
David,Jones,David Jones,
David,Jones,David Jones,
David,Jones,David Jones,
Dawand,Jones,Dawand Jones,
Deacon,Jones+,Deacon Jones+,
Deion,Jones,Deion Jones,
Derrick,Jones,Derrick Jones,
Derrick,Jones,Derrick Jones,
Dhani,Jones,Dhani Jones,
Dominique,Jones,Dominique Jones,
Don,Jones,Don Jones,
Don,Jones,Don Jones,
Donald,Jones,Donald Jones,
Donnie,Jones,Donnie Jones,
Donta,Jones,Donta Jones,
Doug,Jones,Doug Jones,
Mont,Jones,Mont Jones,
Dub,Jones,Dub Jones,
E.J.,Jones,E.J. Jones,
Earl,Jones,Earl Jones,
Ed,Jones,Ed Jones,
Eddie,Jones,Eddie Jones,
Edgar,Jones,Edgar Jones,
Edgar,Jones,Edgar Jones,
Ellis,Jones,Ellis Jones,
Elmer,Jones,Elmer Jones,
Ernest,Jones,Ernest Jones,
Ernest,Jones,Ernest Jones,
Ernie,Jones,Ernie Jones,
Ernie,Jones,Ernie Jones,
Ezell,Jones,Ezell Jones,
Felix,Jones,Felix Jones,
Fred,Jones,Fred Jones,
Fred,Jones,Fred Jones,
Fred,Jones,Fred Jones,
Freddie,Jones,Freddie Jones,
Gary,Jones,Gary Jones,
Gene,Jones,Gene Jones,
George,Jones,George Jones,
Gordon,Jones,Gordon Jones,
Greg,Jones,Greg Jones,
Greg,Jones,Greg Jones,
Greg,Jones,Greg Jones,
Greg,Jones,Greg Jones,
Harris,Jones,Harris Jones,
Harry,Jones,Harry Jones,
Harvey,Jones,Harvey Jones,
Hassan,Jones,Hassan Jones,
Henry,Jones,Henry Jones,
Henry,Jones,Henry Jones,
Daze,Jones,Daze Jones,
Homer,Jones,Homer Jones,
Horace,Jones,Horace Jones,
Howard,Jones,Howard Jones,
Isaac,Jones,Isaac Jones,
J.J.,Jones,J.J. Jones,
J.J.,Jones,J.J. Jones,
Jack,Jones,Jack Jones,
Jacoby,Jones,Jacoby Jones,
Jamal,Jones,Jamal Jones,
Jamarco,Jones,Jamarco Jones,
James,Jones,James Jones,
James,Jones,James Jones,
James,Jones,James Jones,
James,Jones,James Jones,
Jamir,Jones,Jamir Jones,
Jarrian,Jones,Jarrian Jones,
Jarvis,Jones,Jarvis Jones,
Jason,Jones,Jason Jones,
Jaylon,Jones,Jaylon Jones,
Jaylon,Jones,Jaylon Jones,
Jeff,Jones,Jeff Jones,
Jermaine,Jones,Jermaine Jones,
Jerry,Jones,Jerry Jones,
Jerry,Jones,Jerry Jones,
Jim,Jones,Jim Jones,
Jim,Jones,Jim Jones,
Jim,Jones,Jim Jones,
Jimmie,Jones,Jimmie Jones,
Jimmie,Jones,Jimmie Jones,
Jimmie,Jones,Jimmie Jones,
JJ,Jones,JJ Jones,
Jock,Jones,Jock Jones,
Joe,Jones,Joe Jones,
Joe,Jones,Joe Jones,
Joey,Jones,Joey Jones,
John,Jones,John Jones,
Jonathan,Jones,Jonathan Jones,
Joseph,Jones,Joseph Jones,
Josh,Jones,Josh Jones,
Josh,Jones,Josh Jones,
Julian,Jones,Julian Jones,
Julio,Jones,Julio Jones,
Julius,Jones,Julius Jones,
June,Jones,June Jones,
Justin,Jones,Justin Jones,
K.C.,Jones,K.C. Jones,
Keandre,Jones,Keandre Jones,
Keith,Jones,Keith Jones,
Keith,Jones,Keith Jones,
Ken,Jones,Ken Jones,
Ken,Jones,Ken Jones,
Kenyatta,Jones,Kenyatta Jones,
Kevin,Jones,Kevin Jones,
Kim,Jones,Kim Jones,
Kirk,Jones,Kirk Jones,
Kobe,Jones,Kobe Jones,
LaCurtis,Jones,LaCurtis Jones,
Lam,Jones,Lam Jones,
Landry,Jones,Landry Jones,
Larry,Jones,Larry Jones,
Lenoy,Jones,Lenoy Jones,
Leonard,Jones,Leonard Jones,
Leroy,Jones,Leroy Jones,
Levi,Jones,Levi Jones,
Lew,Jones,Lew Jones,
Lyndell,Jones,Lyndell Jones,
Mac,Jones,Mac Jones,
Manny,Jones,Manny Jones,
Marcus,Jones,Marcus Jones,
Marcus,Jones,Marcus Jones,
Mark,Jones,Mark Jones,
Marlon,Jones,Marlon Jones,
Marshall,Jones,Marshall Jones,
Marvin,Jones,Marvin Jones,
Marvin,Jones,Marvin Jones,
Matt,Jones,Matt Jones,
Matt,Jones,Matt Jones,
Melvin,Jones,Melvin Jones,
Mike,Jones,Mike Jones,
Mike,Jones,Mike Jones,
Mike,Jones,Mike Jones,
Mike,Jones,Mike Jones,
Mike,Jones,Mike Jones,
Mike,Jones,Mike Jones,
Naquan,Jones,Naquan Jones,
Nate,Jones,Nate Jones,
Nate,Jones,Nate Jones,
Nazair,Jones,Nazair Jones,
Nic,Jones,Nic Jones,
Onrea,Jones,Onrea Jones,
Patrick,Jones,Patrick Jones,
Potsy,Jones,Potsy Jones,
Quintin,Jones,Quintin Jones,
Ralph,Jones,Ralph Jones,
Ralph,Jones,Ralph Jones,
Ray,Jones,Ray Jones,
Reggie,Jones,Reggie Jones,
Reggie,Jones,Reggie Jones,
Reno,Jones,Reno Jones,
Reshad,Jones,Reshad Jones,
Richard,Jones,Richard Jones,
Ricky,Jones,Ricky Jones,
Robbie,Jones,Robbie Jones,
Robert,Jones,Robert Jones,
Robert,Jones,Robert Jones,
Rod,Jones,Rod Jones,
Rod,Jones,Rod Jones,
Rod,Jones,Rod Jones,
Roger,Jones,Roger Jones,
Ron,Jones,Ron Jones,
Ronald,Jones,Ronald Jones,
Rondell,Jones,Rondell Jones,
Rulon,Jones,Rulon Jones,
Rushen,Jones,Rushen Jones,
Sam,Jones,Sam Jones,
Scott,Jones,Scott Jones,
Sean,Jones,Sean Jones,
Sean,Jones,Sean Jones,
Seantavius,Jones,Seantavius Jones,
Selwyn,Jones,Selwyn Jones,
Shawn,Jones,Shawn Jones,
Sidney,Jones,Sidney Jones,
Spike,Jones,Spike Jones,
Stan,Jones+,Stan Jones+,
Steve,Jones,Steve Jones,
T.J.,Jones,T.J. Jones,
Taiwan,Jones,Taiwan Jones,
Taiwan,Jones,Taiwan Jones,
Tebucky,Jones,Tebucky Jones,
Terren,Jones,Terren Jones,
Terry,Jones,Terry Jones,
Terry,Jones,Terry Jones,
Tevin,Jones,Tevin Jones,
Thomas,Jones,Thomas Jones,
Thurmon,Jones,Thurmon Jones,
Tim,Jones,Tim Jones,
Todd,Jones,Todd Jones,
Tom,Jones,Tom Jones,
Tony,Jones,Tony Jones,
Tony,Jones,Tony Jones,
Tony,Jones,Tony Jones,
Tony,Jones,Tony Jones,
Too,Tall,Too Tall,
Travis,Jones,Travis Jones,
Truman,Jones,Truman Jones,
Tyrone,Jones,Tyrone Jones,
Tyrone,Jones,Tyrone Jones,
Velus,Jones,Velus Jones,
Vi,Jones,Vi Jones,
Victor,Jones,Victor Jones,
Victor,Jones,Victor Jones,
Walter,Jones+,Walter Jones+,
Wayne,Jones,Wayne Jones,
Willie,Jones,Willie Jones,
Willie,Jones,Willie Jones,
Willie,Jones,Willie Jones,
Willie,Jones,Willie Jones,
Xavier,Jones,Xavier Jones,
Zay,Jones,Zay Jones,
Drew,,Drew ,
Quartey,,Quartey ,
Smith,,Smith ,
Bennie,Joppru,Bennie Joppru,
Akeem,Jordan,Akeem Jordan,
Andrew,Jordan,Andrew Jordan,
Antony,Jordan,Antony Jordan,
Brevin,Jordan,Brevin Jordan,
Brian,Jordan,Brian Jordan,
Buford,Jordan,Buford Jordan,
Cameron,Jordan,Cameron Jordan,
Charles,Jordan,Charles Jordan,
Curtis,Jordan,Curtis Jordan,
Darin,Jordan,Darin Jordan,
David,Jordan,David Jordan,
Dion,Jordan,Dion Jordan,
Donald,Jordan,Donald Jordan,
Frank,Jordan,Frank Jordan,
Henry,Jordan+,Henry Jordan+,
James,Jordan,James Jordan,
Jeff,Jordan,Jeff Jordan,
Jeff,Jordan,Jeff Jordan,
Jimmy,Jordan,Jimmy Jordan,
Ken,Jordan,Ken Jordan,
Kevin,Jordan,Kevin Jordan,
LaMont,Jordan,LaMont Jordan,
Larry,Jordan,Larry Jordan,
Leander,Jordan,Leander Jordan,
Lee,Roy,Lee Roy,
Michael,Jordan,Michael Jordan,
Mike,Jordan,Mike Jordan,
Omari,Jordan,Omari Jordan,
Randy,Jordan,Randy Jordan,
Richard,Jordan,Richard Jordan,
Shelby,Jordan,Shelby Jordan,
Steve,Jordan,Steve Jordan,
Steve,Jordan,Steve Jordan,
Tim,Jordan,Tim Jordan,
Tony,Jordan,Tony Jordan,
Tim,Jorden,Tim Jorden,
Bud,Jorgensen,Bud Jorgensen,
Wagner,Jorgensen,Wagner Jorgensen,
Alex,Joseph,Alex Joseph,
Brandon,Joseph,Brandon Joseph,
Davin,Joseph,Davin Joseph,
Dwayne,Joseph,Dwayne Joseph,
Elvis,Joseph,Elvis Joseph,
Greg,Joseph,Greg Joseph,
James,Joseph,James Joseph,
Joe,Joseph,Joe Joseph,
Johnathan,Joseph,Johnathan Joseph,
Karl,Joseph,Karl Joseph,
Keith,Joseph,Keith Joseph,
Kelvin,Joseph,Kelvin Joseph,
Kerby,Joseph,Kerby Joseph,
Kerry,Joseph,Kerry Joseph,
Linval,Joseph,Linval Joseph,
Michael,Joseph,Michael Joseph,
Red,Joseph,Red Joseph,
Ricot,Joseph,Ricot Joseph,
Vance,Joseph,Vance Joseph,
William,Joseph,William Joseph,
Zip,Joseph,Zip Joseph,
Day,,Day ,
Les,Josephson,Les Josephson,
Steve,Josue,Steve Josue,
Bob,Joswick,Bob Joswick,
Yonel,Jourdain,Yonel Jourdain,
Bill,Joyce,Bill Joyce,
Delvin,Joyce,Delvin Joyce,
Don,Joyce,Don Joyce,
Eric,Joyce,Eric Joyce,
Matt,Joyce,Matt Joyce,
Terry,Joyce,Terry Joyce,
L.C.,Joyner,L.C. Joyner,
Lamarcus,Joyner,Lamarcus Joyner,
Larry,Joyner,Larry Joyner,
Seth,Joyner,Seth Joyner,
Willie,Joyner,Willie Joyner,
Brian,Jozwiak,Brian Jozwiak,
Saxon,Judd,Saxon Judd,
Ed,Judie,Ed Judie,
Matt,Judon,Matt Judon,
William,Judson,William Judson,
Bhawoh,Jue,Bhawoh Jue,
Dave,Juenger,Dave Juenger,
Fred,Julian,Fred Julian,
Jarmar,Julien,Jarmar Julien,
Kevin,Juma,Kevin Juma,
Cato,June,Cato June,
Buddy,Jungmichel,Buddy Jungmichel,
E.J.,Junior,E.J. Junior,
Gregory,Junior,Gregory Junior,
Steve,Junker,Steve Junker,
Mike,Junkin,Mike Junkin,
Trey,Junkin,Trey Junkin,
Joe,Jurevicius,Joe Jurevicius,
Cam,Jurgens,Cam Jurgens,
Michael,Jurgens,Michael Jurgens,
Sonny,Jurgensen+,Sonny Jurgensen+,
Mike,Jurich,Mike Jurich,
Tom,Jurich,Tom Jurich,
Jim,Juriga,Jim Juriga,
Luke,Juriga,Luke Juriga,
Walt,Jurkiewicz,Walt Jurkiewicz,
John,Jurkovic,John Jurkovic,
Bob,Jury,Bob Jury,
Rubin,Juster,Rubin Juster,
Charlie,Justice,Charlie Justice,
Ed,Justice,Ed Justice,
Steve,Justice,Steve Justice,
Winston,Justice,Winston Justice,
Kerry,Justin,Kerry Justin,
Paul,Justin,Paul Justin,
Sid,Justin,Sid Justin,
Kyle,Juszczyk,Kyle Juszczyk,
Steve,Juzwik,Steve Juzwik,
Vyto,Kab,Vyto Kab,
Mike,Kabealo,Mike Kabealo,
John,Kacherski,John Kacherski,
Jeff,Kacmarek,Jeff Kacmarek,
Isaiah,Kacyvenski,Isaiah Kacyvenski,
Michael,Kaczmarek,Michael Kaczmarek,
Nick,Kaczur,Nick Kaczur,
Josh,Kaddu,Josh Kaddu,
Dave,Kadela,Dave Kadela,
Max,Kadesky,Max Kadesky,
Mike,Kadish,Mike Kadish,
Ron,Kadziel,Ron Kadziel,
Nate,Kaeding,Nate Kaeding,
Colin,Kaepernick,Colin Kaepernick,
Mort,Kaer,Mort Kaer,
Kevin,Kaesviharn,Kevin Kaesviharn,
Kurt,Kafentzis,Kurt Kafentzis,
Mark,Kafentzis,Mark Kafentzis,
Mike,Kafka,Mike Kafka,
Cy,Kahl,Cy Kahl,
Bob,Kahler,Bob Kahler,
Royal,Kahler,Royal Kahler,
Eddie,Kahn,Eddie Kahn,
Karl,Kaimer,Karl Kaimer,
Joshua,Kaindoh,Joshua Kaindoh,
Jason,Kaiser,Jason Kaiser,
John,Kaiser,John Kaiser,
George,Kakasic,George Kakasic,
Ike,Kakela,Ike Kakela,
Jim,Kalafat,Jim Kalafat,
Peter,Kalambayi,Peter Kalambayi,
Matt,Kalil,Matt Kalil,
Ryan,Kalil,Ryan Kalil,
Dave,Kalina,Dave Kalina,
Nikola,Kalinic,Nikola Kalinic,
Kyle,Kalis,Kyle Kalis,
Todd,Kalis,Todd Kalis,
Ed,Kallina,Ed Kallina,
Tommy,Kalmanir,Tommy Kalmanir,
Bob,Kalsu,Bob Kalsu,
Joshua,Kalu,Joshua Kalu,
N.D.,Kalu,N.D. Kalu,
Ufomba,Kamalu,Ufomba Kamalu,
John,Kamana,John Kamana,
Lew,Kamanu,Lew Kamanu,
Alvin,Kamara,Alvin Kamara,
Azur,Kamara,Azur Kamara,
Mohamed,Kamara,Mohamed Kamara,
Sam,Kamara,Sam Kamara,
Larry,Kaminski,Larry Kaminski,
Carl,Kammerer,Carl Kammerer,
Jim,Kamp,Jim Kamp,
Bob,Kampa,Bob Kampa,
Aaron,Kampman,Aaron Kampman,
Hunter,Kampmoyer,Hunter Kampmoyer,
Calijah,Kancey,Calijah Kancey,
Carl,Kane,Carl Kane,
George,Kane,George Kane,
Herb,Kane,Herb Kane,
Jim,Kane,Jim Kane,
Rick,Kane,Rick Kane,
Sanoussi,Kane,Sanoussi Kane,
Tommy,Kane,Tommy Kane,
Danny,Kanell,Danny Kanell,
Jim,Kanicki,Jim Kanicki,
Joe,Kantor,Joe Kantor,
Al,Kanya,Al Kanya,
John,Kapele,John Kapele,
Jeremy,Kapinos,Jeremy Kapinos,
Bernie,Kapitansky,Bernie Kapitansky,
Ave,Kaplan,Ave Kaplan,
Bernie,Kaplan,Bernie Kaplan,
Ken,Kaplan,Ken Kaplan,
Sam,Kaplan,Sam Kaplan,
Carl,Kaplanoff,Carl Kaplanoff,
Al,Kaporch,Al Kaporch,
Joe,Kapp,Joe Kapp,
Alex,Kapter,Alex Kapter,
George,Karamatic,George Karamatic,
Emil,Karas,Emil Karas,
Bob,Karch,Bob Karch,
Jim,Karcher,Jim Karcher,
Ken,Karcher,Ken Karcher,
Bull,Karcis,Bull Karcis,
Khalid,Kareem,Khalid Kareem,
Carl,Karilivacz,Carl Karilivacz,
Deji,Karim,Deji Karim,
George,Karlaftis,George Karlaftis,
Rich,Karlis,Rich Karlis,
Mike,Karmazin,Mike Karmazin,
Mike,Karney,Mike Karney,
Abe,Karnofsky,Abe Karnofsky,
Keith,Karpinski,Keith Karpinski,
Ed,Karpowich,Ed Karpowich,
Bill,Karr,Bill Karr,
Alex,Karras+,Alex Karras+,
Johnny,Karras,Johnny Karras,
Lou,Karras,Lou Karras,
Ted,Karras,Ted Karras,
Ted,Karras,Ted Karras,
Ted,Karras,Ted Karras,
John,Karrs,John Karrs,
George,Karstens,George Karstens,
Joshua,Karty,Joshua Karty,
Keith,Kartz,Keith Kartz,
Jack,Karwales,Jack Karwales,
Nick,Kasa,Nick Kasa,
Mike,Kasap,Mike Kasap,
John,Kasay,John Kasay,
Drew,Kaser,Drew Kaser,
Alain,Kashama,Alain Kashama,
Tony,Kaska,Tony Kaska,
Matt,Kaskey,Matt Kaskey,
Ed,Kasky,Ed Kasky,
Cy,Kasper,Cy Kasper,
Kevin,Kasper,Kevin Kasper,
Dick,Kasperek,Dick Kasperek,
Chuck,Kassel,Chuck Kassel,
Brad,Kassell,Brad Kassell,
Karl,Kassulke,Karl Kassulke,
Leo,Katalinas,Leo Katalinas,
Jim,Katcavage,Jim Katcavage,
Joe,Katchik,Joe Katchik,
Norm,Katnik,Norm Katnik,
Mike,Katolin,Mike Katolin,
Mike,Katrishen,Mike Katrishen,
Eric,Kattus,Eric Kattus,
Matt,Katula,Matt Katula,
Andy,Katzenmoyer,Andy Katzenmoyer,
Kani,Kauahi,Kani Kauahi,
John,Kauffman,John Kauffman,
Jake,Kaufman,Jake Kaufman,
Mel,Kaufman,Mel Kaufman,
Napoleon,Kaufman,Napoleon Kaufman,
Bronson,Kaufusi,Bronson Kaufusi,
Steve,Kaufusi,Steve Kaufusi,
Thom,Kaumeyer,Thom Kaumeyer,
Jerry,Kauric,Jerry Kauric,
Ken,Kavanaugh,Ken Kavanaugh,
George,Kavel,George Kavel,
Eddie,Kaw,Eddie Kaw,
Eddie,Kawal,Eddie Kawal,
Bill,Kay,Bill Kay,
Clarence,Kay,Clarence Kay,
Rick,Kay,Rick Kay,
Muadianvita,Kazadi,Muadianvita Kazadi,
Damontae,Kazee,Damontae Kazee,
Duce,Keahey,Duce Keahey,
Jim,Keane,Jim Keane,
Tom,Keane,Tom Keane,
Jim,Kearney,Jim Kearney,
Tim,Kearney,Tim Kearney,
Tom,Kearns,Tom Kearns,
Frank,Kearse,Frank Kearse,
Jayron,Kearse,Jayron Kearse,
Jermaine,Kearse,Jermaine Kearse,
Jevon,Kearse,Jevon Kearse,
Tim,Kearse,Tim Kearse,
Zak,Keasey,Zak Keasey,
Michael,Keathley,Michael Keathley,
Bill,Keating,Bill Keating,
Chris,Keating,Chris Keating,
Tom,Keating,Tom Keating,
Curtis,Keaton,Curtis Keaton,
Stan,Keck,Stan Keck,
Val,Keckin,Val Keckin,
Dan,Kecman,Dan Kecman,
Jerry,Keeble,Jerry Keeble,
Joe,Keeble,Joe Keeble,
Emmett,Keefe,Emmett Keefe,
Jack,Keefer,Jack Keefer,
Trevor,Keegan,Trevor Keegan,
Mark,Keel,Mark Keel,
Ray,Keeling,Ray Keeling,
Rex,Keeling,Rex Keeling,
Rabbit,Keen,Rabbit Keen,
Ed,Keenan,Ed Keenan,
Jack,Keenan,Jack Keenan,
Bob,Keene,Bob Keene,
Dalton,Keene,Dalton Keene,
Brad,Keeney,Brad Keeney,
Case,Keenum,Case Keenum,
Bryson,Keeton,Bryson Keeton,
Durwood,Keeton,Durwood Keeton,
Carl,Keever,Carl Keever,
Stanford,Keglar,Stanford Keglar,
Bryan,Kehl,Bryan Kehl,
Scott,Kehoe,Scott Kehoe,
Rick,Kehr,Rick Kehr,
Freddy,Keiaho,Freddy Keiaho,
Mike,Keim,Mike Keim,
Brett,Keisel,Brett Keisel,
Thomas,Keiser,Thomas Keiser,
Brandon,Keith,Brandon Keith,
Craig,Keith,Craig Keith,
John,Keith,John Keith,
Kenton,Keith,Kenton Keith,
Gary,Keithley,Gary Keithley,
Nick,Keizer,Nick Keizer,
Kingsley,Keke,Kingsley Keke,
Jim,Kekeris,Jim Kekeris,
Jason,Kelce,Jason Kelce,
Travis,Kelce,Travis Kelce,
Louie,Kelcher,Louie Kelcher,
Senio,Kelemete,Senio Kelemete,
Paul,Kell,Paul Kell,
Bill,Kellagher,Bill Kellagher,
Bill,Kellar,Bill Kellar,
Mark,Kellar,Mark Kellar,
Scott,Kellar,Scott Kellar,
Dustin,Keller,Dustin Keller,
Ken,Keller,Ken Keller,
Larry,Keller,Larry Keller,
Mike,Keller,Mike Keller,
Ernie,Kellermann,Ernie Kellermann,
Doug,Kellermeyer,Doug Kellermeyer,
Bill,Kelley,Bill Kelley,
Bob,Kelley,Bob Kelley,
Brian,Kelley,Brian Kelley,
Chris,Kelley,Chris Kelley,
Doc,Kelley,Doc Kelley,
Ed,Kelley,Ed Kelley,
Edward,Kelley,Edward Kelley,
Ethan,Kelley,Ethan Kelley,
Frank,Kelley,Frank Kelley,
Gorden,Kelley,Gorden Kelley,
Ike,Kelley,Ike Kelley,
Joshua,Kelley,Joshua Kelley,
Les,Kelley,Les Kelley,
Mike,Kelley,Mike Kelley,
Mike,Kelley,Mike Kelley,
Robert,Kelley,Robert Kelley,
Lyons,Kelliher,Lyons Kelliher,
Kevin,Kellin,Kevin Kellin,
John,Kellison,John Kellison,
Kellogg,,Kellogg ,
Bill,Kellogg,Bill Kellogg,
Bob,Kellogg,Bob Kellogg,
Clarence,Kellogg,Clarence Kellogg,
Mike,Kellogg,Mike Kellogg,
Marv,Kellum,Marv Kellum,
Ben,Kelly,Ben Kelly,
Bob,Kelly,Bob Kelly,
Bob,Kelly,Bob Kelly,
Brian,Kelly,Brian Kelly,
Chad,Kelly,Chad Kelly,
Dennis,Kelly,Dennis Kelly,
Derrick,Kelly,Derrick Kelly,
Ellison,Kelly,Ellison Kelly,
Elmo,Kelly,Elmo Kelly,
Eric,Kelly,Eric Kelly,
Jeff,Kelly,Jeff Kelly,
Jim,Kelly,Jim Kelly,
Jim,Kelly,Jim Kelly,
Jim,Kelly+,Jim Kelly+,
Jimmy,Kelly,Jimmy Kelly,
Joe,Kelly,Joe Kelly,
John,Kelly,John Kelly,
John,Kelly,John Kelly,
Kameron,Kelly,Kameron Kelly,
Kyu,Blu,Kyu Blu,
Leroy,Kelly+,Leroy Kelly+,
Lewis,Kelly,Lewis Kelly,
Malcolm,Kelly,Malcolm Kelly,
Maurice,Kelly,Maurice Kelly,
Mike,Kelly,Mike Kelly,
Pat,Kelly,Pat Kelly,
Reggie,Kelly,Reggie Kelly,
Rob,Kelly,Rob Kelly,
Ryan,Kelly,Ryan Kelly,
Shipwreck,Kelly,Shipwreck Kelly,
Tex,Kelly,Tex Kelly,
Todd,Kelly,Todd Kelly,
Tommy,Kelly,Tommy Kelly,
Wild,Bill,Wild Bill,
Larry,Kelm,Larry Kelm,
Chad,Kelsay,Chad Kelsay,
Chris,Kelsay,Chris Kelsay,
Mose,Kelsch,Mose Kelsch,
Matt,Kelsh,Matt Kelsh,
Mark,Kelso,Mark Kelso,
Chris,Kemoeatu,Chris Kemoeatu,
ake,Kemoeatu,ake Kemoeatu,
Bobby,Kemp,Bobby Kemp,
Jack,Kemp,Jack Kemp,
Jeff,Kemp,Jeff Kemp,
Marcus,Kemp,Marcus Kemp,
Perry,Kemp,Perry Kemp,
Ray,Kemp,Ray Kemp,
Florian,Kempf,Florian Kempf,
Charlie,Kempinska,Charlie Kempinska,
Herb,Kempton,Herb Kempton,
Anthony,Kendall,Anthony Kendall,
Charlie,Kendall,Charlie Kendall,
Pete,Kendall,Pete Kendall,
Derion,Kendrick,Derion Kendrick,
Jim,Kendrick,Jim Kendrick,
Vince,Kendrick,Vince Kendrick,
Eric,Kendricks,Eric Kendricks,
Lance,Kendricks,Lance Kendricks,
Mychal,Kendricks,Mychal Kendricks,
Matt,Keneley,Matt Keneley,
John,Kenerson,John Kenerson,
Mike,Kenn,Mike Kenn,
Derek,Kennard,Derek Kennard,
Devon,Kennard,Devon Kennard,
George,Kennard,George Kennard,
Ken,Kennard,Ken Kennard,
George,Kenneally,George Kenneally,
Allan,Kennedy,Allan Kennedy,
Bill,Kennedy,Bill Kennedy,
Bob,Kennedy,Bob Kennedy,
Bob,Kennedy,Bob Kennedy,
Cortez,Kennedy+,Cortez Kennedy+,
Jimmie,Kennedy,Jimmie Kennedy,
Jimmy,Kennedy,Jimmy Kennedy,
Jimmy,Kennedy,Jimmy Kennedy,
Kenoy,Kennedy,Kenoy Kennedy,
Lincoln,Kennedy,Lincoln Kennedy,
Mike,Kennedy,Mike Kennedy,
Sam,Kennedy,Sam Kennedy,
Tom,Kennedy,Tom Kennedy,
Tom,Kennedy,Tom Kennedy,
Tom,Kennedy,Tom Kennedy,
Bill,Kenney,Bill Kenney,
Steve,Kenney,Steve Kenney,
Eddie,Kennison,Eddie Kennison,
Greg,Kent,Greg Kent,
Joey,Kent,Joey Kent,
Jordan,Kent,Jordan Kent,
Rashod,Kent,Rashod Kent,
Bill,Kenyon,Bill Kenyon,
Shiloh,Keo,Shiloh Keo,
Crawford,Ker,Crawford Ker,
Nick,Kerasiotis,Nick Kerasiotis,
Randy,Kerbow,Randy Kerbow,
Bob,Kercher,Bob Kercher,
Dick,Kercher,Dick Kercher,
Ralph,Kercheval,Ralph Kercheval,
Zac,Kerin,Zac Kerin,
Gary,Kerkorian,Gary Kerkorian,
Jeremy,Kerley,Jeremy Kerley,
Bill,Kern,Bill Kern,
Brett,Kern,Brett Kern,
Chris,Kern,Chris Kern,
Don,Kern,Don Kern,
Rex,Kern,Rex Kern,
Marlon,Kerner,Marlon Kerner,
Patrick,Kerney,Patrick Kerney,
John,Kerns,John Kerns,
Graham,Kernwein,Graham Kernwein,
Bill,Kerr,Bill Kerr,
George,Kerr,George Kerr,
Jim,Kerr,Jim Kerr,
Zach,Kerr,Zach Kerr,
Joe,Kerridge,Joe Kerridge,
Mike,Kerrigan,Mike Kerrigan,
Ryan,Kerrigan,Ryan Kerrigan,
Tom,Kerrigan,Tom Kerrigan,
Merritt,Kersey,Merritt Kersey,
George,Kershaw,George Kershaw,
William,Kershaw,William Kershaw,
Wally,Kersten,Wally Kersten,
Bob,Keseday,Bob Keseday,
Cody,Kessler,Cody Kessler,
Alex,Kessman,Alex Kessman,
Alex,Ketzko,Alex Ketzko,
Ken,Keuper,Ken Keuper,
Arden,Key,Arden Key,
David,Key,David Key,
Devon,Key,Devon Key,
Wade,Key,Wade Key,
Bob,Keyes,Bob Keyes,
Jimmy,Keyes,Jimmy Keyes,
Josh,Keyes,Josh Keyes,
Leroy,Keyes,Leroy Keyes,
Marcus,Keyes,Marcus Keyes,
Thakarius,Keyes,Thakarius Keyes,
Brady,Keys,Brady Keys,
Howard,Keys,Howard Keys,
Isaac,Keys,Isaac Keys,
Tyrone,Keys,Tyrone Keys,
Ramel,Keyton,Ramel Keyton,
Jon,Keyworth,Jon Keyworth,
Bob,Khayat,Bob Khayat,
Ed,Khayat,Ed Khayat,
Bill,Kibler,Bill Kibler,
Jacob,Kibodi,Jacob Kibodi,
Walt,Kichefski,Walt Kichefski,
Billy,Kidd,Billy Kidd,
Carl,Kidd,Carl Kidd,
John,Kidd,John Kidd,
Keith,Kidd,Keith Kidd,
Lewis,Kidd,Lewis Kidd,
Darvin,Kidsy,Darvin Kidsy,
Ko,Kieft,Ko Kieft,
Blair,Kiel,Blair Kiel,
Terrence,Kiel,Terrence Kiel,
Max,Kielbasa,Max Kielbasa,
Howard,Kieley,Howard Kieley,
Walt,Kiesling+,Walt Kiesling+,
Jeff,Kiewel,Jeff Kiewel,
Danny,Kight,Danny Kight,
Kelvin,Kight,Kelvin Kight,
George,Kiick,George Kiick,
Jim,Kiick,Jim Kiick,
oli,Kikaha,oli Kikaha,
Warren,Kilbourne,Warren Kilbourne,
Bob,Kilcullen,Bob Kilcullen,
Roger,Kiley,Roger Kiley,
Darius,Kilgo,Darius Kilgo,
Daniel,Kilgore,Daniel Kilgore,
Jon,Kilgore,Jon Kilgore,
Miles,Killebrew,Miles Killebrew,
Terry,Killens,Terry Killens,
Charlie,Killett,Charlie Killett,
Gene,Killian,Gene Killian,
Glenn,Killinger,Glenn Killinger,
Cedric,Killings,Cedric Killings,
Adrian,Killins,Adrian Killins,
Pat,Killorin,Pat Killorin,
Billy,Kilmer,Billy Kilmer,
Ethan,Kilmer,Ethan Kilmer,
Bucko,Kilroy,Bucko Kilroy,
David,Kilson,David Kilson,
Bobby,Kimball,Bobby Kimball,
Bruce,Kimball,Bruce Kimball,
Bill,Kimber,Bill Kimber,
Frank,Kimble,Frank Kimble,
Garry,Kimble,Garry Kimble,
Elbert,Kimbrough,Elbert Kimbrough,
John,Kimbrough,John Kimbrough,
John,Kimbrough,John Kimbrough,
Tony,Kimbrough,Tony Kimbrough,
J.D.,Kimmel,J.D. Kimmel,
Jamie,Kimmel,Jamie Kimmel,
Jerry,Kimmel,Jerry Kimmel,
Jon,Kimmel,Jon Kimmel,
Ola,Kimrin,Ola Kimrin,
Billy,Kinard,Billy Kinard,
Bruiser,Kinard+,Bruiser Kinard+,
George,Kinard,George Kinard,
Terry,Kinard,Terry Kinard,
Keylon,Kincade,Keylon Kincade,
Dalton,Kincaid,Dalton Kincaid,
Jim,Kincaid,Jim Kincaid,
Brian,Kinchen,Brian Kinchen,
Todd,Kinchen,Todd Kinchen,
Kamren,Kinchens,Kamren Kinchens,
Randy,Kinder,Randy Kinder,
Hobby,Kinderdine,Hobby Kinderdine,
Shine,Kinderdine,Shine Kinderdine,
Walt,Kinderdine,Walt Kinderdine,
Keith,Kinderman,Keith Kinderman,
Howard,Kindig,Howard Kindig,
Greg,Kindle,Greg Kindle,
Sergio,Kindle,Sergio Kindle,
Solomon,Kindley,Solomon Kindley,
Derrick,Kindred,Derrick Kindred,
Bill,Kindricks,Bill Kindricks,
Don,Kindt,Don Kindt,
Don,Kindt,Don Kindt,
George,Kinek,George Kinek,
Michael,Kinek,Michael Kinek,
Steve,Kiner,Steve Kiner,
King,,King ,
Akeem,King,Akeem King,
Andre,King,Andre King,
Andy,King,Andy King,
Angelo,King,Angelo King,
Austin,King,Austin King,
Brandon,King,Brandon King,
Brandon,King,Brandon King,
Bruce,King,Bruce King,
Carlos,King,Carlos King,
Charlie,King,Charlie King,
Claude,King,Claude King,
David,King,David King,
David,King,David King,
Deon,King,Deon King,
Desmond,King,Desmond King,
Dick,King,Dick King,
Don,King,Don King,
Don,King,Don King,
Ed,King,Ed King,
Ed,King,Ed King,
Emanuel,King,Emanuel King,
Emmett,King,Emmett King,
Eric,King,Eric King,
Fay,King,Fay King,
Fred,King,Fred King,
Gordon,King,Gordon King,
Gus,King,Gus King,
Henry,King,Henry King,
Horace,King,Horace King,
Jarriel,King,Jarriel King,
Jeff,King,Jeff King,
Jerome,King,Jerome King,
Joe,King,Joe King,
Justin,King,Justin King,
Kenny,King,Kenny King,
Kenny,King,Kenny King,
Kevin,King,Kevin King,
Lamar,King,Lamar King,
Linden,King,Linden King,
Marquette,King,Marquette King,
Mitch,King,Mitch King,
Phil,King,Phil King,
Ralph,King,Ralph King,
Rip,King,Rip King,
Shaun,King,Shaun King,
Shawn,King,Shawn King,
Steve,King,Steve King,
Tavarres,King,Tavarres King,
Tim,King,Tim King,
Tony,King,Tony King,
Vick,King,Vick King,
Ellsworth,Kingery,Ellsworth Kingery,
Wayne,Kingery,Wayne Kingery,
Rick,Kingrea,Rick Kingrea,
Kliff,Kingsbury,Kliff Kingsbury,
Doug,Kingsriter,Doug Kingsriter,
Jarrett,Kingston,Jarrett Kingston,
Javon,Kinlaw,Javon Kinlaw,
Reggie,Kinlaw,Reggie Kinlaw,
Darian,Kinnard,Darian Kinnard,
Larry,Kinnebrew,Larry Kinnebrew,
Erron,Kinney,Erron Kinney,
George,Kinney,George Kinney,
Jeff,Kinney,Jeff Kinney,
Kelvin,Kinney,Kelvin Kinney,
Steve,Kinney,Steve Kinney,
Vince,Kinney,Vince Kinney,
Carl,Kinscherf,Carl Kinscherf,
Mason,Kinsey,Mason Kinsey,
Matt,Kinzer,Matt Kinzer,
Charles,Kirby,Charles Kirby,
Jack,Kirby,Jack Kirby,
John,Kirby,John Kirby,
Terry,Kirby,Terry Kirby,
Kelly,Kirchbaum,Kelly Kirchbaum,
Bill,Kirchiro,Bill Kirchiro,
Mark,Kirchner,Mark Kirchner,
David,Kircus,David Kircus,
Christian,Kirk,Christian Kirk,
Ernest,Kirk,Ernest Kirk,
George,Kirk,George Kirk,
Ken,Kirk,Ken Kirk,
Luther,Kirk,Luther Kirk,
Randy,Kirk,Randy Kirk,
Heinie,Kirkgard,Heinie Kirkgard,
Bo,Kirkland,Bo Kirkland,
Denver,Kirkland,Denver Kirkland,
Jaxson,Kirkland,Jaxson Kirkland,
Levon,Kirkland,Levon Kirkland,
Mike,Kirkland,Mike Kirkland,
Frank,Kirkleski,Frank Kirkleski,
Red,Kirkman,Red Kirkman,
Dre,Kirkpatrick,Dre Kirkpatrick,
Christian,Kirksey,Christian Kirksey,
Jon,Kirksey,Jon Kirksey,
Roy,Kirksey,Roy Kirksey,
William,Kirksey,William Kirksey,
Keith,Kirkwood,Keith Kirkwood,
Jammie,Kirlew,Jammie Kirlew,
Gary,Kirner,Gary Kirner,
Lou,Kirouac,Lou Kirouac,
Travis,Kirschke,Travis Kirschke,
David,Kirtman,David Kirtman,
Mike,Kiselak,Mike Kiselak,
Micah,Kiser,Micah Kiser,
Paul,Kiser,Paul Kiser,
Ben,Kish,Ben Kish,
George,Kisiday,George Kisiday,
Adolph,Kissell,Adolph Kissell,
Ed,Kissell,Ed Kissell,
John,Kissell,John Kissell,
Veto,Kissell,Veto Kissell,
ily,Kitchen,ily Kitchen,
Jon,Kitna,Jon Kitna,
Syd,Kitson,Syd Kitson,
George,Kittle,George Kittle,
Kurt,Kittner,Kurt Kittner,
Paul,Kittredge,Paul Kittredge,
Jim,Kitts,Jim Kitts,
Dutch,Kitzmiller,Dutch Kitzmiller,
Mathias,Kiwanuka,Mathias Kiwanuka,
DeShone,Kizer,DeShone Kizer,
Lee,Kizzire,Lee Kizzire,
Earl,Klapstein,Earl Klapstein,
John,Klasnic,John Klasnic,
Fee,Klaus,Fee Klaus,
Dick,Klawitter,Dick Klawitter,
Dan,Klecko,Dan Klecko,
Joe,Klecko+,Joe Klecko+,
A.J.,Klein,A.J. Klein,
Bob,Klein,Bob Klein,
Dick,Klein,Dick Klein,
Elijah,Klein,Elijah Klein,
Perry,Klein,Perry Klein,
Jim,Kleinsasser,Jim Kleinsasser,
Adrian,Klemm,Adrian Klemm,
Quentin,Klenk,Quentin Klenk,
Rocky,Klever,Rocky Klever,
Ed,Klewicki,Ed Klewicki,
Adolph,Kliebhan,Adolph Kliebhan,
Tony,Klimek,Tony Klimek,
Alan,Kline,Alan Kline,
Jiggs,Kline,Jiggs Kline,
Josh,Kline,Josh Kline,
Chuck,Klingbeil,Chuck Klingbeil,
John,Klingel,John Klingel,
David,Klingler,David Klingler,
Joe,Klopfenstein,Joe Klopfenstein,
Harry,Kloppenberg,Harry Kloppenberg,
Bruce,Klosterman,Bruce Klosterman,
Don,Klosterman,Don Klosterman,
Mike,Klotovich,Mike Klotovich,
Jack,Klotz,Jack Klotz,
Al,Klug,Al Klug,
Dave,Klug,Dave Klug,
Karl,Klug,Karl Klug,
John,Klumb,John Klumb,
Nick,Klutka,Nick Klutka,
Chris,Kluwe,Chris Kluwe,
Cole,Kmet,Cole Kmet,
Pete,Kmetovic,Pete Kmetovic,
Shiner,Knab,Shiner Knab,
Glenn,Knack,Glenn Knack,
Gary,Knafelc,Gary Knafelc,
Greg,Knafelc,Greg Knafelc,
Ken,Knapczyk,Ken Knapczyk,
Lindsay,Knapp,Lindsay Knapp,
Jack,Knapper,Jack Knapper,
Jeff,Knapple,Jeff Knapple,
Bill,Knecht,Bill Knecht,
Marshawn,Kneeland,Marshawn Kneeland,
Gayle,Knief,Gayle Knief,
Brandon,Knight,Brandon Knight,
Bryan,Knight,Bryan Knight,
Charlie,Knight,Charlie Knight,
Curt,Knight,Curt Knight,
David,Knight,David Knight,
George,Knight,George Knight,
Leander,Knight,Leander Knight,
Marcus,Knight,Marcus Knight,
Pat,Knight,Pat Knight,
Qwuantrezz,Knight,Qwuantrezz Knight,
Roger,Knight,Roger Knight,
Sammy,Knight,Sammy Knight,
Shawn,Knight,Shawn Knight,
Steve,Knight,Steve Knight,
Suge,Knight,Suge Knight,
Tom,Knight,Tom Knight,
Tyrice,Knight,Tyrice Knight,
Zonovan,Knight,Zonovan Knight,
Terrance,Knighton,Terrance Knighton,
Kurt,Knoff,Kurt Knoff,
Johnny,Knolla,Johnny Knolla,
Oscar,Knop,Oscar Knop,
Larry,Knorr,Larry Knorr,
Micah,Knorr,Micah Knorr,
Jake,Knott,Jake Knott,
Bill,Knox,Bill Knox,
Charlie,Knox,Charlie Knox,
Daryl,Knox,Daryl Knox,
Dawson,Knox,Dawson Knox,
Johnny,Knox,Johnny Knox,
Kevin,Knox,Kevin Knox,
Kyle,Knox,Kyle Knox,
Mike,Knox,Mike Knox,
Ronnie,Knox,Ronnie Knox,
Sam,Knox,Sam Knox,
Gene,Knutson,Gene Knutson,
Steve,Knutson,Steve Knutson,
Matt,Koart,Matt Koart,
Steve,Kobolinski,Steve Kobolinski,
Mickey,Kobrosky,Mickey Kobrosky,
Aaron,Koch,Aaron Koch,
George,Koch,George Koch,
Greg,Koch,Greg Koch,
Markus,Koch,Markus Koch,
Pete,Koch,Pete Koch,
Polly,Koch,Polly Koch,
Sam,Koch,Sam Koch,
Mike,Kochel,Mike Kochel,
Roger,Kochman,Roger Kochman,
Dave,Kocourek,Dave Kocourek,
Kris,Kocurek,Kris Kocurek,
Joe,Kodba,Joe Kodba,
Vic,Koegel,Vic Koegel,
Warren,Koegel,Warren Koegel,
Bob,Koehler,Bob Koehler,
Marshall,Koehn,Marshall Koehn,
Michael,Koenen,Michael Koenen,
Art,Koeninger,Art Koeninger,
Dick,Koeper,Dick Koeper,
Karl,Koepfer,Karl Koepfer,
Adam,Koets,Adam Koets,
Matt,Kofler,Matt Kofler,
Dutch,Kohl,Dutch Kohl,
Joe,Kohlbrand,Joe Kohlbrand,
Kader,Kohou,Kader Kohou,
Bob,Kohrs,Bob Kohrs,
Mike,Koken,Mike Koken,
Charlie,Kolar,Charlie Kolar,
Jon,Kolb,Jon Kolb,
Kevin,Kolb,Kevin Kolb,
Elmer,Kolberg,Elmer Kolberg,
Mike,Kolen,Mike Kolen,
Bob,Kolesar,Bob Kolesar,
Larry,Kolic,Larry Kolic,
Bill,Kollar,Bill Kollar,
Louie,Kolls,Louie Kolls,
Ed,Kolman,Ed Kolman,
Ross,Kolodziej,Ross Kolodziej,
Chris,Kolodziejski,Chris Kolodziejski,
Jeremiah,Kolone,Jeremiah Kolone,
Bill,Koman,Bill Koman,
Max,Komar,Max Komar,
Jeff,Komlo,Jeff Komlo,
John,Kompara,John Kompara,
Mark,Koncar,Mark Koncar,
John,Kondrla,John Kondrla,
Mark,Konecny,Mark Konecny,
Floyd,Konetsky,Floyd Konetsky,
Jonathan,Kongbo,Jonathan Kongbo,
John,Koniszewski,John Koniszewski,
Ed,Konopasek,Ed Konopasek,
Bob,Konovsky,Bob Konovsky,
Rob,Konrad,Rob Konrad,
Jameson,Konz,Jameson Konz,
Ken,Konz,Ken Konz,
Peter,Konz,Peter Konz,
Younghoe,Koo,Younghoe Koo,
Scott,Kooistra,Scott Kooistra,
George,Koonce,George Koonce,
Malcolm,Koonce,Malcolm Koonce,
Joe,Koons,Joe Koons,
Ed,Koontz,Ed Koontz,
Joe,Koontz,Joe Koontz,
Dave,Kopay,Dave Kopay,
Joe,Kopcha,Joe Kopcha,
Lou,Koplow,Lou Koplow,
Jeff,Kopp,Jeff Kopp,
Dan,Koppen,Dan Koppen,
Walt,Koppisch,Walt Koppisch,
Mark,Korff,Mark Korff,
Ed,Korisky,Ed Korisky,
R.J.,Kors,R.J. Kors,
Ken,Kortas,Ken Kortas,
Steve,Korte,Steve Korte,
Kelvin,Korver,Kelvin Korver,
Bernie,Kosar,Bernie Kosar,
Stan,Kosel,Stan Kosel,
Terry,Kosens,Terry Kosens,
Julie,Koshlap,Julie Koshlap,
Kyle,Kosier,Kyle Kosier,
Frank,Kosikowski,Frank Kosikowski,
Gary,Kosins,Gary Kosins,
J.J.,Koski,J.J. Koski,
Stein,Koss,Stein Koss,
Ron,Kostelnik,Ron Kostelnik,
Michael,Kostiuk,Michael Kostiuk,
Stan,Kostka,Stan Kostka,
Marty,Kostos,Marty Kostos,
Tony,Kostos,Tony Kostos,
Eddie,Kotal,Eddie Kotal,
Doug,Kotar,Doug Kotar,
Rich,Kotite,Rich Kotite,
Marty,Kottler,Marty Kottler,
Arie,Kouandjio,Arie Kouandjio,
Cyrus,Kouandjio,Cyrus Kouandjio,
Niko,Koutouvides,Niko Koutouvides,
Ed,Kovac,Ed Kovac,
Jim,Kovach,Jim Kovach,
Jordan,Kovacs,Jordan Kovacs,
Bill,Kovacsy,Bill Kovacsy,
Mike,Kovaleski,Mike Kovaleski,
John,Kovatch,John Kovatch,
Johnny,Kovatch,Johnny Kovatch,
Walt,Kowalczyk,Walt Kowalczyk,
Joe,Kowalewski,Joe Kowalewski,
Bob,Kowalkowski,Bob Kowalkowski,
Scott,Kowalkowski,Scott Kowalkowski,
Al,Kowalski,Al Kowalski,
Andy,Kowalski,Andy Kowalski,
Gary,Kowalski,Gary Kowalski,
Kevin,Kowalski,Kevin Kowalski,
Nick,Kowgios,Nick Kowgios,
Ernie,Koy,Ernie Koy,
Ted,Koy,Ted Koy,
Ben,Koyack,Ben Koyack,
Scott,Kozak,Scott Kozak,
Chet,Kozel,Chet Kozel,
Bruce,Kozerski,Bruce Kozerski,
Mike,Koziak,Mike Koziak,
Brian,Kozlowski,Brian Kozlowski,
Glen,Kozlowski,Glen Kozlowski,
Mike,Kozlowski,Mike Kozlowski,
Stan,Kozlowski,Stan Kozlowski,
Joe,Kozlowsky,Joe Kozlowsky,
Tanoh,Kpassagnon,Tanoh Kpassagnon,
Dave,Kraayeveld,Dave Kraayeveld,
Michael,Kracalik,Michael Kracalik,
George,Kracum,George Kracum,
Ollie,Kraehe,Ollie Kraehe,
Eldred,Kraemer,Eldred Kraemer,
Tommy,Kraemer,Tommy Kraemer,
Reynold,Kraft,Reynold Kraft,
Rudy,Kraft,Rudy Kraft,
Tucker,Kraft,Tucker Kraft,
Greg,Kragen,Greg Kragen,
Jim,Krahl,Jim Krahl,
Merv,Krakau,Merv Krakau,
Joe,Kraker,Joe Kraker,
Joe,Krakoski,Joe Krakoski,
Joe,Krakoski,Joe Krakoski,
Gerry,Krall,Gerry Krall,
Doug,Kramer,Doug Kramer,
Erik,Kramer,Erik Kramer,
Fritz,Kramer,Fritz Kramer,
George,Kramer,George Kramer,
Jack,Kramer,Jack Kramer,
Jerry,Kramer+,Jerry Kramer+,
Jordan,Kramer,Jordan Kramer,
Kent,Kramer,Kent Kramer,
Kyle,Kramer,Kyle Kramer,
Ron,Kramer,Ron Kramer,
Tommy,Kramer,Tommy Kramer,
Matt,Kranchick,Matt Kranchick,
Ken,Kranz,Ken Kranz,
Bob,Kratch,Bob Kratch,
Dan,Kratzer,Dan Kratzer,
Babe,Kraus,Babe Kraus,
Bill,Krause,Bill Krause,
Henry,Krause,Henry Krause,
Jonathan,Krause,Jonathan Krause,
Larry,Krause,Larry Krause,
Max,Krause,Max Krause,
Paul,Krause+,Paul Krause+,
Ryan,Krause,Ryan Krause,
Barry,Krauss,Barry Krauss,
Rich,Kraynak,Rich Kraynak,
John,Kreamcheck,John Kreamcheck,
Dan,Kreider,Dan Kreider,
Steve,Kreider,Steve Kreider,
Walt,Kreinheder,Walt Kreinheder,
Casey,Kreiter,Casey Kreiter,
Rich,Kreitling,Rich Kreitling,
Joe,Krejci,Joe Krejci,
Ken,Kremer,Ken Kremer,
Karl,Kremser,Karl Kremser,
Mitch,Krenk,Mitch Krenk,
Ty,Krentler,Ty Krentler,
Craig,Krenzel,Craig Krenzel,
Keith,Krepfle,Keith Krepfle,
Mark,Krerowicz,Mark Krerowicz,
Joe,Kresky,Joe Kresky,
Eric,Kresser,Eric Kresser,
Olin,Kreutz,Olin Kreutz,
Al,Krevis,Al Krevis,
Dave,Krieg,Dave Krieg,
Jim,Krieg,Jim Krieg,
Bob,Krieger,Bob Krieger,
Earl,Krieger,Earl Krieger,
Coble,,Coble ,
Emmett,Kriel,Emmett Kriel,
Doug,Kriewald,Doug Kriewald,
Clint,Kriewaldt,Clint Kriewaldt,
John,Krimm,John Krimm,
Frank,Kring,Frank Kring,
Billy,Krisher,Billy Krisher,
Howie,Kriss,Howie Kriss,
Keaton,Kristick,Keaton Kristick,
Frank,Kristufek,Frank Kristufek,
Joe,Krivonak,Joe Krivonak,
Tyler,Kroft,Tyler Kroft,
Joe,Krol,Joe Krol,
Alex,Kroll,Alex Kroll,
Bob,Kroll,Bob Kroll,
Gary,Kroner,Gary Kroner,
Troy,Kropog,Troy Kropog,
Matt,Kroul,Matt Kroul,
Ray,Krouse,Ray Krouse,
Mike,Kruczek,Mike Kruczek,
Al,Krueger,Al Krueger,
Al,Krueger,Al Krueger,
Charlie,Krueger,Charlie Krueger,
Rolf,Krueger,Rolf Krueger,
Paul,Kruger,Paul Kruger,
Lucas,Krull,Lucas Krull,
Todd,Krumm,Todd Krumm,
Tim,Krumrie,Tim Krumrie,
Joe,Krupa,Joe Krupa,
Bob,Kruse,Bob Kruse,
Larry,Krutko,Larry Krutko,
Jerry,Krysl,Jerry Krysl,
John,Ksionzyk,John Ksionzyk,
Ray,Kubala,Ray Kubala,
Jake,Kubas,Jake Kubas,
Bob,Kuberski,Bob Kuberski,
Gary,Kubiak,Gary Kubiak,
Larry,Kubin,Larry Kubin,
Ted,Kucharski,Ted Kucharski,
Frank,Kuchta,Frank Kuchta,
Paul,Kuczo,Paul Kuczo,
Bert,Kuczynski,Bert Kuczynski,
Bob,Kuechenberg,Bob Kuechenberg,
Rudy,Kuechenberg,Rudy Kuechenberg,
Luke,Kuechly,Luke Kuechly,
Ryan,Kuehl,Ryan Kuehl,
Waddy,Kuehl,Waddy Kuehl,
Art,Kuehn,Art Kuehn,
Ray,Kuffel,Ray Kuffel,
Pete,Kugler,Pete Kugler,
Joe,Kuharich,Joe Kuharich,
John,Kuhn,John Kuhn,
Markus,Kuhn,Markus Kuhn,
Oscar,Kuhner,Oscar Kuhner,
George,Kuhrt,George Kuhrt,
Stan,Kuick,Stan Kuick,
Joe,Kulbacki,Joe Kulbacki,
Vic,Kulbitski,Vic Kulbitski,
Mike,Kullman,Mike Kullman,
Eric,Kumerow,Eric Kumerow,
Jake,Kumerow,Jake Kumerow,
Jordan,Kunaszyk,Jordan Kunaszyk,
Christian,Kuntz,Christian Kuntz,
Zack,Kuntz,Zack Kuntz,
George,Kunz,George Kunz,
Lee,Kunz,Lee Kunz,
Terry,Kunz,Terry Kunz,
Irv,Kupcinet,Irv Kupcinet,
Chris,Kuper,Chris Kuper,
Cooper,Kupp,Cooper Kupp,
Craig,Kupp,Craig Kupp,
Jake,Kupp,Jake Kupp,
Ralph,Kurek,Ralph Kurek,
Jamie,Kurisko,Jamie Kurisko,
Howard,Kurnick,Howard Kurnick,
Justin,Kurpeikis,Justin Kurpeikis,
Roy,Kurrasch,Roy Kurrasch,
Joe,Kurth,Joe Kurth,
Eric,Kush,Eric Kush,
Rod,Kush,Rod Kush,
John,Kusko,John Kusko,
Lou,Kusserow,Lou Kusserow,
Rudy,Kutler,Rudy Kutler,
Mal,Kutner,Mal Kutner,
Bill,Kuusisto,Bill Kuusisto,
Fulton,Kuykendall,Fulton Kuykendall,
Bob,Kuziel,Bob Kuziel,
John,Kuzman,John Kuzman,
Zvonimir,Kvaternik,Zvonimir Kvaternik,
John,Kvist,John Kvist,
Ted,Kwalick,Ted Kwalick,
William,Kwenkeu,William Kwenkeu,
Nick,Kwiatkoski,Nick Kwiatkoski,
Aaron,Kyle,Aaron Kyle,
Jason,Kyle,Jason Kyle,
Johnny,Kyle,Johnny Kyle,
Rip,Kyle,Rip Kyle,
Troy,Kyles,Troy Kyles,
Jeff,Kysar,Jeff Kysar,
Galen,Laack,Galen Laack,
Eric,Laakso,Eric Laakso,
Paul,Laaveg,Paul Laaveg,
Sandy,LaBeaux,Sandy LaBeaux,
Mike,Labinjo,Mike Labinjo,
Tony,LaBissoniere,Tony LaBissoniere,
Matt,LaBounty,Matt LaBounty,
Travis,LaBoy,Travis LaBoy,
Ryan,LaCasse,Ryan LaCasse,
Bob,Lacey,Bob Lacey,
Deon,Lacey,Deon Lacey,
Jacob,Lacey,Jacob Lacey,
Steve,Lach,Steve Lach,
Sean,LaChapelle,Sean LaChapelle,
Jim,Lachey,Jim Lachey,
Corbin,Lacina,Corbin Lacina,
Rick,Lackman,Rick Lackman,
Matt,LaCosse,Matt LaCosse,
Dave,LaCrosse,Dave LaCrosse,
Chris,Lacy,Chris Lacy,
Eddie,Lacy,Eddie Lacy,
Ken,Lacy,Ken Lacy,
Tyler,Lacy,Tyler Lacy,
Anthony,Ladd,Anthony Ladd,
Ernie,Ladd,Ernie Ladd,
Jim,Ladd,Jim Ladd,
Kenny,Ladler,Kenny Ladler,
L.P.,Ladouceur,L.P. Ladouceur,
Wally,Ladrow,Wally Ladrow,
Tiny,Ladson,Tiny Ladson,
Doc,LaDuron,Doc LaDuron,
Pete,Ladygo,Pete Ladygo,
Dave,Lafary,Dave Lafary,
Tron,LaFavor,Tron LaFavor,
Brandon,LaFell,Brandon LaFell,
Bill,LaFitte,Bill LaFitte,
Bill,LaFleur,Bill LaFleur,
David,LaFleur,David LaFleur,
Greg,LaFleur,Greg LaFleur,
Joe,LaFleur,Joe LaFleur,
Dick,Lage,Dick Lage,
Jeff,Lageman,Jeff Lageman,
Chet,Lagod,Chet Lagod,
Morris,LaGrand,Morris LaGrand,
Hal,Lahar,Hal Lahar,
Pat,Lahey,Pat Lahey,
Mike,LaHood,Mike LaHood,
Warren,Lahr,Warren Lahr,
Scott,Laidlaw,Scott Laidlaw,
Aaron,Laing,Aaron Laing,
Porter,Lainhart,Porter Lainhart,
Bruce,Laird,Bruce Laird,
Jim,Laird,Jim Laird,
Patrick,Laird,Patrick Laird,
Bill,Lajousky,Bill Lajousky,
Antwan,Lake,Antwan Lake,
Carnell,Lake,Carnell Lake,
Quentin,Lake,Quentin Lake,
Roland,Lakes,Roland Lakes,
Bob,Lally,Bob Lally,
Roger,LaLonde,Roger LaLonde,
Niko,Lalos,Niko Lalos,
Pete,Lamana,Pete Lamana,
Jason,Lamar,Jason Lamar,
Kevin,Lamar,Kevin Lamar,
Joe,Lamas,Joe Lamas,
Brad,Lamb,Brad Lamb,
CeeDee,Lamb,CeeDee Lamb,
Mack,Lamb,Mack Lamb,
Roddy,Lamb,Roddy Lamb,
Ron,Lamb,Ron Lamb,
Walt,Lamb,Walt Lamb,
Curly,Lambeau+,Curly Lambeau+,
DaVonte,Lambert,DaVonte Lambert,
Dion,Lambert,Dion Lambert,
Frank,Lambert,Frank Lambert,
Gordon,Lambert,Gordon Lambert,
Jack,Lambert+,Jack Lambert+,
Keenan,Lambert,Keenan Lambert,
Pat,Lamberti,Pat Lamberti,
Josh,Lambo,Josh Lambo,
Mike,Lambrecht,Mike Lambrecht,
Kendall,Lamm,Kendall Lamm,
Buck,Lamme,Buck Lamme,
Chris,Lammons,Chris Lammons,
Pete,Lammons,Pete Lammons,
Daryle,Lamonica,Daryle Lamonica,
Noel,LaMontagne,Noel LaMontagne,
Forrest,Lamp,Forrest Lamp,
Cam,Lampkin,Cam Lampkin,
Jake,Lampman,Jake Lampman,
Chuck,Lamson,Chuck Lamson,
Emmanuel,Lamur,Emmanuel Lamur,
Tyler,Lancaster,Tyler Lancaster,
Trey,Lance,Trey Lance,
Dan,Land,Dan Land,
Fred,Land,Fred Land,
Isaiah,Land,Isaiah Land,
Mel,Land,Mel Land,
Lowell,Lander,Lowell Lander,
Walter,Landers,Walter Landers,
Sean,Landeta,Sean Landeta,
Nathan,Landman,Nathan Landman,
Kevin,Landolt,Kevin Landolt,
Derek,Landri,Derek Landri,
Jim,Landrigan,Jim Landrigan,
Chris,Landrum,Chris Landrum,
Mike,Landrum,Mike Landrum,
Dawan,Landry,Dawan Landry,
Greg,Landry,Greg Landry,
Harold,Landry,Harold Landry,
Jarvis,Landry,Jarvis Landry,
LaRon,Landry,LaRon Landry,
Tom,Landry+,Tom Landry+,
Mort,Landsberg,Mort Landsberg,
Bob,Landsee,Bob Landsee,
Austen,Lane,Austen Lane,
Bobby,Lane,Bobby Lane,
Clayton,Lane,Clayton Lane,
Eric,Lane,Eric Lane,
Eric,Lane,Eric Lane,
Fred,Lane,Fred Lane,
Garcia,Lane,Garcia Lane,
Gary,Lane,Gary Lane,
Jeremy,Lane,Jeremy Lane,
Jorvorskie,Lane,Jorvorskie Lane,
Les,Lane,Les Lane,
Lew,Lane,Lew Lane,
MacArthur,Lane,MacArthur Lane,
Max,Lane,Max Lane,
Night,Train,Night Train,
Oxie,Lane,Oxie Lane,
Skip,Lane,Skip Lane,
Brandon,Lang,Brandon Lang,
Chick,Lang,Chick Lang,
David,Lang,David Lang,
Gene,Lang,Gene Lang,
Izzy,Lang,Izzy Lang,
Kenard,Lang,Kenard Lang,
Lo,Lang,Lo Lang,
T.J.,Lang,T.J. Lang,
Bob,Langas,Bob Langas,
Bill,Lange,Bill Lange,
Jim,Langer+,Jim Langer+,
Jeremy,Langford,Jeremy Langford,
Jevon,Langford,Jevon Langford,
Kendall,Langford,Kendall Langford,
Reshard,Langford,Reshard Langford,
Antonio,Langham,Antonio Langham,
Irv,Langhoff,Irv Langhoff,
Reggie,Langhorne,Reggie Langhorne,
Harvey,Langi,Harvey Langi,
Brendan,Langley,Brendan Langley,
Charlie,Lanham,Charlie Lanham,
Anthony,Lanier,Anthony Lanier,
Ken,Lanier,Ken Lanier,
Willie,Lanier+,Willie Lanier+,
Jim,Lankas,Jim Lankas,
Paul,Lankford,Paul Lankford,
Ellis,Lankster,Ellis Lankster,
Spencer,Lanning,Spencer Lanning,
Dan,Lanphear,Dan Lanphear,
Danny,Lansanah,Danny Lansanah,
Grenny,Lansdell,Grenny Lansdell,
Buck,Lansford,Buck Lansford,
Jim,Lansford,Jim Lansford,
Mike,Lansford,Mike Lansford,
Mose,Lantz,Mose Lantz,
Jake,Lanum,Jake Lanum,
Chuck,Lanza,Chuck Lanza,
Bill,Lapham,Bill Lapham,
Dave,Lapham,Dave Lapham,
Myron,Lapka,Myron Lapka,
Ted,Lapka,Ted Lapka,
Ron,LaPointe,Ron LaPointe,
Phil,LaPorta,Phil LaPorta,
Sam,LaPorta,Sam LaPorta,
Bennie,LaPresta,Bennie LaPresta,
Bob,Laraba,Bob Laraba,
Jack,Laraway,Jack Laraway,
Steve,Largent+,Steve Largent+,
Austin,Larkin,Austin Larkin,
Eric,Larkin,Eric Larkin,
Gordon,Laro,Gordon Laro,
Joey,LaRocque,Joey LaRocque,
Paul,LaRosa,Paul LaRosa,
Dan,LaRose,Dan LaRose,
Carl,Larpenter,Carl Larpenter,
Kareem,Larrimore,Kareem Larrimore,
Jack,Larscheid,Jack Larscheid,
Gary,Larsen,Gary Larsen,
Leif,Larsen,Leif Larsen,
Spencer,Larsen,Spencer Larsen,
Ted,Larsen,Ted Larsen,
Tyler,Larsen,Tyler Larsen,
Bill,Larson,Bill Larson,
Bill,Larson,Bill Larson,
Greg,Larson,Greg Larson,
Kurt,Larson,Kurt Larson,
Kyle,Larson,Kyle Larson,
Louie,Larson,Louie Larson,
Lynn,Larson,Lynn Larson,
Ojay,Larson,Ojay Larson,
Paul,Larson,Paul Larson,
Pete,Larson,Pete Larson,
Swede,Larson,Swede Larson,
Yale,Lary+,Yale Lary+,
John,Lascari,John Lascari,
Daniel,Lasco,Daniel Lasco,
Jim,Lash,Jim Lash,
Tim,Lashar,Tim Lashar,
Paul,Lasike,Paul Lasike,
Greg,Lasker,Greg Lasker,
Bill,Laskey,Bill Laskey,
Frank,Lasky,Frank Lasky,
Jim,Laslavic,Jim Laslavic,
Nick,Lassa,Nick Lassa,
Lou,Lassahn,Lou Lassahn,
Dick,Lasse,Dick Lasse,
Derrick,Lassic,Derrick Lassic,
Ike,Lassiter,Ike Lassiter,
Kamari,Lassiter,Kamari Lassiter,
Kwamie,Lassiter,Kwamie Lassiter,
Kwamie,Lassiter,Kwamie Lassiter,
Art,Laster,Art Laster,
Don,Laster,Don Laster,
Darius,Latham,Darius Latham,
JC,Latham,JC Latham,
Greg,Lathan,Greg Lathan,
Lamar,Lathon,Lamar Lathon,
Kit,Lathrop,Kit Lathrop,
Al,Latimer,Al Latimer,
Cody,Latimer,Cody Latimer,
Don,Latimer,Don Latimer,
Jerry,Latin,Jerry Latin,
Tony,Latone,Tony Latone,
Chuck,Latourette,Chuck Latourette,
Billy,Latsko,Billy Latsko,
Greg,Latta,Greg Latta,
Brian,Lattimore,Brian Lattimore,
Cedrick,Lattimore,Cedrick Lattimore,
DeDe,Lattimore,DeDe Lattimore,
Jamari,Lattimore,Jamari Lattimore,
Marshon,Lattimore,Marshon Lattimore,
Johnny,Lattner,Johnny Lattner,
Laiatu,Latu,Laiatu Latu,
Paul,Latzke,Paul Latzke,
Dylan,Laube,Dylan Laube,
Dutch,Lauer,Dutch Lauer,
Larry,Lauer,Larry Lauer,
Pete,Lauer,Pete Lauer,
Babe,Laufenberg,Babe Laufenberg,
Bud,Laughlin,Bud Laughlin,
Jim,Laughlin,Jim Laughlin,
Jim,Laughton,Jim Laughton,
Kyle,Lauletta,Kyle Lauletta,
Jonah,Laulu,Jonah Laulu,
Sataoa,Laumea,Sataoa Laumea,
Hank,Lauricella,Hank Lauricella,
Francis,Laurinaitis,Francis Laurinaitis,
James,Laurinaitis,James Laurinaitis,
Lindy,Lauro,Lindy Lauro,
Lance,Laury,Lance Laury,
Shawn,Lauvao,Shawn Lauvao,
Ted,Laux,Ted Laux,
Chad,Lavalais,Chad Lavalais,
Al,Lavan,Al Lavan,
Dante,Lavelli+,Dante Lavelli+,
Joe,Lavender,Joe Lavender,
Robert,Lavette,Robert Lavette,
Paul,Lavine,Paul Lavine,
Cordarro,Law,Cordarro Law,
Dennis,Law,Dennis Law,
Hubbard,Law,Hubbard Law,
John,Law,John Law,
Ty,Law+,Ty Law+,
Al,Lawler,Al Lawler,
Justin,Lawler,Justin Lawler,
Burton,Lawless,Burton Lawless,
Amos,Lawrence,Amos Lawrence,
Ben,Lawrence,Ben Lawrence,
Cameron,Lawrence,Cameron Lawrence,
DeMarcus,Lawrence,DeMarcus Lawrence,
Devaroe,Lawrence,Devaroe Lawrence,
Dexter,Lawrence,Dexter Lawrence,
Don,Lawrence,Don Lawrence,
Ed,Lawrence,Ed Lawrence,
Henry,Lawrence,Henry Lawrence,
Jimmy,Lawrence,Jimmy Lawrence,
Kent,Lawrence,Kent Lawrence,
Larry,Lawrence,Larry Lawrence,
Marcus,Lawrence,Marcus Lawrence,
Matt,Lawrence,Matt Lawrence,
Quinten,Lawrence,Quinten Lawrence,
Rashard,Lawrence,Rashard Lawrence,
Reggie,Lawrence,Reggie Lawrence,
Rolland,Lawrence,Rolland Lawrence,
Trevor,Lawrence,Trevor Lawrence,
Nate,Lawrie,Nate Lawrie,
Joe,Laws,Joe Laws,
Trevor,Laws,Trevor Laws,
Al,Lawson,Al Lawson,
Carl,Lawson,Carl Lawson,
Gerard,Lawson,Gerard Lawson,
Jamie,Lawson,Jamie Lawson,
Jerry,Lawson,Jerry Lawson,
Jim,Lawson,Jim Lawson,
Manny,Lawson,Manny Lawson,
Nevin,Lawson,Nevin Lawson,
Odell,Lawson,Odell Lawson,
Roger,Lawson,Roger Lawson,
Shaq,Lawson,Shaq Lawson,
Steve,Lawson,Steve Lawson,
Luke,Lawton,Luke Lawton,
Russ,Lay,Russ Lay,
Bob,Layden,Bob Layden,
Pete,Layden,Pete Layden,
Jason,Layman,Jason Layman,
Bobby,Layne+,Bobby Layne+,
George,Layne,George Layne,
Justin,Layne,Justin Layne,
Raheem,Layne,Raheem Layne,
John,Layport,John Layport,
Allen,Lazard,Allen Lazard,
Bill,Lazetich,Bill Lazetich,
Mike,Lazetich,Mike Lazetich,
Pete,Lazetich,Pete Lazetich,
Paul,Lea,Paul Lea,
Bill,Leach,Bill Leach,
Mike,Leach,Mike Leach,
Scott,Leach,Scott Leach,
Vonta,Leach,Vonta Leach,
Gar,Leaf,Gar Leaf,
Ryan,Leaf,Ryan Leaf,
Bernie,Leahy,Bernie Leahy,
Bob,Leahy,Bob Leahy,
Jerry,Leahy,Jerry Leahy,
Pat,Leahy,Pat Leahy,
Javon,Leake,Javon Leake,
John,Leake,John Leake,
Roosevelt,Leaks,Roosevelt Leaks,
DeMarvin,Leal,DeMarvin Leal,
Wes,Leaper,Wes Leaper,
Les,Lear,Les Lear,
Ronald,Leary,Ronald Leary,
Tom,Leary,Tom Leary,
Wesley,Leasy,Wesley Leasy,
Paul,Leatherman,Paul Leatherman,
Milton,Leathers,Milton Leathers,
Alex,Leatherwood,Alex Leatherwood,
Allan,Leavitt,Allan Leavitt,
Dallin,Leavitt,Dallin Leavitt,
Frank,Leavitt,Frank Leavitt,
Eddie,LeBaron,Eddie LeBaron,
Dick,LeBeau+,Dick LeBeau+,
Harper,LeBel,Harper LeBel,
Fungy,Lebengood,Fungy Lebengood,
Ben,Leber,Ben Leber,
Bob,Leberman,Bob Leberman,
Bob,LeBlanc,Bob LeBlanc,
Clarence,LeBlanc,Clarence LeBlanc,
von,LeBlanc,von LeBlanc,
Michael,LeBlanc,Michael LeBlanc,
Shane,Lechler,Shane Lechler,
Ed,Lechner,Ed Lechner,
Roy,Lechthaler,Roy Lechthaler,
Nick,Leckey,Nick Leckey,
Bill,Leckonby,Bill Leckonby,
Jim,LeClair,Jim LeClair,
Jim,LeClair,Jim LeClair,
Roger,LeClerc,Roger LeClerc,
Terry,LeCount,Terry LeCount,
Richard,LeCounte,Richard LeCounte,
Jim,Lecture,Jim Lecture,
Doc,Ledbetter,Doc Ledbetter,
Jeremiah,Ledbetter,Jeremiah Ledbetter,
Jonathan,Ledbetter,Jonathan Ledbetter,
Monte,Ledbetter,Monte Ledbetter,
Toy,Ledbetter,Toy Ledbetter,
Dwayne,Ledford,Dwayne Ledford,
Courtney,Ledyard,Courtney Ledyard,
Hal,Ledyard,Hal Ledyard,
Amp,Lee,Amp Lee,
Andy,Lee,Andy Lee,
Bernie,Lee,Bernie Lee,
Biff,Lee,Biff Lee,
Bill,Lee,Bill Lee,
Bivian,Lee,Bivian Lee,
Bob,Lee,Bob Lee,
Bob,Lee,Bob Lee,
Bobby,Lee,Bobby Lee,
Byron,Lee,Byron Lee,
Cameron,Lee,Cameron Lee,
Carl,Lee,Carl Lee,
Charles,Lee,Charles Lee,
Danzell,Lee,Danzell Lee,
Darron,Lee,Darron Lee,
David,Lee,David Lee,
Delphfrine,Lee,Delphfrine Lee,
Donald,Lee,Donald Lee,
Dwight,Lee,Dwight Lee,
Edward,Lee,Edward Lee,
Elijah,Lee,Elijah Lee,
Eric,Lee,Eric Lee,
Gary,Lee,Gary Lee,
Gene,Lee,Gene Lee,
Greg,Lee,Greg Lee,
Herman,Lee,Herman Lee,
Jack,Lee,Jack Lee,
Jacky,Lee,Jacky Lee,
James,Lee,James Lee,
James,Lee,James Lee,
Jeff,Lee,Jeff Lee,
John,Lee,John Lee,
John,Lee,John Lee,
Keith,Lee,Keith Lee,
Ken,Lee,Ken Lee,
Kevin,Lee,Kevin Lee,
Khari,Lee,Khari Lee,
Larry,Lee,Larry Lee,
Lloyd,Lee,Lloyd Lee,
Mark,Lee,Mark Lee,
Marqise,Lee,Marqise Lee,
Marquel,Lee,Marquel Lee,
Matt,Lee,Matt Lee,
Mike,Lee,Mike Lee,
Monte,Lee,Monte Lee,
Oudious,Lee,Oudious Lee,
Pat,Lee,Pat Lee,
ReShard,Lee,ReShard Lee,
Ricky,Lee,Ricky Lee,
Ron,Lee,Ron Lee,
Ronnie,Lee,Ronnie Lee,
Sean,Lee,Sean Lee,
Shawn,Lee,Shawn Lee,
Willie,Lee,Willie Lee,
Zeph,Lee,Zeph Lee,
Tuffy,Leemans+,Tuffy Leemans+,
Max,Leetzow,Max Leetzow,
Dick,Leeuwenburg,Dick Leeuwenburg,
Jay,Leeuwenburg,Jay Leeuwenburg,
Billy,Lefear,Billy Lefear,
Gil,LeFebvre,Gil LeFebvre,
Joe,Lefeged,Joe Lefeged,
Clyde,LeForce,Clyde LeForce,
Dick,Leftridge,Dick Leftridge,
Byron,Leftwich,Byron Leftwich,
Burnie,Legette,Burnie Legette,
Tyrone,Legette,Tyrone Legette,
Xavier,Legette,Xavier Legette,
Brad,Leggett,Brad Leggett,
Dave,Leggett,Dave Leggett,
Earl,Leggett,Earl Leggett,
Jordan,Leggett,Jordan Leggett,
Maurice,Leggett,Maurice Leggett,
Scott,Leggett,Scott Leggett,
John,Leglue,John Leglue,
Lance,Legree,Lance Legree,
Doug,Legursky,Doug Legursky,
Michael,Lehan,Michael Lehan,
Teddy,Lehman,Teddy Lehman,
Matt,Lehr,Matt Lehr,
Chris,Lehrer,Chris Lehrer,
Jake,Leicht,Jake Leicht,
Jeff,Leiding,Jeff Leiding,
Brian,Leigeb,Brian Leigeb,
Charlie,Leigh,Charlie Leigh,
Dutch,Leighty,Dutch Leighty,
Tony,Leiker,Tony Leiker,
Matt,Leinart,Matt Leinart,
Rube,Leisk,Rube Leisk,
Rodney,Leisle,Rodney Leisle,
Al,Leith,Al Leith,
Norman,LeJeune,Norman LeJeune,
Walt,LeJeune,Walt LeJeune,
Brad,Lekkerkerker,Brad Lekkerkerker,
Cory,Lekkerkerker,Cory Lekkerkerker,
Ashley,Lelie,Ashley Lelie,
Tim,Lelito,Tim Lelito,
Frank,LeMaster,Frank LeMaster,
Ray,Lemek,Ray Lemek,
Shane,Lemieux,Shane Lemieux,
Bruce,Lemmerman,Bruce Lemmerman,
Jim,LeMoine,Jim LeMoine,
Cleo,Lemon,Cleo Lemon,
Cliff,Lemon,Cliff Lemon,
Mike,Lemon,Mike Lemon,
Orie,Lemon,Orie Lemon,
Corey,Lemonier,Corey Lemonier,
Jessie,Lemonier,Jessie Lemonier,
Devin,Lemons,Devin Lemons,
George,Lenc,George Lenc,
Matt,Lengel,Matt Lengel,
Bill,Lenkaitis,Bill Lenkaitis,
Reid,Lennon,Reid Lennon,
Charles,Leno,Charles Leno,
Deommodore,Lenoir,Deommodore Lenoir,
Lance,Lenoir,Lance Lenoir,
Paris,Lenon,Paris Lenon,
Greg,Lens,Greg Lens,
Vince,Lensing,Vince Lensing,
Jack,Lentz,Jack Lentz,
Pesky,Lentz,Pesky Lentz,
Bobby,Leo,Bobby Leo,
Charley,Leo,Charley Leo,
Jim,Leo,Jim Leo,
Titus,Leo,Titus Leo,
Tony,Leon,Tony Leon,
Bill,Leonard,Bill Leonard,
Brian,Leonard,Brian Leonard,
Cecil,Leonard,Cecil Leonard,
Deane,Leonard,Deane Leonard,
Jim,Leonard,Jim Leonard,
Jim,Leonard,Jim Leonard,
Jim,Leonard,Jim Leonard,
John,Leonard,John Leonard,
Louis,Leonard,Louis Leonard,
Matt,Leonard,Matt Leonard,
Rick,Leonard,Rick Leonard,
Shaquille,Leonard,Shaquille Leonard,
Tony,Leonard,Tony Leonard,
Bob,Leonetti,Bob Leonetti,
Jim,Leonhard,Jim Leonhard,
Brian,Leonhardt,Brian Leonhardt,
Bobby,Leopold,Bobby Leopold,
Eku,Leota,Eku Leota,
Barney,Lepper,Barney Lepper,
Matt,Lepsis,Matt Lepsis,
Josh,LeRibeus,Josh LeRibeus,
Emarlos,Leroy,Emarlos Leroy,
Jimmy,Lesane,Jimmy Lesane,
Ron,Leshinski,Ron Leshinski,
Mikel,Leshoure,Mikel Leshoure,
Jordan,Leslie,Jordan Leslie,
Darrell,Lester,Darrell Lester,
Darrell,Lester,Darrell Lester,
Keith,Lester,Keith Lester,
Pinky,Lester,Pinky Lester,
Robert,Lester,Robert Lester,
Tim,Lester,Tim Lester,
Jeremy,LeSueur,Jeremy LeSueur,
Zebbie,Lethridge,Zebbie Lethridge,
Russ,Letlow,Russ Letlow,
Cotton,Letner,Cotton Letner,
Jim,Letsinger,Jim Letsinger,
Leon,Lett,Leon Lett,
Steve,Levanitis,Steve Levanitis,
Lou,Levanti,Lou Levanti,
Jack,LeVeck,Jack LeVeck,
Dwayne,Levels,Dwayne Levels,
Dave,Levenick,Dave Levenick,
Dorsey,Levens,Dorsey Levens,
Mike,Levenseller,Mike Levenseller,
Nick,Leverett,Nick Leverett,
Otis,Leverette,Otis Leverette,
Jim,Levey,Jim Levey,
Jerry,LeVias,Jerry LeVias,
Corey,Levin,Corey Levin,
Anthony,Levine,Anthony Levine,
Bashir,Levingston,Bashir Levingston,
Pep,Levingston,Pep Levingston,
Will,Levis,Will Levis,
Andy,Levitre,Andy Levitre,
Chad,Levitt,Chad Levitt,
Mark,LeVoir,Mark LeVoir,
Chuck,Levy,Chuck Levy,
DeAndre,Levy,DeAndre Levy,
Harvey,Levy,Harvey Levy,
Len,Levy,Len Levy,
Taylor,Lewan,Taylor Lewan,
Verne,Lewellen,Verne Lewellen,
Albert,Lewis,Albert Lewis,
Alex,Lewis,Alex Lewis,
Alex,Lewis,Alex Lewis,
Art,Lewis,Art Lewis,
Art,Lewis,Art Lewis,
Bill,Lewis,Bill Lewis,
Bill,Lewis,Bill Lewis,
Cameron,Lewis,Cameron Lewis,
Chad,Lewis,Chad Lewis,
Cliff,Lewis,Cliff Lewis,
Cliff,Lewis,Cliff Lewis,
D.D.,Lewis,D.D. Lewis,
D.D.,Lewis,D.D. Lewis,
Damien,Lewis,Damien Lewis,
Damione,Lewis,Damione Lewis,
Dan,Lewis,Dan Lewis,
Darren,Lewis,Darren Lewis,
Darryl,Lewis,Darryl Lewis,
Darryll,Lewis,Darryll Lewis,
Dave,Lewis,Dave Lewis,
Dave,Lewis,Dave Lewis,
David,Lewis,David Lewis,
Derrick,Lewis,Derrick Lewis,
Dezmin,Lewis,Dezmin Lewis,
Dion,Lewis,Dion Lewis,
Eddie,Lewis,Eddie Lewis,
Ernie,Lewis,Ernie Lewis,
Frank,Lewis,Frank Lewis,
Franklin,Lewis,Franklin Lewis,
Garry,Lewis,Garry Lewis,
Gary,Lewis,Gary Lewis,
Gary,Lewis,Gary Lewis,
Gary,Lewis,Gary Lewis,
Greg,Lewis,Greg Lewis,
Greg,Lewis,Greg Lewis,
Hal,Lewis,Hal Lewis,
Hal,Lewis,Hal Lewis,
Henry,Lewis,Henry Lewis,
Jamal,Lewis,Jamal Lewis,
Jeff,Lewis,Jeff Lewis,
Jermaine,Lewis,Jermaine Lewis,
Jess,Lewis,Jess Lewis,
Joe,Lewis,Joe Lewis,
John,Lewis,John Lewis,
Jonas,Lewis,Jonas Lewis,
Jonathan,Lewis,Jonathan Lewis,
Jourdan,Lewis,Jourdan Lewis,
Keenan,Lewis,Keenan Lewis,
Keith,Lewis,Keith Lewis,
Kendrick,Lewis,Kendrick Lewis,
Kenny,Lewis,Kenny Lewis,
Kevin,Lewis,Kevin Lewis,
Kevin,Lewis,Kevin Lewis,
Lance,Lewis,Lance Lewis,
LaTroy,Lewis,LaTroy Lewis,
Leo,Lewis,Leo Lewis,
LeQuan,Lewis,LeQuan Lewis,
Mac,Lewis,Mac Lewis,
Marcedes,Lewis,Marcedes Lewis,
Mark,Lewis,Mark Lewis,
Marvin,Lewis,Marvin Lewis,
Michael,Lewis,Michael Lewis,
Michael,Lewis,Michael Lewis,
Mike,Lewis,Mike Lewis,
Mo,Lewis,Mo Lewis,
Myron,Lewis,Myron Lewis,
Nate,Lewis,Nate Lewis,
Patrick,Lewis,Patrick Lewis,
Ray,Lewis+,Ray Lewis+,
Reggie,Lewis,Reggie Lewis,
Reggie,Lewis,Reggie Lewis,
Rich,Lewis,Rich Lewis,
Roderick,Lewis,Roderick Lewis,
Rodney,Lewis,Rodney Lewis,
Roger,Lewis,Roger Lewis,
Ron,Lewis,Ron Lewis,
Ron,Lewis,Ron Lewis,
Ronnell,Lewis,Ronnell Lewis,
Roy,Lewis,Roy Lewis,
Ryan,Lewis,Ryan Lewis,
Sherman,Lewis,Sherman Lewis,
Sid,Lewis,Sid Lewis,
Stan,Lewis,Stan Lewis,
Tahaun,Lewis,Tahaun Lewis,
Terrell,Lewis,Terrell Lewis,
Terry,Lewis,Terry Lewis,
Thaddeus,Lewis,Thaddeus Lewis,
Thomas,Lewis,Thomas Lewis,
Tim,Lewis,Tim Lewis,
Tiny,Lewis,Tiny Lewis,
Tommylee,Lewis,Tommylee Lewis,
Travis,Lewis,Travis Lewis,
Trey,Lewis,Trey Lewis,
Tyquan,Lewis,Tyquan Lewis,
Vernon,Lewis,Vernon Lewis,
Will,Lewis,Will Lewis,
Woodley,Lewis,Woodley Lewis,
Harris,,Harris ,
Moore,,Moore ,
Tex,Leyendecker,Tex Leyendecker,
John,Leypoldt,John Leypoldt,
Victor,Leyva,Victor Leyva,
Kory,Lichtensteiger,Kory Lichtensteiger,
Dennis,Lick,Dennis Lick,
Cully,Lidberg,Cully Lidberg,
Brody,Liddiard,Brody Liddiard,
Dave,Liddick,Dave Liddick,
Frank,Liebel,Frank Liebel,
Todd,Liebenstein,Todd Liebenstein,
Don,Lieberum,Don Lieberum,
Mike,Liedtke,Mike Liedtke,
Bob,Liggett,Bob Liggett,
Alex,Light,Alex Light,
Matt,Light,Matt Light,
Isaiah,Likely,Isaiah Likely,
Alva,Liles,Alva Liles,
Sonny,Liles,Sonny Liles,
George,Lilja,George Lilja,
Ryan,Lilja,Ryan Lilja,
Joe,Lillard,Joe Lillard,
Bob,Lilly+,Bob Lilly+,
Kevin,Lilly,Kevin Lilly,
Sammy,Lilly,Sammy Lilly,
Tony,Lilly,Tony Lilly,
Verl,Lillywhite,Verl Lillywhite,
Garrett,Limbrick,Garrett Limbrick,
Beaux,Limmer,Beaux Limmer,
Dave,Lince,Dave Lince,
Jeremy,Lincoln,Jeremy Lincoln,
Keith,Lincoln,Keith Lincoln,
Mike,Lind,Mike Lind,
Joe,Lindahl,Joe Lindahl,
Rian,Lindell,Rian Lindell,
Errol,Linden,Errol Linden,
Brandon,Linder,Brandon Linder,
Tyler,Linderbaum,Tyler Linderbaum,
Ryan,Lindley,Ryan Lindley,
Trevard,Lindley,Trevard Lindley,
Luke,Lindon,Luke Lindon,
Al,Lindow,Al Lindow,
Paul,Lindquist,Paul Lindquist,
Everett,Lindsay,Everett Lindsay,
Phillip,Lindsay,Phillip Lindsay,
Dale,Lindsey,Dale Lindsey,
Hub,Lindsey,Hub Lindsey,
Jim,Lindsey,Jim Lindsey,
Menz,Lindsey,Menz Lindsey,
Steve,Lindsey,Steve Lindsey,
Vic,Lindskog,Vic Lindskog,
Alec,Lindstrom,Alec Lindstrom,
Chris,Lindstrom,Chris Lindstrom,
Chris,Lindstrom,Chris Lindstrom,
Dave,Lindstrom,Dave Lindstrom,
Bill,Line,Bill Line,
Zach,Line,Zach Line,
Bob,Lingenfelter,Bob Lingenfelter,
Goran,Lingmerth,Goran Lingmerth,
Adam,Lingner,Adam Lingner,
Chim,Lingrel,Chim Lingrel,
Toni,Linhart,Toni Linhart,
Jack,Lininger,Jack Lininger,
Jeff,Linkenbach,Jeff Linkenbach,
Jack,Linn,Jack Linn,
Frank,Linnan,Frank Linnan,
Aubrey,Linne,Aubrey Linne,
Larry,Linne,Larry Linne,
Chris,Linnin,Chris Linnin,
Corey,Linsley,Corey Linsley,
Jonathan,Linton,Jonathan Linton,
Joe,Lintzenich,Joe Lintzenich,
Augie,Lio,Augie Lio,
Jim,Lipinski,Jim Lipinski,
Ronnie,Lippett,Ronnie Lippett,
Tony,Lippett,Tony Lippett,
Louis,Lipps,Louis Lipps,
Gene,Lipscomb,Gene Lipscomb,
Paul,Lipscomb,Paul Lipscomb,
John,Lipski,John Lipski,
Don,Lisbon,Don Lisbon,
Rusty,Lisch,Rusty Lisch,
Tony,Liscio,Tony Liscio,
Pete,Liske,Pete Liske,
Sean,Lissemore,Sean Lissemore,
Paul,Liston,Paul Liston,
Ed,Listopad,Ed Listopad,
Greg,Liter,Greg Liter,
Red,Litkus,Red Litkus,
Cam,Little,Cam Little,
Dave,Little,Dave Little,
David,Little,David Little,
Earl,Little,Earl Little,
Everett,Little,Everett Little,
Floyd,Little+,Floyd Little+,
George,Little,George Little,
Greg,Little,Greg Little,
Greg,Little,Greg Little,
Jack,Little,Jack Little,
Jim,Little,Jim Little,
John,Little,John Little,
Larry,Little+,Larry Little+,
Leonard,Little,Leonard Little,
Lou,Little,Lou Little,
Steve,Little,Steve Little,
Walker,Little,Walker Little,
Joe,Little,Joe Little,
Carl,Littlefield,Carl Littlefield,
Cory,Littleton,Cory Littleton,
Jody,Littleton,Jody Littleton,
Marist,Liufau,Marist Liufau,
Corey,Liuget,Corey Liuget,
Mickey,Livers,Mickey Livers,
Virgil,Livers,Virgil Livers,
Nate,Livings,Nate Livings,
Andy,Livingston,Andy Livingston,
Bruce,Livingston,Bruce Livingston,
Cliff,Livingston,Cliff Livingston,
Dale,Livingston,Dale Livingston,
Howie,Livingston,Howie Livingston,
Mike,Livingston,Mike Livingston,
Ted,Livingston,Ted Livingston,
Walt,Livingston,Walt Livingston,
Warren,Livingston,Warren Livingston,
Bob,Livingstone,Bob Livingstone,
Chris,Liwienski,Chris Liwienski,
Brandon,Lloyd,Brandon Lloyd,
Dan,Lloyd,Dan Lloyd,
Dave,Lloyd,Dave Lloyd,
Devin,Lloyd,Devin Lloyd,
Doug,Lloyd,Doug Lloyd,
Greg,Lloyd,Greg Lloyd,
Greg,Lloyd,Greg Lloyd,
Jeff,Lloyd,Jeff Lloyd,
MarShawn,Lloyd,MarShawn Lloyd,
Rhys,Lloyd,Rhys Lloyd,
Phil,Loadholt,Phil Loadholt,
Bill,Lobenstein,Bill Lobenstein,
Greg,Loberg,Greg Loberg,
Drew,Lock,Drew Lock,
Jeff,Locke,Jeff Locke,
P.J.,Locke,P.J. Locke,
Jake,Locker,Jake Locker,
Bret,Lockett,Bret Lockett,
Charles,Lockett,Charles Lockett,
Danny,Lockett,Danny Lockett,
Frank,Lockett,Frank Lockett,
J.W.,Lockett,J.W. Lockett,
Kevin,Lockett,Kevin Lockett,
Tyler,Lockett,Tyler Lockett,
Wade,Lockett,Wade Lockett,
Ricardo,Lockette,Ricardo Lockette,
Eugene,Lockhart,Eugene Lockhart,
Spider,Lockhart,Spider Lockhart,
Sean,Locklear,Sean Locklear,
Michael,Lockley,Michael Lockley,
Billy,Locklin,Billy Locklin,
Kerry,Locklin,Kerry Locklin,
Scott,Lockwood,Scott Lockwood,
Mike,Lodish,Mike Lodish,
Cullen,Loeffler,Cullen Loeffler,
Dick,Loepfe,Dick Loepfe,
Chuck,Loewen,Chuck Loewen,
Mitchell,Loewen,Mitchell Loewen,
Curtis,Lofton,Curtis Lofton,
James,Lofton+,James Lofton+,
Oscar,Lofton,Oscar Lofton,
Steve,Lofton,Steve Lofton,
Andy,Logan,Andy Logan,
Bennie,Logan,Bennie Logan,
Chuck,Logan,Chuck Logan,
Dave,Logan,Dave Logan,
David,Logan,David Logan,
Dick,Logan,Dick Logan,
Ernie,Logan,Ernie Logan,
James,Logan,James Logan,
Jerry,Logan,Jerry Logan,
Jim,Logan,Jim Logan,
Marc,Logan,Marc Logan,
Mike,Logan,Mike Logan,
Obert,Logan,Obert Logan,
Randy,Logan,Randy Logan,
Stefan,Logan,Stefan Logan,
T.J.,Logan,T.J. Logan,
Bob,Logel,Bob Logel,
Zion,Logue,Zion Logue,
John,Lohmeyer,John Lohmeyer,
Chip,Lohmiller,Chip Lohmiller,
Joe,Lokanc,Joe Lokanc,
Derek,Lokey,Derek Lokey,
Slick,Lollar,Slick Lollar,
Al,Lolotai,Al Lolotai,
Tony,Lomack,Tony Lomack,
John,Lomakoski,John Lomakoski,
Mark,Lomas,Mark Lomas,
Tom,Lomasney,Tom Lomasney,
Neil,Lomax,Neil Lomax,
Antonio,London,Antonio London,
Brandon,London,Brandon London,
Drake,London,Drake London,
LaCale,London,LaCale London,
Mike,London,Mike London,
Tom,London,Tom London,
Frank,Lone,Frank Lone,
Ted,Lone,Ted Lone,
Keith,Loneker,Keith Loneker,
Bill,Long,Bill Long,
Bob,Long,Bob Long,
Bob,Long,Bob Long,
Bob,Long,Bob Long,
Buford,Long,Buford Long,
Carson,Long,Carson Long,
Charley,Long,Charley Long,
Chris,Long,Chris Long,
Chuck,Long,Chuck Long,
Darren,Long,Darren Long,
Dave,Long,Dave Long,
David,Long,David Long,
David,Long,David Long,
Doug,Long,Doug Long,
Harvey,Long,Harvey Long,
Howie,Long+,Howie Long+,
Hunter,Long,Hunter Long,
Jake,Long,Jake Long,
Jerome,Long,Jerome Long,
Johnny,Long,Johnny Long,
Ken,Long,Ken Long,
Kevin,Long,Kevin Long,
Kevin,Long,Kevin Long,
Khari,Long,Khari Long,
Kyle,Long,Kyle Long,
Lance,Long,Lance Long,
Louie,Long,Louie Long,
Matt,Long,Matt Long,
Mel,Long,Mel Long,
Mike,Long,Mike Long,
Rien,Long,Rien Long,
Spencer,Long,Spencer Long,
Terry,Long,Terry Long,
Tim,Long,Tim Long,
Tom,Long,Tom Long,
Ty,Long,Ty Long,
Steve,Longa,Steve Longa,
Matt,Longacre,Matt Longacre,
Ken,Longenecker,Ken Longenecker,
Clint,Longley,Clint Longley,
Sam,Longmire,Sam Longmire,
Tom,Longo,Tom Longo,
Roy,Longstreet,Roy Longstreet,
Paul,Longua,Paul Longua,
Ryan,Longwell,Ryan Longwell,
Dean,Look,Dean Look,
John,Lookabaugh,John Lookabaugh,
Dane,Looker,Dane Looker,
Ace,Loomis,Ace Loomis,
Don,Looney,Don Looney,
James,Looney,James Looney,
Jim,Looney,Jim Looney,
Joe,Looney,Joe Looney,
Joe,Don,Joe Don,
Bill,Lopasky,Bill Lopasky,
Daniel,Loper,Daniel Loper,
Roy,Lopez,Roy Lopez,
Tom,Lopienski,Tom Lopienski,
Karl,Lorch,Karl Lorch,
Jack,Lord,Jack Lord,
Jammal,Lord,Jammal Lord,
Jared,Lorenzen,Jared Lorenzen,
Tony,Lorick,Tony Lorick,
Erik,Lorig,Erik Lorig,
Jack,Losch,Jack Losch,
J.P.,Losman,J.P. Losman,
Craig,Loston,Craig Loston,
Ed,Lothamer,Ed Lothamer,
Billy,Lothridge,Billy Lothridge,
Andre,Lott,Andre Lott,
Anthone,Lott,Anthone Lott,
Billy,Lott,Billy Lott,
John,Lott,John Lott,
John,Lott,John Lott,
Ronnie,Lott+,Ronnie Lott+,
Thomas,Lott,Thomas Lott,
John,Lotulelei,John Lotulelei,
Star,Lotulelei,Star Lotulelei,
Ron,Lou,Ron Lou,
Fletcher,Louallen,Fletcher Louallen,
Corey,Louchiey,Corey Louchiey,
Alvin,Loucks,Alvin Loucks,
Ed,Loucks,Ed Loucks,
Kamil,Loud,Kamil Loud,
Rommie,Loudd,Rommie Loudd,
Tom,Louderback,Tom Louderback,
Isaiahh,Loudermilk,Isaiahh Loudermilk,
Lamar,Louis,Lamar Louis,
Lance,Louis,Lance Louis,
Ricardo,Louis,Ricardo Louis,
Jean,,Jean ,
Angelo,Loukas,Angelo Loukas,
Rick,Lovato,Rick Lovato,
Clarence,Love,Clarence Love,
Duval,Love,Duval Love,
John,Love,John Love,
Jordan,Love,Jordan Love,
Julian,Love,Julian Love,
Kyle,Love,Kyle Love,
Mike,Love,Mike Love,
Randy,Love,Randy Love,
Sean,Love,Sean Love,
Terry,Love,Terry Love,
Walt,Love,Walt Love,
Calvin,Loveall,Calvin Loveall,
Edwin,Lovelady,Edwin Lovelady,
Josh,Lovelady,Josh Lovelady,
Fritz,Loven,Fritz Loven,
David,Loverne,David Loverne,
John,LoVetere,John LoVetere,
John,Lovett,John Lovett,
Derek,Loville,Derek Loville,
Warren,Loving,Warren Loving,
Frank,LoVuolo,Frank LoVuolo,
Kirk,Lowdermilk,Kirk Lowdermilk,
Bulger,Lowe,Bulger Lowe,
Gary,Lowe,Gary Lowe,
Lloyd,Lowe,Lloyd Lowe,
Omare,Lowe,Omare Lowe,
Paul,Lowe,Paul Lowe,
Reggie,Lowe,Reggie Lowe,
Vederian,Lowe,Vederian Lowe,
Walter,Lowe,Walter Lowe,
Woodrow,Lowe,Woodrow Lowe,
Darby,Lowery,Darby Lowery,
Dwight,Lowery,Dwight Lowery,
Hugh,Lowery,Hugh Lowery,
Michael,Lowery,Michael Lowery,
Nick,Lowery,Nick Lowery,
Calvin,Lowry,Calvin Lowry,
Dean,Lowry,Dean Lowry,
Orlando,Lowry,Orlando Lowry,
Quentin,Lowry,Quentin Lowry,
Jackie,Lowther,Jackie Lowther,
Alex,Loyd,Alex Loyd,
Jeremy,Loyd,Jeremy Loyd,
Mike,Loyd,Mike Loyd,
Shalom,Luani,Shalom Luani,
Steve,Lubischer,Steve Lubischer,
Lou,Lubratovich,Lou Lubratovich,
Abraham,Lucas,Abraham Lucas,
Al,Lucas,Al Lucas,
Chad,Lucas,Chad Lucas,
Chase,Lucas,Chase Lucas,
Cornelius,Lucas,Cornelius Lucas,
Dick,Lucas,Dick Lucas,
Jeff,Lucas,Jeff Lucas,
Jordan,Lucas,Jordan Lucas,
Justin,Lucas,Justin Lucas,
Ken,Lucas,Ken Lucas,
Ray,Lucas,Ray Lucas,
Richie,Lucas,Richie Lucas,
Tim,Lucas,Tim Lucas,
Mike,Lucci,Mike Lucci,
Derrel,Luce,Derrel Luce,
Lew,Luce,Lew Luce,
John,Lucente,John Lucente,
Nick,Luchey,Nick Luchey,
Corey,Luciano,Corey Luciano,
Wayne,Lucier,Wayne Lucier,
Andrew,Luck,Andrew Luck,
Oliver,Luck,Oliver Luck,
Terry,Luck,Terry Luck,
Mick,Luckhurst,Mick Luckhurst,
Sid,Luckman+,Sid Luckman+,
Bill,Lucky,Bill Lucky,
Mike,Lucky,Mike Lucky,
Bill,Lueck,Bill Lueck,
Hunter,Luepke,Hunter Luepke,
Don,Luft,Don Luft,
Nolan,Luhn,Nolan Luhn,
Jonathan,Luigs,Jonathan Luigs,
Johnny,Lujack,Johnny Lujack,
Cole,Luke,Cole Luke,
Steve,Luke,Steve Luke,
Tommy,Luke,Tommy Luke,
Triandos,Luke,Triandos Luke,
Tom,Luken,Tom Luken,
Jim,Lukens,Jim Lukens,
Jesse,Luketa,Jesse Luketa,
Jack,Lummus,Jack Lummus,
Father,Lumpkin,Father Lumpkin,
Joey,Lumpkin,Joey Lumpkin,
Kregg,Lumpkin,Kregg Lumpkin,
Ricky,Lumpkin,Ricky Lumpkin,
Ron,Lumpkin,Ron Lumpkin,
Sean,Lumpkin,Sean Lumpkin,
Bobby,Luna,Bobby Luna,
Dave,Lunceford,Dave Lunceford,
Bill,Lund,Bill Lund,
Kayo,Lunday,Kayo Lunday,
Brad,Lundblade,Brad Lundblade,
Bob,Lundell,Bob Lundell,
Dennis,Lundy,Dennis Lundy,
Lamar,Lundy,Lamar Lundy,
Wali,Lundy,Wali Lundy,
Charlie,Lungren,Charlie Lungren,
Mel,Lunsford,Mel Lunsford,
Jerry,Lunz,Jerry Lunz,
LaDue,Lurth,LaDue Lurth,
Bob,Lurtsema,Bob Lurtsema,
Vaughn,Lusby,Vaughn Lusby,
Jim,Luscinski,Jim Luscinski,
Mike,Lush,Mike Lush,
Bob,Lusk,Bob Lusk,
Henry,Lusk,Henry Lusk,
Herb,Lusk,Herb Lusk,
Booth,Lusteg,Booth Lusteg,
Darrell,Luter,Darrell Luter,
Ed,Luther,Ed Luther,
Jake,Luton,Jake Luton,
Scott,Lutrus,Scott Lutrus,
Deuce,Lutui,Deuce Lutui,
Dave,Lutz,Dave Lutz,
Wil,Lutz,Wil Lutz,
Frankie,Luvu,Frankie Luvu,
Chris,Luzar,Chris Luzar,
Allen,Lyday,Allen Lyday,
Todd,Lyght,Todd Lyght,
Dewey,Lyle,Dewey Lyle,
Garry,Lyle,Garry Lyle,
Keith,Lyle,Keith Lyle,
Rick,Lyle,Rick Lyle,
Lenny,Lyles,Lenny Lyles,
Lester,Lyles,Lester Lyles,
Robert,Lyles,Robert Lyles,
Del,Lyman,Del Lyman,
Dustin,Lyman,Dustin Lyman,
Jeff,Lyman,Jeff Lyman,
Link,Lyman+,Link Lyman+,
Aaron,Lynch,Aaron Lynch,
Ben,Lynch,Ben Lynch,
Blake,Lynch,Blake Lynch,
Cameron,Lynch,Cameron Lynch,
Carl,Lynch,Carl Lynch,
Corey,Lynch,Corey Lynch,
Dick,Lynch,Dick Lynch,
Ed,Lynch,Ed Lynch,
Eric,Lynch,Eric Lynch,
Fran,Lynch,Fran Lynch,
James,Lynch,James Lynch,
James,Lynch,James Lynch,
Jim,Lynch,Jim Lynch,
John,Lynch+,John Lynch+,
Lorenzo,Lynch,Lorenzo Lynch,
Lynn,Lynch,Lynn Lynch,
Marshawn,Lynch,Marshawn Lynch,
Paul,Lynch,Paul Lynch,
Paxton,Lynch,Paxton Lynch,
Shawn,Lynch,Shawn Lynch,
Tom,Lynch,Tom Lynch,
Anthony,Lynn,Anthony Lynn,
Johnny,Lynn,Johnny Lynn,
Babe,Lyon,Babe Lyon,
Billy,Lyon,Billy Lyon,
Dicky,Lyons,Dicky Lyons,
John,Lyons,John Lyons,
Lamar,Lyons,Lamar Lyons,
Marty,Lyons,Marty Lyons,
Mitch,Lyons,Mitch Lyons,
Pratt,Lyons,Pratt Lyons,
Robert,Lyons,Robert Lyons,
Tommy,Lyons,Tommy Lyons,
Matt,Lytle,Matt Lytle,
Rob,Lytle,Rob Lytle,
Herbert,Maack,Herbert Maack,
J.D.,Maarleveld,J.D. Maarleveld,
Bill,Maas,Bill Maas,
Dylan,Mabin,Dylan Mabin,
Greg,Mabin,Greg Mabin,
Ron,Mabra,Ron Mabra,
Tyler,Mabry,Tyler Mabry,
Ken,MacAfee,Ken MacAfee,
Ken,MacAfee,Ken MacAfee,
John,Macaulay,John Macaulay,
Max,MacCollum,Max MacCollum,
Allen,MacDonald,Allen MacDonald,
Buck,MacDonald,Buck MacDonald,
Dan,MacDonald,Dan MacDonald,
Mark,MacDonald,Mark MacDonald,
Mickey,MacDonnell,Mickey MacDonnell,
Jay,MacDowell,Jay MacDowell,
Corey,Mace,Corey Mace,
Mel,Maceau,Mel Maceau,
Don,Macek,Don Macek,
John,Macerelli,John Macerelli,
J.P.,Machado,J.P. Machado,
Mike,Machurek,Mike Machurek,
Art,Macioszczyk,Art Macioszczyk,
Alex,Mack,Alex Mack,
Austin,Mack,Austin Mack,
Cedric,Mack,Cedric Mack,
Daylon,Mack,Daylon Mack,
Elbert,Mack,Elbert Mack,
Isaiah,Mack,Isaiah Mack,
Kevin,Mack,Kevin Mack,
Khalil,Mack,Khalil Mack,
Kim,Mack,Kim Mack,
Ledarius,Mack,Ledarius Mack,
Marlon,Mack,Marlon Mack,
Milton,Mack,Milton Mack,
Red,Mack,Red Mack,
Rico,Mack,Rico Mack,
Stacey,Mack,Stacey Mack,
Terence,Mack,Terence Mack,
Tom,Mack+,Tom Mack+,
Tremain,Mack,Tremain Mack,
Earsell,Mackbee,Earsell Mackbee,
Jack,Mackenroth,Jack Mackenroth,
Malaefou,MacKenzie,Malaefou MacKenzie,
Roy,Mackert,Roy Mackert,
Dee,Mackey,Dee Mackey,
John,Mackey+,John Mackey+,
Kyle,Mackey,Kyle Mackey,
Louis,Mackey,Louis Mackey,
Doug,Mackie,Doug Mackie,
Jacque,MacKinnon,Jacque MacKinnon,
David,Macklin,David Macklin,
Johnny,Mackorell,Johnny Mackorell,
Bill,Mackrides,Bill Mackrides,
Bob,MacLeod,Bob MacLeod,
Tom,MacLeod,Tom MacLeod,
Jeremy,Maclin,Jeremy Maclin,
Stu,MacMillan,Stu MacMillan,
Jim,MacMurdo,Jim MacMurdo,
Ray,MacMurray,Ray MacMurray,
Eddie,Macon,Eddie Macon,
Waddy,MacPhee,Waddy MacPhee,
Kyle,MacWherter,Kyle MacWherter,
John,Maczuzak,John Maczuzak,
Elmer,Madar,Elmer Madar,
Elmer,Madarik,Elmer Madarik,
Lloyd,Madden,Lloyd Madden,
Tre,Madden,Tre Madden,
Bob,Maddock,Bob Maddock,
Anthony,Maddox,Anthony Maddox,
Avonte,Maddox,Avonte Maddox,
Bob,Maddox,Bob Maddox,
Buster,Maddox,Buster Maddox,
Mark,Maddox,Mark Maddox,
Nick,Maddox,Nick Maddox,
Tommy,Maddox,Tommy Maddox,
Williams,,Williams ,
George,Maderos,George Maderos,
John,Madigan,John Madigan,
Adrian,Madise,Adrian Madise,
Anthony,Madison,Anthony Madison,
Sam,Madison,Sam Madison,
John,Madsen,John Madsen,
Lynn,Madsen,Lynn Madsen,
Mossis,Madu,Mossis Madu,
Nnamdi,Madubuike,Nnamdi Madubuike,
Lamar,Mady,Lamar Mady,
Chet,Maeda,Chet Maeda,
Al,Maeder,Al Maeder,
Jeff,Maehl,Jeff Maehl,
Joe,Maese,Joe Maese,
Boye,Mafe,Boye Mafe,
Atonio,Mafi,Atonio Mafi,
Mike,Magac,Mike Magac,
Alex,Magee,Alex Magee,
Brandon,Magee,Brandon Magee,
Calvin,Magee,Calvin Magee,
Jim,Magee,Jim Magee,
John,Magee,John Magee,
Jordan,Magee,Jordan Magee,
Terrence,Magee,Terrence Magee,
Craig,Mager,Craig Mager,
George,Magerkurth,George Magerkurth,
Chick,Maggioli,Chick Maggioli,
Curt,Maggitt,Curt Maggitt,
Don,Maggs,Don Maggs,
Herbert,Magida,Herbert Magida,
Al,Maginnes,Al Maginnes,
Dave,Maginnes,Dave Maginnes,
Joe,Magliolo,Joe Magliolo,
Al,Maglisceau,Al Maglisceau,
Dante,Magnani,Dante Magnani,
James,Magner,James Magner,
Erik,Magnuson,Erik Magnuson,
Glen,Magnusson,Glen Magnusson,
Paul,Maguire,Paul Maguire,
George,Magulick,George Magulick,
Ryan,Mahaffey,Ryan Mahaffey,
Drew,Mahalic,Drew Mahalic,
Bob,Mahan,Bob Mahan,
Sean,Mahan,Sean Mahan,
Walter,Mahan,Walter Mahan,
Reno,Mahe,Reno Mahe,
Jesse,Mahelona,Jesse Mahelona,
Birtie,Maher,Birtie Maher,
Brett,Maher,Brett Maher,
Bruce,Maher,Bruce Maher,
Frank,Maher,Frank Maher,
Eric,Mahlum,Eric Mahlum,
Christian,Mahogany,Christian Mahogany,
Patrick,Mahomes,Patrick Mahomes,
Brendan,Mahon,Brendan Mahon,
Ike,Mahoney,Ike Mahoney,
Jaylen,Mahoney,Jaylen Mahoney,
John,Mahoney,John Mahoney,
Roger,Mahoney,Roger Mahoney,
Al,Mahrt,Al Mahrt,
Armin,Mahrt,Armin Mahrt,
Johnny,Mahrt,Johnny Mahrt,
Lou,Mahrt,Lou Mahrt,
Kaluka,Maiava,Kaluka Maiava,
Steve,Maidlow,Steve Maidlow,
Jordan,Mailata,Jordan Mailata,
Marcus,Mailei,Marcus Mailei,
Ralph,Maillard,Ralph Maillard,
Gil,Mains,Gil Mains,
Jack,Maitland,Jack Maitland,
Don,Majkowski,Don Majkowski,
Billy,Majors,Billy Majors,
Bobby,Majors,Bobby Majors,
Joe,Majors,Joe Majors,
Joel,Makovicka,Joel Makovicka,
Siupeli,Malamala,Siupeli Malamala,
Rydell,Malancon,Rydell Malancon,
Kevin,Malast,Kevin Malast,
Anthony,Malbrough,Anthony Malbrough,
Harry,Malcolm,Harry Malcolm,
John,Malecki,John Malecki,
Howard,Maley,Howard Maley,
Bill,Malinchak,Bill Malinchak,
Gene,Malinowski,Gene Malinowski,
Joe,Malkovich,Joe Malkovich,
Josh,Mallard,Josh Mallard,
Wesly,Mallard,Wesly Mallard,
Ryan,Malleck,Ryan Malleck,
Ryan,Mallett,Ryan Mallett,
Fran,Mallick,Fran Mallick,
Irvin,Mallory,Irvin Mallory,
John,Mallory,John Mallory,
Larry,Mallory,Larry Mallory,
Rick,Mallory,Rick Mallory,
Will,Mallory,Will Mallory,
Ray,Mallouf,Ray Mallouf,
Alfred,Malone,Alfred Malone,
Art,Malone,Art Malone,
Benny,Malone,Benny Malone,
Charley,Malone,Charley Malone,
Darrell,Malone,Darrell Malone,
DeAngelo,Malone,DeAngelo Malone,
Grover,Malone,Grover Malone,
Josh,Malone,Josh Malone,
Mark,Malone,Mark Malone,
Ralph,Malone,Ralph Malone,
Robert,Malone,Robert Malone,
Van,Malone,Van Malone,
Ned,Maloney,Ned Maloney,
Red,Maloney,Red Maloney,
Cassh,Maluia,Cassh Maluia,
Cameron,Malveaux,Cameron Malveaux,
Mike,Mamula,Mike Mamula,
Ryan,Manalac,Ryan Manalac,
Massimo,Manca,Massimo Manca,
Vaughn,Mancha,Vaughn Mancha,
Greg,Mancz,Greg Mancz,
Tony,Mandarich,Tony Mandarich,
Mike,Mandarino,Mike Mandarino,
Dave,Manders,Dave Manders,
Jack,Manders,Jack Manders,
Pug,Manders,Pug Manders,
Chris,Mandeville,Chris Mandeville,
Jim,Mandich,Jim Mandich,
Pete,Mandley,Pete Mandley,
Steve,Maneri,Steve Maneri,
James,Maness,James Maness,
Tony,Manfreda,Tony Manfreda,
Mark,Manges,Mark Manges,
Dino,Mangiero,Dino Mangiero,
Nick,Mangold,Nick Mangold,
John,Mangum,John Mangum,
John,Mangum,John Mangum,
Kris,Mangum,Kris Mangum,
Pete,Mangum,Pete Mangum,
Chris,Manhertz,Chris Manhertz,
Joe,Maniaci,Joe Maniaci,
Jason,Maniecki,Jason Maniecki,
Jimmy,Manion,Jimmy Manion,
Carl,Mankat,Carl Mankat,
Jim,Mankins,Jim Mankins,
Logan,Mankins,Logan Mankins,
Dexter,Manley,Dexter Manley,
Jack,Manley,Jack Manley,
James,Manley,James Manley,
Willie,Manley,Willie Manley,
Bob,Mann,Bob Mann,
Braden,Mann,Braden Mann,
Charles,Mann,Charles Mann,
Dave,Mann,Dave Mann,
Errol,Mann,Errol Mann,
Maurice,Mann,Maurice Mann,
Patrick,Mannelly,Patrick Mannelly,
Aaron,Manning,Aaron Manning,
Archie,Manning,Archie Manning,
Brian,Manning,Brian Manning,
Danieal,Manning,Danieal Manning,
Eli,Manning,Eli Manning,
Jim,Manning,Jim Manning,
Pete,Manning,Pete Manning,
Peyton,Manning+,Peyton Manning+,
Ricky,Manning,Ricky Manning,
Rosie,Manning,Rosie Manning,
Roy,Manning,Roy Manning,
Terrell,Manning,Terrell Manning,
Wade,Manning,Wade Manning,
Mario,Manningham,Mario Manningham,
Sean,Mannion,Sean Mannion,
Tim,Manoa,Tim Manoa,
Brison,Manor,Brison Manor,
Sam,Manos,Sam Manos,
Don,Manoukian,Don Manoukian,
Jerry,Mansfield,Jerry Mansfield,
Ray,Mansfield,Ray Mansfield,
Von,Mansfield,Von Mansfield,
Eggs,Manske,Eggs Manske,
Joe,Mantell,Joe Mantell,
Tillie,Manton,Tillie Manton,
Dan,Manucci,Dan Manucci,
EJ,Manuel,EJ Manuel,
Lionel,Manuel,Lionel Manuel,
Marquand,Manuel,Marquand Manuel,
Rod,Manuel,Rod Manuel,
Sean,Manuel,Sean Manuel,
Frank,Manumaleuga,Frank Manumaleuga,
Brandon,Manumaleuna,Brandon Manumaleuna,
Greg,Manusky,Greg Manusky,
Vince,Manuwai,Vince Manuwai,
Johnny,Manziel,Johnny Manziel,
Bap,Manzini,Bap Manzini,
Joseph,Manzo,Joseph Manzo,
Howard,Maple,Howard Maple,
Bobby,Maples,Bobby Maples,
Butch,Maples,Butch Maples,
Tal,Maples,Tal Maples,
Stansly,Maponga,Stansly Maponga,
Marte,Mapu,Marte Mapu,
Chris,Maragos,Chris Maragos,
Gary,Marangi,Gary Marangi,
Joe,Maras,Joe Maras,
Justin,March,Justin March,
Gino,Marchetti+,Gino Marchetti+,
Basilio,Marchi,Basilio Marchi,
Ted,Marchibroda,Ted Marchibroda,
Ken,Marchiol,Ken Marchiol,
Frank,Marchlewski,Frank Marchlewski,
Ron,Marciniak,Ron Marciniak,
Chester,Marcol,Chester Marcol,
Hugo,Marcolini,Hugo Marcolini,
Joe,Marconi,Joe Marconi,
Ed,Marcontell,Ed Marcontell,
Pete,Marcus,Pete Marcus,
Greg,Marderian,Greg Marderian,
Olindo,Mare,Olindo Mare,
Owen,Marecic,Owen Marecic,
Andy,Marefos,Andy Marefos,
Jodie,Marek,Jodie Marek,
Ray,Marelli,Ray Marelli,
Bob,Margarita,Bob Margarita,
Ken,Margerum,Ken Margerum,
Joe,Margucci,Joe Margucci,
Marc,Mariani,Marc Mariani,
Ed,Marinaro,Ed Marinaro,
Dan,Marino+,Dan Marino+,
Vic,Marino,Vic Marino,
Marv,Marinovich,Marv Marinovich,
Todd,Marinovich,Todd Marinovich,
Brock,Marion,Brock Marion,
Dutch,Marion,Dutch Marion,
Frank,Marion,Frank Marion,
Fred,Marion,Fred Marion,
Jerry,Marion,Jerry Marion,
Marcus,Mariota,Marcus Mariota,
Greg,Mark,Greg Mark,
Lou,Mark,Lou Mark,
Cliff,Marker,Cliff Marker,
Harry,Marker,Harry Marker,
Dale,Markham,Dale Markham,
Jeff,Markland,Jeff Markland,
Steve,Marko,Steve Marko,
Vic,Markov,Vic Markov,
Mark,Markovich,Mark Markovich,
Larry,Marks,Larry Marks,
Derrick,Marks,Derrick Marks,
Seth,Marler,Seth Marler,
Dean,Marlowe,Dean Marlowe,
Sal,Marone,Sal Marone,
Laurence,Maroney,Laurence Maroney,
Duke,Maronic,Duke Maronic,
Steve,Maronic,Steve Maronic,
Lou,Marotti,Lou Marotti,
Ali,Marpet,Ali Marpet,
Rube,Marquardt,Rube Marquardt,
Bob,Marques,Bob Marques,
Bradley,Marquez,Bradley Marquez,
Doug,Marrone,Doug Marrone,
John,Marrow,John Marrow,
Vince,Marrow,Vince Marrow,
Jim,Marsalis,Jim Marsalis,
Aaron,Marsh,Aaron Marsh,
Amos,Marsh,Amos Marsh,
Cassius,Marsh,Cassius Marsh,
Curt,Marsh,Curt Marsh,
Curtis,Marsh,Curtis Marsh,
Curtis,Marsh,Curtis Marsh,
Dick,Marsh,Dick Marsh,
Doug,Marsh,Doug Marsh,
Frank,Marsh,Frank Marsh,
Al,Marshall,Al Marshall,
Alfonso,Marshall,Alfonso Marshall,
Anthony,Marshall,Anthony Marshall,
Arthur,Marshall,Arthur Marshall,
Bobby,Marshall,Bobby Marshall,
Brandon,Marshall,Brandon Marshall,
Brandon,Marshall,Brandon Marshall,
Bud,Marshall,Bud Marshall,
Byron,Marshall,Byron Marshall,
Charley,Marshall,Charley Marshall,
Chuck,Marshall,Chuck Marshall,
David,Marshall,David Marshall,
Ed,Marshall,Ed Marshall,
Greg,Marshall,Greg Marshall,
Henry,Marshall,Henry Marshall,
Iman,Marshall,Iman Marshall,
Jalin,Marshall,Jalin Marshall,
James,Marshall,James Marshall,
Jim,Marshall,Jim Marshall,
Jonathan,Marshall,Jonathan Marshall,
Keyonta,Marshall,Keyonta Marshall,
Larry,Marshall,Larry Marshall,
Lemar,Marshall,Lemar Marshall,
Leonard,Marshall,Leonard Marshall,
Marvin,Marshall,Marvin Marshall,
Nick,Marshall,Nick Marshall,
Phil,Marshall,Phil Marshall,
Randy,Marshall,Randy Marshall,
Rasheed,Marshall,Rasheed Marshall,
Richard,Marshall,Richard Marshall,
Tank,Marshall,Tank Marshall,
Terrace,Marshall,Terrace Marshall,
Torrance,Marshall,Torrance Marshall,
Trey,Marshall,Trey Marshall,
Warren,Marshall,Warren Marshall,
Whit,Marshall,Whit Marshall,
Wilber,Marshall,Wilber Marshall,
Ralph,Marston,Ralph Marston,
Herman,Martell,Herman Martell,
James,Marten,James Marten,
Paul,Martha,Paul Martha,
Aaron,Martin,Aaron Martin,
Abe,Martin,Abe Martin,
Amos,Martin,Amos Martin,
Bill,Martin,Bill Martin,
Billy,Martin,Billy Martin,
Blanche,Martin,Blanche Martin,
Bob,Martin,Bob Martin,
Brodric,Martin,Brodric Martin,
Caleb,Martin,Caleb Martin,
Cecil,Martin,Cecil Martin,
Charles,Martin,Charles Martin,
Charly,Martin,Charly Martin,
Chris,Martin,Chris Martin,
Chris,Martin,Chris Martin,
Curtis,Martin+,Curtis Martin+,
Dave,Martin,Dave Martin,
David,Martin,David Martin,
David,Martin,David Martin,
Dee,Martin,Dee Martin,
Derrick,Martin,Derrick Martin,
Derrick,Martin,Derrick Martin,
Don,Martin,Don Martin,
Doug,Martin,Doug Martin,
Doug,Martin,Doug Martin,
Emanuel,Martin,Emanuel Martin,
Emerson,Martin,Emerson Martin,
Eric,Martin,Eric Martin,
Eric,Martin,Eric Martin,
Frank,Martin,Frank Martin,
Gabe,Martin,Gabe Martin,
George,Martin,George Martin,
Harvey,Martin,Harvey Martin,
Hersh,Martin,Hersh Martin,
Ike,Martin,Ike Martin,
Ingle,Martin,Ingle Martin,
Jack,Martin,Jack Martin,
Jacob,Martin,Jacob Martin,
Jamar,Martin,Jamar Martin,
Jamie,Martin,Jamie Martin,
Jim,Martin,Jim Martin,
Joe,Martin,Joe Martin,
Johnny,Martin,Johnny Martin,
Jonathan,Martin,Jonathan Martin,
Josh,Martin,Josh Martin,
Kamal,Martin,Kamal Martin,
Kareem,Martin,Kareem Martin,
Kelvin,Martin,Kelvin Martin,
Keshawn,Martin,Keshawn Martin,
Koda,Martin,Koda Martin,
Larry,Martin,Larry Martin,
Marcus,Martin,Marcus Martin,
Matt,Martin,Matt Martin,
Mike,Martin,Mike Martin,
Mike,Martin,Mike Martin,
Nick,Martin,Nick Martin,
Quan,Martin,Quan Martin,
Robbie,Martin,Robbie Martin,
Rod,Martin,Rod Martin,
Ronald,Martin,Ronald Martin,
Ruvell,Martin,Ruvell Martin,
Saladin,Martin,Saladin Martin,
Sam,Martin,Sam Martin,
Sammy,Martin,Sammy Martin,
Sherrod,Martin,Sherrod Martin,
Steve,Martin,Steve Martin,
Steve,Martin,Steve Martin,
Tay,Martin,Tay Martin,
Tee,Martin,Tee Martin,
Terrance,Martin,Terrance Martin,
Tony,Martin,Tony Martin,
Tracy,Martin,Tracy Martin,
Vaughn,Martin,Vaughn Martin,
Vern,Martin,Vern Martin,
Wayne,Martin,Wayne Martin,
Wes,Martin,Wes Martin,
Zack,Martin,Zack Martin,
Robinson,,Robinson ,
Roy,Martineau,Roy Martineau,
Patsy,Martinelli,Patsy Martinelli,
Blake,Martinez,Blake Martinez,
Glenn,Martinez,Glenn Martinez,
Rich,Martini,Rich Martini,
John,Martinkovic,John Martinkovic,
Freddie,Martino,Freddie Martino,
Phil,Martinovich,Phil Martinovich,
Lonnie,Marts,Lonnie Marts,
Tommy,Marvaso,Tommy Marvaso,
Eugene,Marve,Eugene Marve,
Mickey,Marvin,Mickey Marvin,
Greg,Marx,Greg Marx,
Russell,Maryland,Russell Maryland,
Tyler,Marz,Tyler Marz,
Matthew,Masifilo,Matthew Masifilo,
Len,Masini,Len Masini,
John,Maskas,John Maskas,
Matt,Maslowski,Matt Maslowski,
Mike,Maslowski,Mike Maslowski,
Ben,Mason,Ben Mason,
Dave,Mason,Dave Mason,
Derrick,Mason,Derrick Mason,
Eddie,Mason,Eddie Mason,
Grant,Mason,Grant Mason,
Joel,Mason,Joel Mason,
Jordan,Mason,Jordan Mason,
Larry,Mason,Larry Mason,
Lindsey,Mason,Lindsey Mason,
Marcus,Mason,Marcus Mason,
Sam,Mason,Sam Mason,
Shaq,Mason,Shaq Mason,
Tommy,Mason,Tommy Mason,
Tre,Mason,Tre Mason,
Wayne,Mass,Wayne Mass,
Jonathan,Massaquoi,Jonathan Massaquoi,
Mohamed,Massaquoi,Mohamed Massaquoi,
Tim,Massaquoi,Tim Massaquoi,
Carlton,Massey,Carlton Massey,
Chris,Massey,Chris Massey,
Jim,Massey,Jim Massey,
Robert,Massey,Robert Massey,
Bobby,Massie,Bobby Massie,
Rick,Massie,Rick Massie,
Billy,Masters,Billy Masters,
Bob,Masters,Bob Masters,
Norm,Masters,Norm Masters,
Walt,Masters,Walt Masters,
Bernie,Masterson,Bernie Masterson,
Bob,Masterson,Bob Masterson,
Forrest,Masterson,Forrest Masterson,
Luke,Masterson,Luke Masterson,
Tim,Masthay,Tim Masthay,
Shai,Maston,Shai Maston,
John,Mastrangelo,John Mastrangelo,
Gus,Mastrogany,Gus Mastrogany,
Jeron,Mastrud,Jeron Mastrud,
afa,,afa ,
Stan,Mataele,Stan Mataele,
Tyler,Matakevich,Tyler Matakevich,
Bill,Matan,Bill Matan,
Chris,Matau,Chris Matau,
Ed,Matesic,Ed Matesic,
Joe,Matesic,Joe Matesic,
Bob,Matheson,Bob Matheson,
Jack,Matheson,Jack Matheson,
Riley,Matheson,Riley Matheson,
Barney,Mathews,Barney Mathews,
Derrick,Mathews,Derrick Mathews,
Jason,Mathews,Jason Mathews,
Ned,Mathews,Ned Mathews,
Neil,Mathews,Neil Mathews,
Ray,Mathews,Ray Mathews,
Ricardo,Mathews,Ricardo Mathews,
Ryan,Mathews,Ryan Mathews,
Mathewson,,Mathewson ,
Ric,Mathias,Ric Mathias,
Tyrann,Mathieu,Tyrann Mathieu,
Bill,Mathis,Bill Mathis,
Damarri,Mathis,Damarri Mathis,
Dedric,Mathis,Dedric Mathis,
Evan,Mathis,Evan Mathis,
Jerome,Mathis,Jerome Mathis,
Kevin,Mathis,Kevin Mathis,
Mark,Mathis,Mark Mathis,
Ochaun,Mathis,Ochaun Mathis,
Phidarian,Mathis,Phidarian Mathis,
Rashean,Mathis,Rashean Mathis,
Reggie,Mathis,Reggie Mathis,
Robert,Mathis,Robert Mathis,
Terance,Mathis,Terance Mathis,
Bruce,Mathison,Bruce Mathison,
Charlie,Mathys,Charlie Mathys,
Trevor,Matich,Trevor Matich,
Ross,Matiscik,Ross Matiscik,
John,Matisi,John Matisi,
Tony,Matisi,Tony Matisi,
John,Matlock,John Matlock,
Scott,Matlock,Scott Matlock,
Ollie,Matson+,Ollie Matson+,
Pat,Matson,Pat Matson,
Archie,Matsos,Archie Matsos,
Arthur,Matsu,Arthur Matsu,
Tom,Matte,Tom Matte,
Frank,Matteo,Frank Matteo,
Joe,Mattern,Joe Mattern,
Ron,Mattes,Ron Mattes,
Christian,Matthew,Christian Matthew,
Al,Matthews,Al Matthews,
Allama,Matthews,Allama Matthews,
Aubrey,Matthews,Aubrey Matthews,
Bill,Matthews,Bill Matthews,
Bo,Matthews,Bo Matthews,
Bruce,Matthews+,Bruce Matthews+,
Casey,Matthews,Casey Matthews,
Chris,Matthews,Chris Matthews,
Clay,Matthews,Clay Matthews,
Clay,Matthews,Clay Matthews,
Clay,Matthews,Clay Matthews,
Cliff,Matthews,Cliff Matthews,
Henry,Matthews,Henry Matthews,
Ira,Matthews,Ira Matthews,
Jake,Matthews,Jake Matthews,
John,Matthews,John Matthews,
Jordan,Matthews,Jordan Matthews,
Kevin,Matthews,Kevin Matthews,
Michael,Matthews,Michael Matthews,
Rishard,Matthews,Rishard Matthews,
Shane,Matthews,Shane Matthews,
Steve,Matthews,Steve Matthews,
Wes,Matthews,Wes Matthews,
Frank,Mattiace,Frank Mattiace,
Jack,Mattiford,Jack Mattiford,
Fran,Mattingly,Fran Mattingly,
Frank,Mattioli,Frank Mattioli,
Alexander,Mattison,Alexander Mattison,
Bryan,Mattison,Bryan Mattison,
Grant,Mattos,Grant Mattos,
Harry,Mattos,Harry Mattos,
John,Mattox,John Mattox,
Marv,Mattox,Marv Mattox,
Riley,Mattson,Riley Mattson,
John,Matuszak,John Matuszak,
Marv,Matuszak,Marv Matuszak,
Al,Matuza,Al Matuza,
Rey,Maualuga,Rey Maualuga,
Cody,Mauch,Cody Mauch,
Carl,Mauck,Carl Mauck,
Matt,Mauck,Matt Mauck,
Josh,Mauga,Josh Mauga,
i,Mauga,i Mauga,
a,,a ,
Tuffy,Maul,Tuffy Maul,
Lorenzo,Mauldin,Lorenzo Mauldin,
Stan,Mauldin,Stan Mauldin,
Arthur,Maulet,Arthur Maulet,
Chris,Maumalanga,Chris Maumalanga,
Viliami,Maumau,Viliami Maumau,
Andy,Maurer,Andy Maurer,
Josh,Mauro,Josh Mauro,
Michael,Mauti,Michael Mauti,
Rich,Mauti,Rich Mauti,
Earl,Maves,Earl Maves,
Menil,Mavraides,Menil Mavraides,
Kevin,Mawae+,Kevin Mawae+,
Curtis,Maxey,Curtis Maxey,
Johnny,Maxey,Johnny Maxey,
Marcus,Maxey,Marcus Maxey,
Brett,Maxie,Brett Maxie,
Alvin,Maxson,Alvin Maxson,
Bruce,Maxwell,Bruce Maxwell,
Byron,Maxwell,Byron Maxwell,
Jim,Maxwell,Jim Maxwell,
Joey,Maxwell,Joey Maxwell,
Marcus,Maxwell,Marcus Maxwell,
Tommy,Maxwell,Tommy Maxwell,
Vernon,Maxwell,Vernon Maxwell,
Art,May,Art May,
Bill,May,Bill May,
Dean,May,Dean May,
Deems,May,Deems May,
Jack,May,Jack May,
Marc,May,Marc May,
Mark,May,Mark May,
Ray,May,Ray May,
Sherriden,May,Sherriden May,
Walt,May,Walt May,
Doug,Mayberry,Doug Mayberry,
James,Mayberry,James Mayberry,
Jermane,Mayberry,Jermane Mayberry,
Tony,Mayberry,Tony Mayberry,
Aaron,Maybin,Aaron Maybin,
Jared,Mayden,Jared Mayden,
Drake,Maye,Drake Maye,
Marcus,Maye,Marcus Maye,
Emil,Mayer,Emil Mayer,
Frank,Mayer,Frank Mayer,
Michael,Mayer,Michael Mayer,
Shawn,Mayer,Shawn Mayer,
Adrian,Mayes,Adrian Mayes,
Alonzo,Mayes,Alonzo Mayes,
Ben,Mayes,Ben Mayes,
Carl,Mayes,Carl Mayes,
Derrick,Mayes,Derrick Mayes,
Michael,Mayes,Michael Mayes,
Rueben,Mayes,Rueben Mayes,
Rufus,Mayes,Rufus Mayes,
Tony,Mayes,Tony Mayes,
Baker,Mayfield,Baker Mayfield,
Corey,Mayfield,Corey Mayfield,
Jalen,Mayfield,Jalen Mayfield,
Lindy,Mayhew,Lindy Mayhew,
Martin,Mayhew,Martin Mayhew,
Gene,Mayl,Gene Mayl,
Vince,Mayle,Vince Mayle,
Brad,Maynard,Brad Maynard,
Don,Maynard+,Don Maynard+,
Les,Maynard,Les Maynard,
Lew,Mayne,Lew Mayne,
David,Mayo,David Mayo,
Jerod,Mayo,Jerod Mayo,
Ron,Mayo,Ron Mayo,
Mike,Mayock,Mike Mayock,
Benson,Mayowa,Benson Mayowa,
Alvoid,Mays,Alvoid Mays,
Cade,Mays,Cade Mays,
Corey,Mays,Corey Mays,
Damon,Mays,Damon Mays,
Dave,Mays,Dave Mays,
Devante,Mays,Devante Mays,
Jerry,Mays,Jerry Mays,
Jerry,Mays,Jerry Mays,
Joe,Mays,Joe Mays,
Kivuusama,Mays,Kivuusama Mays,
Lee,Mays,Lee Mays,
Stafford,Mays,Stafford Mays,
Taylor,Mays,Taylor Mays,
Frank,Maznicki,Frank Maznicki,
Fred,Mazurek,Fred Mazurek,
Cole,Mazza,Cole Mazza,
Vince,Mazza,Vince Mazza,
Geno,Mazzanti,Geno Mazzanti,
Jerry,Mazzanti,Jerry Mazzanti,
Tim,Mazzetti,Tim Mazzetti,
Joey,Mbu,Joey Mbu,
Bob,McAdams,Bob McAdams,
Carl,McAdams,Carl McAdams,
Dean,McAdams,Dean McAdams,
Jason,McAddley,Jason McAddley,
Derrick,McAdoo,Derrick McAdoo,
Fred,McAfee,Fred McAfee,
George,McAfee+,George McAfee+,
Pat,McAfee,Pat McAfee,
Wes,McAfee,Wes McAfee,
Ed,McAleney,Ed McAleney,
Chris,McAlister,Chris McAlister,
James,McAlister,James McAlister,
Ken,McAlister,Ken McAlister,
Deuce,McAllister,Deuce McAllister,
Tyreik,McAllister,Tyreik McAllister,
Jack,McArthur,Jack McArthur,
Kevin,McArthur,Kevin McArthur,
Jude,McAtamney,Jude McAtamney,
Jack,McAuliffe,Jack McAuliffe,
Darcel,McBath,Darcel McBath,
Mike,McBath,Mike McBath,
Ryan,McBean,Ryan McBean,
Mat,McBriar,Mat McBriar,
Adrian,McBride,Adrian McBride,
Charlie,McBride,Charlie McBride,
Jack,McBride,Jack McBride,
Norm,McBride,Norm McBride,
Oscar,McBride,Oscar McBride,
Ron,McBride,Ron McBride,
Tod,McBride,Tod McBride,
Tre,McBride,Tre McBride,
Trey,McBride,Trey McBride,
Trumaine,McBride,Trumaine McBride,
Turk,McBride,Turk McBride,
Gerald,McBurrows,Gerald McBurrows,
Jerry,McCabe,Jerry McCabe,
Richie,McCabe,Richie McCabe,
Kevin,McCadam,Kevin McCadam,
Don,McCafferty,Don McCafferty,
Art,McCaffray,Art McCaffray,
Bob,McCaffrey,Bob McCaffrey,
Christian,McCaffrey,Christian McCaffrey,
Ed,McCaffrey,Ed McCaffrey,
Luke,McCaffrey,Luke McCaffrey,
Max,McCaffrey,Max McCaffrey,
Mike,McCaffrey,Mike McCaffrey,
Bob,McCain,Bob McCain,
Bobby,McCain,Bobby McCain,
Brice,McCain,Brice McCain,
Chris,McCain,Chris McCain,
Mac,McCain,Mac McCain,
Onterio,McCalebb,Onterio McCalebb,
Tanner,McCalister,Tanner McCalister,
Bob,McCall,Bob McCall,
Don,McCall,Don McCall,
Ed,McCall,Ed McCall,
Joe,McCall,Joe McCall,
Marquan,McCall,Marquan McCall,
Reese,McCall,Reese McCall,
Ron,McCall,Ron McCall,
Fred,McCallister,Fred McCallister,
Napoleon,McCallum,Napoleon McCallum,
John,McCambridge,John McCambridge,
Jim,McCanless,Jim McCanless,
Bryan,McCann,Bryan McCann,
Ernie,McCann,Ernie McCann,
Jim,McCann,Jim McCann,
Tim,McCann,Tim McCann,
Darnerien,McCants,Darnerien McCants,
Keith,McCants,Keith McCants,
Matt,McCants,Matt McCants,
Keenan,McCardell,Keenan McCardell,
Justin,McCareins,Justin McCareins,
John,McCargo,John McCargo,
Larry,McCarren,Larry McCarren,
A.J.,McCarron,A.J. McCarron,
Riley,McCarron,Riley McCarron,
Brendan,McCarthy,Brendan McCarthy,
Colin,McCarthy,Colin McCarthy,
Don,McCarthy,Don McCarthy,
Jack,McCarthy,Jack McCarthy,
Jim,McCarthy,Jim McCarthy,
John,McCarthy,John McCarthy,
Kyle,McCarthy,Kyle McCarthy,
Shawn,McCarthy,Shawn McCarthy,
Vince,McCarthy,Vince McCarthy,
Pete,McCartney,Pete McCartney,
Ron,McCartney,Ron McCartney,
Mickey,McCarty,Mickey McCarty,
Eugene,McCaslin,Eugene McCaslin,
Don,McCauley,Don McCauley,
Marcus,McCauley,Marcus McCauley,
Tom,McCauley,Tom McCauley,
Leo,McCausland,Leo McCausland,
Bill,McCaw,Bill McCaw,
Bob,McChesney,Bob McChesney,
Bob,McChesney,Bob McChesney,
Matt,McChesney,Matt McChesney,
Cliff,McClain,Cliff McClain,
Clint,McClain,Clint McClain,
Dewey,McClain,Dewey McClain,
Jameel,McClain,Jameel McClain,
Jimmy,McClain,Jimmy McClain,
Ron,McClain,Ron McClain,
Robert,McClain,Robert McClain,
Rolando,McClain,Rolando McClain,
Terrell,McClain,Terrell McClain,
Jack,McClairen,Jack McClairen,
Brent,McClanahan,Brent McClanahan,
Randy,McClanahan,Randy McClanahan,
Bill,McClard,Bill McClard,
Norris,McCleary,Norris McCleary,
Albert,McClellan,Albert McClellan,
Jase,McClellan,Jase McClellan,
Mike,McClellan,Mike McClellan,
Shea,McClellin,Shea McClellin,
Central,McClellion,Central McClellion,
Jacques,McClendon,Jacques McClendon,
Skip,McClendon,Skip McClendon,
Warren,McClendon,Warren McClendon,
Willie,McClendon,Willie McClendon,
Dexter,McCleon,Dexter McCleon,
J.J.,McCleskey,J.J. McCleskey,
Curtis,McClinton,Curtis McClinton,
Mike,McCloskey,Mike McCloskey,
Nick,McCloud,Nick McCloud,
Ray,McCloud,Ray McCloud,
Tyrus,McCloud,Tyrus McCloud,
Dave,McCloughan,Dave McCloughan,
Kent,McCloughan,Kent McCloughan,
Darrell,McClover,Darrell McClover,
Stanley,McClover,Stanley McClover,
Willie,McClung,Willie McClung,
Bob,McClure,Bob McClure,
Brian,McClure,Brian McClure,
Stefan,McClure,Stefan McClure,
Todd,McClure,Todd McClure,
Wayne,McClure,Wayne McClure,
David,McCluskey,David McCluskey,
Dexter,McCluster,Dexter McCluster,
Dexter,McCoil,Dexter McCoil,
Bill,McColl,Bill McColl,
Milt,McColl,Milt McColl,
Jaylen,McCollough,Jaylen McCollough,
Andy,McCollum,Andy McCollum,
Bubba,McCollum,Bubba McCollum,
Harley,McCollum,Harley McCollum,
Ryan,McCollum,Ryan McCollum,
Tristin,McCollum,Tristin McCollum,
Zyon,McCollum,Zyon McCollum,
Don,McComb,Don McComb,
Nat,McCombs,Nat McCombs,
Tony,McCombs,Tony McCombs,
Ladd,McConkey,Ladd McConkey,
Phil,McConkey,Phil McConkey,
Brian,McConnell,Brian McConnell,
Dewey,McConnell,Dewey McConnell,
Frank,McConnell,Frank McConnell,
Eric,McCoo,Eric McCoo,
Darris,McCord,Darris McCord,
Quentin,McCord,Quentin McCord,
Hurvin,McCormack,Hurvin McCormack,
Mike,McCormack+,Mike McCormack+,
Dave,McCormick,Dave McCormick,
Elmer,McCormick,Elmer McCormick,
Felix,McCormick,Felix McCormick,
Frank,McCormick,Frank McCormick,
John,McCormick,John McCormick,
Len,McCormick,Len McCormick,
Mason,McCormick,Mason McCormick,
Sincere,McCormick,Sincere McCormick,
Tom,McCormick,Tom McCormick,
Walter,McCormick,Walter McCormick,
Kez,McCorvey,Kez McCorvey,
Devin,McCourty,Devin McCourty,
Jason,McCourty,Jason McCourty,
Josh,McCown,Josh McCown,
Luke,McCown,Luke McCown,
McCoy,,McCoy ,
Anthony,McCoy,Anthony McCoy,
Colt,McCoy,Colt McCoy,
Erik,McCoy,Erik McCoy,
Gerald,McCoy,Gerald McCoy,
Jamie,McCoy,Jamie McCoy,
Joel,McCoy,Joel McCoy,
Larry,McCoy,Larry McCoy,
LeRon,McCoy,LeRon McCoy,
LeSean,McCoy,LeSean McCoy,
Lloyd,McCoy,Lloyd McCoy,
Matt,McCoy,Matt McCoy,
Mike,McCoy,Mike McCoy,
Mike,McCoy,Mike McCoy,
Tony,McCoy,Tony McCoy,
Matthew,McCrane,Matthew McCrane,
Fred,McCrary,Fred McCrary,
Greg,McCrary,Greg McCrary,
Herdis,McCrary,Herdis McCrary,
Michael,McCrary,Michael McCrary,
Nate,McCrary,Nate McCrary,
Ball,,Ball ,
Bobby,McCray,Bobby McCray,
Bruce,McCray,Bruce McCray,
Danny,McCray,Danny McCray,
Demetrius,McCray,Demetrius McCray,
Justin,McCray,Justin McCray,
Kelcie,McCray,Kelcie McCray,
L.J.,McCray,L.J. McCray,
Lerentee,McCray,Lerentee McCray,
Prentice,McCray,Prentice McCray,
Rob,McCray,Rob McCray,
Willie,McCray,Willie McCray,
Bob,McCreary,Bob McCreary,
Loaird,McCreary,Loaird McCreary,
Roger,McCreary,Roger McCreary,
Marlon,McCree,Marlon McCree,
Ed,McCrillis,Ed McCrillis,
John,McCrumbly,John McCrumbly,
Dale,McCullers,Dale McCullers,
Daniel,McCullers,Daniel McCullers,
Earl,McCullouch,Earl McCullouch,
Andy,McCullough,Andy McCullough,
Bob,McCullough,Bob McCullough,
George,McCullough,George McCullough,
Hal,McCullough,Hal McCullough,
Hugh,McCullough,Hugh McCullough,
Jake,McCullough,Jake McCullough,
Liam,McCullough,Liam McCullough,
Sultan,McCullough,Sultan McCullough,
Sam,McCullum,Sam McCullum,
Robert,McCune,Robert McCune,
Dave,McCurry,Dave McCurry,
Mike,McCurry,Mike McCurry,
Jim,McCusker,Jim McCusker,
Daylon,McCutcheon,Daylon McCutcheon,
Lance,McCutcheon,Lance McCutcheon,
Lawrence,McCutcheon,Lawrence McCutcheon,
Karl,McDade,Karl McDade,
Ed,McDaniel,Ed McDaniel,
Emmanuel,McDaniel,Emmanuel McDaniel,
Jacobbi,McDaniel,Jacobbi McDaniel,
Jeremy,McDaniel,Jeremy McDaniel,
John,McDaniel,John McDaniel,
LeCharls,McDaniel,LeCharls McDaniel,
Orlando,McDaniel,Orlando McDaniel,
Randall,McDaniel+,Randall McDaniel+,
Terry,McDaniel,Terry McDaniel,
Tony,McDaniel,Tony McDaniel,
Wahoo,McDaniel,Wahoo McDaniel,
Dave,McDaniels,Dave McDaniels,
Pellom,McDaniels,Pellom McDaniels,
Conor,McDermott,Conor McDermott,
Gary,McDermott,Gary McDermott,
KC,McDermott,KC McDermott,
Kevin,McDermott,Kevin McDermott,
Lloyd,McDermott,Lloyd McDermott,
Sean,McDermott,Sean McDermott,
Shane,McDermott,Shane McDermott,
Mardye,McDole,Mardye McDole,
Ron,McDole,Ron McDole,
McDonald,,McDonald ,
Andrew,McDonald,Andrew McDonald,
Brandon,McDonald,Brandon McDonald,
Clinton,McDonald,Clinton McDonald,
Cy,McDonald,Cy McDonald,
Darnell,McDonald,Darnell McDonald,
Devon,McDonald,Devon McDonald,
Dewey,McDonald,Dewey McDonald,
Dexter,McDonald,Dexter McDonald,
Don,McDonald,Don McDonald,
Dustin,McDonald,Dustin McDonald,
Dwight,McDonald,Dwight McDonald,
Flip,McDonald,Flip McDonald,
James,McDonald,James McDonald,
Jim,McDonald,Jim McDonald,
Jim,McDonald,Jim McDonald,
John,McDonald,John McDonald,
Keith,McDonald,Keith McDonald,
Les,McDonald,Les McDonald,
Mike,McDonald,Mike McDonald,
Mike,McDonald,Mike McDonald,
Nick,McDonald,Nick McDonald,
Paul,McDonald,Paul McDonald,
Quintus,McDonald,Quintus McDonald,
Ramos,McDonald,Ramos McDonald,
Ray,McDonald,Ray McDonald,
Ray,McDonald,Ray McDonald,
Ricardo,McDonald,Ricardo McDonald,
Shaun,McDonald,Shaun McDonald,
T.J.,McDonald,T.J. McDonald,
Tevin,McDonald,Tevin McDonald,
Tim,McDonald,Tim McDonald,
Tommy,McDonald+,Tommy McDonald+,
Vance,McDonald,Vance McDonald,
Walt,McDonald,Walt McDonald,
Walt,McDonald,Walt McDonald,
Will,McDonald,Will McDonald,
Brady,McDonnell,Brady McDonnell,
Bob,McDonough,Bob McDonough,
Bob,McDonough,Bob McDonough,
Coley,McDonough,Coley McDonough,
Paul,McDonough,Paul McDonough,
Bob,McDougal,Bob McDougal,
Kevin,McDougal,Kevin McDougal,
Bradley,McDougald,Bradley McDougald,
Doug,McDougald,Doug McDougald,
Gerry,McDougall,Gerry McDougall,
Dexter,McDougle,Dexter McDougle,
Jerome,McDougle,Jerome McDougle,
Stockar,McDougle,Stockar McDougle,
Anthony,McDowell,Anthony McDowell,
Bubba,McDowell,Bubba McDowell,
John,McDowell,John McDowell,
Malik,McDowell,Malik McDowell,
George,McDuffie,George McDuffie,
Isaiah,McDuffie,Isaiah McDuffie,
O.J.,McDuffie,O.J. McDuffie,
Trent,McDuffie,Trent McDuffie,
Hugh,McElhenny+,Hugh McElhenny+,
Blaine,McElmurry,Blaine McElmurry,
Bucky,McElroy,Bucky McElroy,
Codey,McElroy,Codey McElroy,
Greg,McElroy,Greg McElroy,
Leeland,McElroy,Leeland McElroy,
Ray,McElroy,Ray McElroy,
Reggie,McElroy,Reggie McElroy,
Vann,McElroy,Vann McElroy,
Bill,McElwain,Bill McElwain,
Jason,McEndoo,Jason McEndoo,
Doug,McEnulty,Doug McEnulty,
Ed,McEvoy,Ed McEvoy,
Tanner,McEvoy,Tanner McEvoy,
Craig,McEwen,Craig McEwen,
Banks,McFadden,Banks McFadden,
Bryant,McFadden,Bryant McFadden,
Darren,McFadden,Darren McFadden,
Jordan,McFadden,Jordan McFadden,
Kimario,McFadden,Kimario McFadden,
Leon,McFadden,Leon McFadden,
Marques,McFadden,Marques McFadden,
Marshall,McFadden,Marshall McFadden,
Marv,McFadden,Marv McFadden,
Micah,McFadden,Micah McFadden,
Paul,McFadden,Paul McFadden,
Thad,McFadden,Thad McFadden,
Walter,McFadden,Walter McFadden,
Bud,McFadin,Bud McFadin,
Anthony,McFarland,Anthony McFarland,
Anthony,McFarland,Anthony McFarland,
Dylan,McFarland,Dylan McFarland,
Jim,McFarland,Jim McFarland,
Kay,McFarland,Kay McFarland,
Nyle,McFarlane,Nyle McFarlane,
Chris,McFoy,Chris McFoy,
Willis,McGahee,Willis McGahee,
Tim,McGarigle,Tim McGarigle,
Wane,McGarity,Wane McGarity,
Scott,McGarrahan,Scott McGarrahan,
Barney,McGarry,Barney McGarry,
John,McGarry,John McGarry,
Kaleb,McGary,Kaleb McGary,
Walt,McGaw,Walt McGaw,
Clarence,McGeary,Clarence McGeary,
Ben,McGee,Ben McGee,
Bob,McGee,Bob McGee,
Brandon,McGee,Brandon McGee,
Buford,McGee,Buford McGee,
Carl,McGee,Carl McGee,
Dell,McGee,Dell McGee,
Ed,McGee,Ed McGee,
George,McGee,George McGee,
Harry,McGee,Harry McGee,
Max,McGee,Max McGee,
Mike,McGee,Mike McGee,
Molly,McGee,Molly McGee,
Richmond,McGee,Richmond McGee,
Stacy,McGee,Stacy McGee,
Stephen,McGee,Stephen McGee,
Terrence,McGee,Terrence McGee,
Tim,McGee,Tim McGee,
Tony,McGee,Tony McGee,
Tony,McGee,Tony McGee,
Willie,McGee,Willie McGee,
John,McGeever,John McGeever,
Phil,McGeoghan,Phil McGeoghan,
Rich,McGeorge,Rich McGeorge,
Kanavis,McGhee,Kanavis McGhee,
Garrett,McGhin,Garrett McGhin,
Charlie,McGibbony,Charlie McGibbony,
Firpo,McGilbra,Firpo McGilbra,
Eddie,McGill,Eddie McGill,
George,McGill,George McGill,
Karmeeleyah,McGill,Karmeeleyah McGill,
Keith,McGill,Keith McGill,
Lenny,McGill,Lenny McGill,
Mike,McGill,Mike McGill,
Ralph,McGill,Ralph McGill,
T.Y.,McGill,T.Y. McGill,
Willie,McGinest,Willie McGinest,
Ed,McGinley,Ed McGinley,
Larry,McGinnis,Larry McGinnis,
Len,McGirl,Len McGirl,
Ed,McGlasson,Ed McGlasson,
Mike,McGlinchey,Mike McGlinchey,
Chester,McGlockton,Chester McGlockton,
Matt,McGloin,Matt McGloin,
Joe,McGlone,Joe McGlone,
Dwight,McGlothern,Dwight McGlothern,
Mike,McGlynn,Mike McGlynn,
Hugh,McGoldrick,Hugh McGoldrick,
Bruce,McGonnigal,Bruce McGonnigal,
Connor,McGovern,Connor McGovern,
Connor,McGovern,Connor McGovern,
Rob,McGovern,Rob McGovern,
Brandon,McGowan,Brandon McGowan,
Kyric,McGowan,Kyric McGowan,
Reggie,McGowan,Reggie McGowan,
Joe,McGrail,Joe McGrail,
Brian,McGrath,Brian McGrath,
Dick,McGrath,Dick McGrath,
Frank,McGrath,Frank McGrath,
Mark,McGrath,Mark McGrath,
Sean,McGrath,Sean McGrath,
Jon,McGraw,Jon McGraw,
Mike,McGraw,Mike McGraw,
Thurman,McGraw,Thurman McGraw,
Braiden,McGregor,Braiden McGregor,
Keli,McGregor,Keli McGregor,
Dan,McGrew,Dan McGrew,
Larry,McGrew,Larry McGrew,
Reggie,McGrew,Reggie McGrew,
Sylvester,McGrew,Sylvester McGrew,
Curtis,McGriff,Curtis McGriff,
Lee,McGriff,Lee McGriff,
Travis,McGriff,Travis McGriff,
Tyrone,McGriff,Tyrone McGriff,
Lamar,McGriggs,Lamar McGriggs,
Cameron,McGrone,Cameron McGrone,
Dusty,McGrorty,Dusty McGrorty,
Michael,McGruder,Michael McGruder,
Elijah,McGuire,Elijah McGuire,
Gene,McGuire,Gene McGuire,
Isaiah,McGuire,Isaiah McGuire,
Kaipo,McGuire,Kaipo McGuire,
Monte,McGuire,Monte McGuire,
Warren,McGuirk,Warren McGuirk,
Dan,McGwire,Dan McGwire,
Joe,McHale,Joe McHale,
Tom,McHale,Tom McHale,
Lamar,McHan,Lamar McHan,
Pat,McHugh,Pat McHugh,
Sean,McHugh,Sean McHugh,
Danny,McIlhany,Danny McIlhany,
Don,McIlhenny,Don McIlhenny,
Wally,McIlwain,Wally McIlwain,
Pat,McInally,Pat McInally,
Mac,McIndoe,Mac McIndoe,
Nick,McInerney,Nick McInerney,
Sean,McInerney,Sean McInerney,
Hugh,McInnis,Hugh McInnis,
Al,McIntosh,Al McIntosh,
Chris,McIntosh,Chris McIntosh,
Damion,McIntosh,Damion McIntosh,
Joe,McIntosh,Joe McIntosh,
Kenny,McIntosh,Kenny McIntosh,
R.J.,McIntosh,R.J. McIntosh,
Rocky,McIntosh,Rocky McIntosh,
Toddrick,McIntosh,Toddrick McIntosh,
Corey,McIntyre,Corey McIntyre,
Garrett,McIntyre,Garrett McIntyre,
Guy,McIntyre,Guy McIntyre,
Jeff,McIntyre,Jeff McIntyre,
Secdrick,McIntyre,Secdrick McIntyre,
Everett,McIver,Everett McIver,
Rick,McIvor,Rick McIvor,
Paul,McJulien,Paul McJulien,
Bill,McKalip,Bill McKalip,
Bob,McKay,Bob McKay,
John,McKay,John McKay,
Roy,McKay,Roy McKay,
Paul,McKee,Paul McKee,
Tanner,McKee,Tanner McKee,
James,McKeehan,James McKeehan,
Marlin,McKeever,Marlin McKeever,
Vito,McKeever,Vito McKeever,
Keith,McKeller,Keith McKeller,
Leodis,McKelvin,Leodis McKelvin,
Chris,McKenzie,Chris McKenzie,
Isaiah,McKenzie,Isaiah McKenzie,
Kahlil,McKenzie,Kahlil McKenzie,
Kareem,McKenzie,Kareem McKenzie,
Keith,McKenzie,Keith McKenzie,
Kevin,McKenzie,Kevin McKenzie,
Mike,McKenzie,Mike McKenzie,
Raleigh,McKenzie,Raleigh McKenzie,
Reggie,McKenzie,Reggie McKenzie,
Reggie,McKenzie,Reggie McKenzie,
Rich,McKenzie,Rich McKenzie,
Tyrone,McKenzie,Tyrone McKenzie,
Sean,McKeon,Sean McKeon,
Jack,McKetes,Jack McKetes,
Marcus,McKethan,Marcus McKethan,
Mike,McKibben,Mike McKibben,
Jason,McKie,Jason McKie,
Scott,McKillop,Scott McKillop,
Alvin,McKinley,Alvin McKinley,
Bill,McKinley,Bill McKinley,
Dennis,McKinley,Dennis McKinley,
Kenny,McKinley,Kenny McKinley,
Takkarist,McKinley,Takkarist McKinley,
Verone,McKinley,Verone McKinley,
Phil,McKinnely,Phil McKinnely,
Benardrick,McKinney,Benardrick McKinney,
Bill,McKinney,Bill McKinney,
Brandon,McKinney,Brandon McKinney,
Jeremy,McKinney,Jeremy McKinney,
Odis,McKinney,Odis McKinney,
Royce,McKinney,Royce McKinney,
Seth,McKinney,Seth McKinney,
Steve,McKinney,Steve McKinney,
Xavier,McKinney,Xavier McKinney,
Zion,McKinney,Zion McKinney,
Bryant,McKinnie,Bryant McKinnie,
Hugh,McKinnis,Hugh McKinnis,
Dennis,McKinnon,Dennis McKinnon,
Don,McKinnon,Don McKinnon,
Jeremiah,McKinnon,Jeremiah McKinnon,
Jerick,McKinnon,Jerick McKinnon,
Ronald,McKinnon,Ronald McKinnon,
Aid,McKinstry,Aid McKinstry,
Cassanova,McKinzy,Cassanova McKinzy,
Dick,McKissack,Dick McKissack,
J.D.,McKissic,J.D. McKissic,
McKitty,,McKitty ,
Colton,McKivitz,Colton McKivitz,
Dennis,McKnight,Dennis McKnight,
James,McKnight,James McKnight,
Joe,McKnight,Joe McKnight,
Ted,McKnight,Ted McKnight,
Bill,McKoy,Bill McKoy,
Tim,McKyer,Tim McKyer,
Tanner,McLachlan,Tanner McLachlan,
Joe,McLain,Joe McLain,
Kevin,McLain,Kevin McLain,
Mayes,McLain,Mayes McLain,
Charlie,McLaughlin,Charlie McLaughlin,
Chase,McLaughlin,Chase McLaughlin,
Jaleel,McLaughlin,Jaleel McLaughlin,
Joe,McLaughlin,Joe McLaughlin,
John,McLaughlin,John McLaughlin,
Lee,McLaughlin,Lee McLaughlin,
Leon,McLaughlin,Leon McLaughlin,
Steve,McLaughlin,Steve McLaughlin,
Tom,McLaughlin,Tom McLaughlin,
John,McLaughry,John McLaughry,
Terry,McLaurin,Terry McLaurin,
Ray,McLean,Ray McLean,
Ray,McLean,Ray McLean,
Ron,McLean,Ron McLean,
Scott,McLean,Scott McLean,
Chris,McLemore,Chris McLemore,
Dana,McLemore,Dana McLemore,
Emmett,McLemore,Emmett McLemore,
Thomas,McLemore,Thomas McLemore,
Steve,McLendon,Steve McLendon,
TK,McLendon,TK McLendon,
Bruce,McLenna,Bruce McLenna,
Bob,McLeod,Bob McLeod,
Kevin,McLeod,Kevin McLeod,
Mike,McLeod,Mike McLeod,
Rodney,McLeod,Rodney McLeod,
Russ,McLeod,Russ McLeod,
Harold,McLinton,Harold McLinton,
Art,McMahon,Art McMahon,
Dylan,McMahon,Dylan McMahon,
Harry,McMahon,Harry McMahon,
Jim,McMahon,Jim McMahon,
Mike,McMahon,Mike McMahon,
Tommy,McMahon,Tommy McMahon,
John,McMakin,John McMakin,
Sherrick,McManis,Sherrick McManis,
Wynton,McManis,Wynton McManis,
Brandon,McManus,Brandon McManus,
Tom,McManus,Tom McManus,
Herb,McMath,Herb McMath,
Racey,McMath,Racey McMath,
Randy,McMichael,Randy McMichael,
Steve,McMichael+,Steve McMichael+,
John,McMichaels,John McMichaels,
Chuck,McMillan,Chuck McMillan,
David,McMillan,David McMillan,
Eddie,McMillan,Eddie McMillan,
Erik,McMillan,Erik McMillan,
Ernie,McMillan,Ernie McMillan,
Jalen,McMillan,Jalen McMillan,
Raekwon,McMillan,Raekwon McMillan,
Randy,McMillan,Randy McMillan,
Dan,McMillen,Dan McMillen,
Jim,McMillen,Jim McMillen,
Audray,McMillian,Audray McMillian,
Henry,McMillian,Henry McMillian,
Quan,McMillian,Quan McMillian,
Jerron,McMillian,Jerron McMillian,
Mark,McMillian,Mark McMillian,
Bo,McMillin,Bo McMillin,
Jim,McMillin,Jim McMillin,
Todd,McMillon,Todd McMillon,
Patrick,McMorris,Patrick McMorris,
John,McMullan,John McMullan,
Billy,McMullen,Billy McMullen,
Danny,McMullen,Danny McMullen,
Kirk,McMullen,Kirk McMullen,
Chuck,McMurtry,Chuck McMurtry,
Greg,McMurtry,Greg McMurtry,
Dexter,McNabb,Dexter McNabb,
Donovan,McNabb,Donovan McNabb,
Steve,McNair,Steve McNair,
Todd,McNair,Todd McNair,
Frank,McNally,Frank McNally,
Bob,McNamara,Bob McNamara,
Ed,McNamara,Ed McNamara,
Tom,McNamara,Tom McNamara,
Sean,McNanie,Sean McNanie,
Josh,McNary,Josh McNary,
Don,McNeal,Don McNeal,
Reggie,McNeal,Reggie McNeal,
Travis,McNeal,Travis McNeal,
Charlie,McNeil,Charlie McNeil,
Clifton,McNeil,Clifton McNeil,
Emanuel,McNeil,Emanuel McNeil,
Frank,McNeil,Frank McNeil,
Freeman,McNeil,Freeman McNeil,
Gerald,McNeil,Gerald McNeil,
Pat,McNeil,Pat McNeil,
Ryan,McNeil,Ryan McNeil,
Alim,McNeill,Alim McNeill,
Fred,McNeill,Fred McNeill,
Marcus,McNeill,Marcus McNeill,
Mike,McNeill,Mike McNeill,
Rod,McNeill,Rod McNeill,
Tom,McNeill,Tom McNeill,
Bill,McNelis,Bill McNelis,
Jeremy,McNichols,Jeremy McNichols,
Bruce,McNorton,Bruce McNorton,
Cade,McNown,Cade McNown,
Paul,McNulty,Paul McNulty,
Marvin,McNutt,Marvin McNutt,
Bill,McPeak,Bill McPeak,
Buck,McPhail,Buck McPhail,
Hal,McPhail,Hal McPhail,
Jerris,McPhail,Jerris McPhail,
Zech,McPhearson,Zech McPhearson,
Frank,McPhee,Frank McPhee,
Pernell,McPhee,Pernell McPhee,
Evan,McPherson,Evan McPherson,
Forrest,McPherson,Forrest McPherson,
Miles,McPherson,Miles McPherson,
Johnny,McQuade,Johnny McQuade,
Dan,McQuaid,Dan McQuaid,
Jake,McQuaide,Jake McQuaide,
Ed,McQuarters,Ed McQuarters,
R.W.,McQuarters,R.W. McQuarters,
Jack,McQuary,Jack McQuary,
Leon,McQuay,Leon McQuay,
Leon,McQuay,Leon McQuay,
Kim,McQuilken,Kim McQuilken,
Pat,McQuistan,Pat McQuistan,
Paul,McQuistan,Paul McQuistan,
Bennie,McRae,Bennie McRae,
Charles,McRae,Charles McRae,
Frank,McRae,Frank McRae,
Jerrold,McRae,Jerrold McRae,
Tony,McRae,Tony McRae,
Gerald,McRath,Gerald McRath,
Bill,McRaven,Bill McRaven,
Bob,McRoberts,Bob McRoberts,
Paul,McRoberts,Paul McRoberts,
Wade,McRoberts,Wade McRoberts,
Charles,McShane,Charles McShane,
Joe,McShea,Joe McShea,
Trace,McSorley,Trace McSorley,
Chuck,McSwain,Chuck McSwain,
Rod,McSwain,Rod McSwain,
Tim,McTyer,Tim McTyer,
Torry,McTyer,Torry McTyer,
Warren,McVea,Warren McVea,
John,McVeigh,John McVeigh,
Bill,McWatters,Bill McWatters,
Bill,McWilliams,Bill McWilliams,
Johnny,McWilliams,Johnny McWilliams,
Shorty,McWilliams,Shorty McWilliams,
Robert,Meachem,Robert Meachem,
Jack,Mead,Jack Mead,
Jim,Meade,Jim Meade,
Mike,Meade,Mike Meade,
Eddie,Meador,Eddie Meador,
Nate,Meadors,Nate Meadors,
Ralph,Meadow,Ralph Meadow,
Adam,Meadows,Adam Meadows,
Darryl,Meadows,Darryl Meadows,
Ed,Meadows,Ed Meadows,
Johnny,Meads,Johnny Meads,
Jack,Meagher,Jack Meagher,
Rondell,Mealey,Rondell Mealey,
Tim,Meamber,Tim Meamber,
Montrel,Meander,Montrel Meander,
Bub,Means,Bub Means,
Dave,Means,Dave Means,
Natrone,Means,Natrone Means,
Steven,Means,Steven Means,
Brandon,Mebane,Brandon Mebane,
Curt,Mecham,Curt Mecham,
Karl,Mecklenburg,Karl Mecklenburg,
Jamie,Meder,Jamie Meder,
Dan,Medlin,Dan Medlin,
Richard,Medlin,Richard Medlin,
Justin,Medlock,Justin Medlock,
Ron,Medved,Ron Medved,
Greg,Meehan,Greg Meehan,
Butch,Meeker,Butch Meeker,
Bob,Meeks,Bob Meeks,
Bryant,Meeks,Bryant Meeks,
Eddie,Meeks,Eddie Meeks,
Jonathan,Meeks,Jonathan Meeks,
Quenton,Meeks,Quenton Meeks,
Ward,Meese,Ward Meese,
Brad,Meester,Brad Meester,
Dave,Meggett,Dave Meggett,
Dave,Meggyesy,Dave Meggyesy,
Marc,Megna,Marc Megna,
Charley,Mehelich,Charley Mehelich,
Tony,Mehelich,Tony Mehelich,
Lance,Mehl,Lance Mehl,
Taylor,Mehlhaff,Taylor Mehlhaff,
Harry,Mehre,Harry Mehre,
Pete,Mehringer,Pete Mehringer,
Carson,Meier,Carson Meier,
Kerry,Meier,Kerry Meier,
Rob,Meier,Rob Meier,
Shad,Meier,Shad Meier,
Steve,Meilinger,Steve Meilinger,
Dale,Meinert,Dale Meinert,
Quinn,Meinerz,Quinn Meinerz,
George,Meinhardt,George Meinhardt,
Darrel,Meisenheimer,Darrel Meisenheimer,
Bill,Meisner,Bill Meisner,
Greg,Meisner,Greg Meisner,
Ed,Meixler,Ed Meixler,
Patrick,Mekari,Patrick Mekari,
Jon,Melander,Jon Melander,
Ifeatu,Melifonwu,Ifeatu Melifonwu,
Obi,Melifonwu,Obi Melifonwu,
Mike,Melinkovich,Mike Melinkovich,
Jim,Melka,Jim Melka,
John,Mellekas,John Mellekas,
Jim,Mello,Jim Mello,
Dutch,Mellody,Dutch Mellody,
John,Mellus,John Mellus,
Andrew,Melontree,Andrew Melontree,
Bo,Melton,Bo Melton,
Henry,Melton,Henry Melton,
Max,Melton,Max Melton,
Terrence,Melton,Terrence Melton,
Dan,Melville,Dan Melville,
Rashaan,Melvin,Rashaan Melvin,
Tom,Melvin,Tom Melvin,
Dale,Memmelaar,Dale Memmelaar,
Don,Menasco,Don Menasco,
John,Mendenhall,John Mendenhall,
Ken,Mendenhall,Ken Mendenhall,
Mat,Mendenhall,Mat Mendenhall,
Rashard,Mendenhall,Rashard Mendenhall,
Terry,Mendenhall,Terry Mendenhall,
Mario,Mendez,Mario Mendez,
Ruben,Mendoza,Ruben Mendoza,
Pep,Menefee,Pep Menefee,
Vic,Menefee,Vic Menefee,
Chuck,Mercein,Chuck Mercein,
Giradie,Mercer,Giradie Mercer,
Ken,Mercer,Ken Mercer,
Mike,Mercer,Mike Mercer,
Whitney,Mercilus,Whitney Mercilus,
Cameron,Meredith,Cameron Meredith,
Don,Meredith,Don Meredith,
Dudley,Meredith,Dudley Meredith,
Jamon,Meredith,Jamon Meredith,
Jordan,Meredith,Jordan Meredith,
Russell,Meredith,Russell Meredith,
Mike,Mergen,Mike Mergen,
Art,Mergenthal,Art Mergenthal,
Lou,Merillat,Lou Merillat,
Brandon,Meriweather,Brandon Meriweather,
Monte,Merkel,Monte Merkel,
Guido,Merkens,Guido Merkens,
Ed,Merkle,Ed Merkle,
Elmer,Merkovsky,Elmer Merkovsky,
Ed,Merlin,Ed Merlin,
Phillip,Merling,Phillip Merling,
Jim,Merlo,Jim Merlo,
Casey,Merrill,Casey Merrill,
Forrest,Merrill,Forrest Merrill,
Mark,Merrill,Mark Merrill,
Than,Merrill,Than Merrill,
Walt,Merrill,Walt Merrill,
Sam,Merriman,Sam Merriman,
Shawne,Merriman,Shawne Merriman,
Ahmad,Merritt,Ahmad Merritt,
David,Merritt,David Merritt,
Kirk,Merritt,Kirk Merritt,
Jim,Merritts,Jim Merritts,
Kaevon,Merriweather,Kaevon Merriweather,
Mike,Merriweather,Mike Merriweather,
Jeff,Merrow,Jeff Merrow,
Scott,Mersereau,Scott Mersereau,
Jerry,Mertens,Jerry Mertens,
Jim,Mertens,Jim Mertens,
Bus,Mertes,Bus Mertes,
Aaron,Merz,Aaron Merz,
Curt,Merz,Curt Merz,
Dick,Mesak,Dick Mesak,
Mark,Meseroll,Mark Meseroll,
Zoltan,Mesko,Zoltan Mesko,
Bruce,Mesner,Bruce Mesner,
Dale,Messer,Dale Messer,
Mark,Messner,Mark Messner,
Max,Messner,Max Messner,
Frank,Mestnik,Frank Mestnik,
Bo,Metcalf,Bo Metcalf,
D.K.,Metcalf,D.K. Metcalf,
Eric,Metcalf,Eric Metcalf,
Terrence,Metcalf,Terrence Metcalf,
Terry,Metcalf,Terry Metcalf,
John,Metchie,John Metchie,
Josh,Metellus,Josh Metellus,
Russ,Method,Russ Method,
Zach,Mettenberger,Zach Mettenberger,
Pete,Metzelaars,Pete Metzelaars,
Lou,Metzger,Lou Metzger,
Kevin,Meuth,Kevin Meuth,
Jack,Mewhort,Jack Mewhort,
Dennis,Meyer,Dennis Meyer,
Eddie,Meyer,Eddie Meyer,
Ernie,Meyer,Ernie Meyer,
Fred,Meyer,Fred Meyer,
Gil,Meyer,Gil Meyer,
Jim,Meyer,Jim Meyer,
John,Meyer,John Meyer,
Ron,Meyer,Ron Meyer,
Bob,Meyers,Bob Meyers,
Jakobi,Meyers,Jakobi Meyers,
Jerry,Meyers,Jerry Meyers,
John,Meyers,John Meyers,
Klinks,Meyers,Klinks Meyers,
Paul,Meyers,Paul Meyers,
Wayne,Meylan,Wayne Meylan,
Larry,Mialik,Larry Mialik,
Rich,Miano,Rich Miano,
Phil,Micech,Phil Micech,
Bill,Michael,Bill Michael,
Christine,Michael,Christine Michael,
Rich,Michael,Rich Michael,
Al,Michaels,Al Michaels,
Eddie,Michaels,Eddie Michaels,
Lou,Michaels,Lou Michaels,
Walt,Michaels,Walt Michaels,
Art,Michalik,Art Michalik,
Mike,Michalske+,Mike Michalske+,
Marken,Michel,Marken Michel,
Mike,Michel,Mike Michel,
Sony,Michel,Sony Michel,
Tom,Michel,Tom Michel,
John,Michels,John Michels,
John,Michels,John Michels,
Bobby,Micho,Bobby Micho,
Mike,Micka,Mike Micka,
Jeff,Mickel,Jeff Mickel,
Darren,Mickell,Darren Mickell,
Arnold,Mickens,Arnold Mickens,
Jaydon,Mickens,Jaydon Mickens,
Ray,Mickens,Ray Mickens,
Terry,Mickens,Terry Mickens,
Joey,Mickey,Joey Mickey,
Joe,Mickles,Joe Mickles,
Dave,Middendorf,Dave Middendorf,
Oren,Middlebrook,Oren Middlebrook,
Willie,Middlebrooks,Willie Middlebrooks,
Brandon,Middleton,Brandon Middleton,
Dave,Middleton,Dave Middleton,
Doug,Middleton,Doug Middleton,
Frank,Middleton,Frank Middleton,
Frank,Middleton,Frank Middleton,
Kelvin,Middleton,Kelvin Middleton,
Rick,Middleton,Rick Middleton,
Ron,Middleton,Ron Middleton,
Terdell,Middleton,Terdell Middleton,
William,Middleton,William Middleton,
Lou,Midler,Lou Midler,
Saul,Mielziner,Saul Mielziner,
Ed,Mieszkowski,Ed Mieszkowski,
Paul,Migliazzo,Paul Migliazzo,
Lou,Mihajlovich,Lou Mihajlovich,
Joe,Mihal,Joe Mihal,
Brian,Mihalik,Brian Mihalik,
Bob,Mike,Bob Mike,
Mayer,,Mayer ,
Mayer,,Mayer ,
Quintin,Mikell,Quintin Mikell,
Russ,Mikeska,Russ Mikeska,
Andy,Miketa,Andy Miketa,
Bill,Miklich,Bill Miklich,
Ron,Mikolajczyk,Ron Mikolajczyk,
Pete,Mikolajewski,Pete Mikolajewski,
Doug,Mikolas,Doug Mikolas,
Tom,Mikula,Tom Mikula,
Mike,Mikulak,Mike Mikulak,
Barnes,Milam,Barnes Milam,
Joe,Milam,Joe Milam,
Don,Milan,Don Milan,
Archie,Milano,Archie Milano,
Matt,Milano,Matt Milano,
Scott,Milanovich,Scott Milanovich,
Darryl,Milburn,Darryl Milburn,
Glyn,Milburn,Glyn Milburn,
Jack,Mildren,Jack Mildren,
John,Milem,John Milem,
Buck,Miles,Buck Miles,
Eddie,Miles,Eddie Miles,
Edmond,Miles,Edmond Miles,
Jeromy,Miles,Jeromy Miles,
Joshua,Miles,Joshua Miles,
Leo,Miles,Leo Miles,
Ostell,Miles,Ostell Miles,
Rontez,Miles,Rontez Miles,
Itula,Mili,Itula Mili,
Joe,Milinichik,Joe Milinichik,
John,Milks,John Milks,
Bryan,Millard,Bryan Millard,
Keith,Millard,Keith Millard,
Hugh,Millen,Hugh Millen,
Matt,Millen,Matt Millen,
Al,Miller,Al Miller,
Al,Miller,Al Miller,
Alan,Miller,Alan Miller,
Anthony,Miller,Anthony Miller,
Anthony,Miller,Anthony Miller,
Arnold,Miller,Arnold Miller,
Bill,Miller,Bill Miller,
Bill,Miller,Bill Miller,
Billy,Miller,Billy Miller,
Bing,Miller,Bing Miller,
Blake,Miller,Blake Miller,
Blake,Miller,Blake Miller,
Bob,Miller,Bob Miller,
Brandon,Miller,Brandon Miller,
Braxton,Miller,Braxton Miller,
Brett,Miller,Brett Miller,
Brit,Miller,Brit Miller,
Bronzell,Miller,Bronzell Miller,
Bruce,Miller,Bruce Miller,
Bubba,Miller,Bubba Miller,
Caleb,Miller,Caleb Miller,
Calvin,Miller,Calvin Miller,
Candy,Miller,Candy Miller,
Chris,Miller,Chris Miller,
Christian,Miller,Christian Miller,
Chuckie,Miller,Chuckie Miller,
Clark,Miller,Clark Miller,
Clay,Miller,Clay Miller,
Cleo,Miller,Cleo Miller,
Corey,Miller,Corey Miller,
Craig,Miller,Craig Miller,
Dan,Miller,Dan Miller,
Dante,Miller,Dante Miller,
Darrian,Miller,Darrian Miller,
Darrin,Miller,Darrin Miller,
Don,Miller,Don Miller,
Don,Miller,Don Miller,
Donald,Miller,Donald Miller,
Doug,Miller,Doug Miller,
Drew,Miller,Drew Miller,
Dub,Miller,Dub Miller,
Dutch,Miller,Dutch Miller,
Eddie,Miller,Eddie Miller,
Eddie,Miller,Eddie Miller,
Fred,Miller,Fred Miller,
Fred,Miller,Fred Miller,
Fred,Miller,Fred Miller,
Gabe,Miller,Gabe Miller,
Hal,Miller,Hal Miller,
Harlan,Miller,Harlan Miller,
Heath,Miller,Heath Miller,
Heinie,Miller,Heinie Miller,
Herb,Miller,Herb Miller,
Jamir,Miller,Jamir Miller,
Jim,Miller,Jim Miller,
Jim,Miller,Jim Miller,
Jim,Miller,Jim Miller,
Jim,Miller,Jim Miller,
John,Miller,John Miller,
John,Miller,John Miller,
John,Miller,John Miller,
John,Miller,John Miller,
Johnny,Miller,Johnny Miller,
Johnny,Miller,Johnny Miller,
Jordan,Miller,Jordan Miller,
Jordan,Miller,Jordan Miller,
Josh,Miller,Josh Miller,
Junior,Miller,Junior Miller,
Justin,Miller,Justin Miller,
Keith,Miller,Keith Miller,
Kendre,Miller,Kendre Miller,
Kevin,Miller,Kevin Miller,
Kolton,Miller,Kolton Miller,
Kyle,Miller,Kyle Miller,
Lamar,Miller,Lamar Miller,
Larry,Miller,Larry Miller,
Les,Miller,Les Miller,
Lonyae,Miller,Lonyae Miller,
Mark,Miller,Mark Miller,
Mark,Miller,Mark Miller,
Matt,Miller,Matt Miller,
Mike,Miller,Mike Miller,
Nate,Miller,Nate Miller,
Nick,Miller,Nick Miller,
Nick,Miller,Nick Miller,
Ookie,Miller,Ookie Miller,
Pat,Miller,Pat Miller,
Paul,Miller,Paul Miller,
Paul,Miller,Paul Miller,
Primo,Miller,Primo Miller,
Prince,Miller,Prince Miller,
Ralph,Miller,Ralph Miller,
Robert,Miller,Robert Miller,
Ron,Miller,Ron Miller,
Ron,Miller,Ron Miller,
Roy,Miller,Roy Miller,
Ryan,Miller,Ryan Miller,
Ryan,Miller,Ryan Miller,
Scott,Miller,Scott Miller,
Scott,Miller,Scott Miller,
Shareef,Miller,Shareef Miller,
Shawn,Miller,Shawn Miller,
Solomon,Miller,Solomon Miller,
Terry,Miller,Terry Miller,
Terry,Miller,Terry Miller,
Tom,Miller,Tom Miller,
Ventrell,Miller,Ventrell Miller,
Verne,Miller,Verne Miller,
Von,Miller,Von Miller,
Willie,Miller,Willie Miller,
Zach,Miller,Zach Miller,
Zach,Miller,Zach Miller,
Hanik,Milligan,Hanik Milligan,
Rolan,Milligan,Rolan Milligan,
Dee,Milliner,Dee Milliner,
Bert,Milling,Bert Milling,
James,Milling,James Milling,
Ted,Million,Ted Million,
Bob,Millman,Bob Millman,
Wayne,Millner+,Wayne Millner+,
Lawyer,Milloy,Lawyer Milloy,
Bryan,Mills,Bryan Mills,
Charlie,Mills,Charlie Mills,
Davis,Mills,Davis Mills,
Denver,Mills,Denver Mills,
Dick,Mills,Dick Mills,
Ernie,Mills,Ernie Mills,
Garrett,Mills,Garrett Mills,
Jalen,Mills,Jalen Mills,
Javor,Mills,Javor Mills,
Jeff,Mills,Jeff Mills,
Jim,Mills,Jim Mills,
Jim,Mills,Jim Mills,
Joe,Mills,Joe Mills,
John,Henry,John Henry,
Jordan,Mills,Jordan Mills,
Lamar,Mills,Lamar Mills,
Pete,Mills,Pete Mills,
Sam,Mills+,Sam Mills+,
Stan,Mills,Stan Mills,
Brian,Milne,Brian Milne,
Dax,Milne,Dax Milne,
Bill,Milner,Bill Milner,
Billy,Milner,Billy Milner,
Martrez,Milner,Martrez Milner,
Ray,Milo,Ray Milo,
Rich,Milot,Rich Milot,
Century,Milstead,Century Milstead,
Charlie,Milstead,Charlie Milstead,
Rod,Milstead,Rod Milstead,
Christopher,Milton,Christopher Milton,
Eldridge,Milton,Eldridge Milton,
Gene,Milton,Gene Milton,
Joe,Milton,Joe Milton,
Johnny,Milton,Johnny Milton,
Keavon,Milton,Keavon Milton,
Kendall,Milton,Kendall Milton,
Amarius,Mims,Amarius Mims,
Chris,Mims,Chris Mims,
David,Mims,David Mims,
Denzel,Mims,Denzel Mims,
Jordan,Mims,Jordan Mims,
Marvin,Mims,Marvin Mims,
Henry,Minarik,Henry Minarik,
Jeremy,Mincey,Jeremy Mincey,
Charles,Mincy,Charles Mincy,
Tom,Miner,Tom Miner,
Barkevious,Mingo,Barkevious Mingo,
Gene,Mingo,Gene Mingo,
Jonathan,Mingo,Jonathan Mingo,
Paul,Minick,Paul Minick,
Kevin,Miniefield,Kevin Miniefield,
Frank,Minini,Frank Minini,
Skippy,Minisi,Skippy Minisi,
Randy,Minniear,Randy Minniear,
Chase,Minnifield,Chase Minnifield,
Frank,Minnifield,Frank Minnifield,
Snoop,Minnis,Snoop Minnis,
Claudie,Minor,Claudie Minor,
Kory,Minor,Kory Minor,
Lincoln,Minor,Lincoln Minor,
Travis,Minor,Travis Minor,
Vic,Minor,Vic Minor,
Gardner,Minshew,Gardner Minshew,
Barry,Minter,Barry Minter,
Cedric,Minter,Cedric Minter,
Kevin,Minter,Kevin Minter,
Michael,Minter,Michael Minter,
Mike,Minter,Mike Minter,
Tom,Minter,Tom Minter,
Zach,Minter,Zach Minter,
John,Mintun,John Mintun,
Andre,Mintze,Andre Mintze,
Ed,Mioduszewski,Ed Mioduszewski,
Frank,Miotke,Frank Miotke,
George,Mira,George Mira,
Dean,Miraldi,Dean Miraldi,
Paul,Miranda,Paul Miranda,
Brandon,Miree,Brandon Miree,
Rick,Mirer,Rick Mirer,
Rex,Mirich,Rex Mirich,
Bob,Mischak,Bob Mischak,
Dave,Mishel,Dave Mishel,
Koa,Misi,Koa Misi,
John,Misko,John Misko,
Dwayne,Missouri,Dwayne Missouri,
John,Mistler,John Mistler,
Gene,Mitcham,Gene Mitcham,
Aaron,Mitchell,Aaron Mitchell,
Adonai,Mitchell,Adonai Mitchell,
Al,Mitchell,Al Mitchell,
Alvin,Mitchell,Alvin Mitchell,
Alvin,Mitchell,Alvin Mitchell,
Anthony,Mitchell,Anthony Mitchell,
Basil,Mitchell,Basil Mitchell,
Bob,Mitchell,Bob Mitchell,
Bobby,Mitchell+,Bobby Mitchell+,
Brandon,Mitchell,Brandon Mitchell,
Brian,Mitchell,Brian Mitchell,
Brian,Mitchell,Brian Mitchell,
Buster,Mitchell,Buster Mitchell,
Cameron,Mitchell,Cameron Mitchell,
Carlton,Mitchell,Carlton Mitchell,
Charles,Mitchell,Charles Mitchell,
Charley,Mitchell,Charley Mitchell,
Charlie,Mitchell,Charlie Mitchell,
Dale,Mitchell,Dale Mitchell,
DaMarcus,Mitchell,DaMarcus Mitchell,
Derrell,Mitchell,Derrell Mitchell,
Devon,Mitchell,Devon Mitchell,
Donald,Mitchell,Donald Mitchell,
Earl,Mitchell,Earl Mitchell,
Ed,Mitchell,Ed Mitchell,
Elijah,Mitchell,Elijah Mitchell,
Fondren,Mitchell,Fondren Mitchell,
Freddie,Mitchell,Freddie Mitchell,
Hal,Mitchell,Hal Mitchell,
James,Mitchell,James Mitchell,
Jayme,Mitchell,Jayme Mitchell,
Jeff,Mitchell,Jeff Mitchell,
Jim,Mitchell,Jim Mitchell,
Jim,Mitchell,Jim Mitchell,
Johnny,Mitchell,Johnny Mitchell,
Kawika,Mitchell,Kawika Mitchell,
Keaton,Mitchell,Keaton Mitchell,
Keith,Mitchell,Keith Mitchell,
Ken,Mitchell,Ken Mitchell,
Kevin,Mitchell,Kevin Mitchell,
Lance,Mitchell,Lance Mitchell,
Leonard,Mitchell,Leonard Mitchell,
Leroy,Mitchell,Leroy Mitchell,
Lydell,Mitchell,Lydell Mitchell,
Mack,Mitchell,Mack Mitchell,
Malcolm,Mitchell,Malcolm Mitchell,
Mark,Mitchell,Mark Mitchell,
Marko,Mitchell,Marko Mitchell,
Marvin,Mitchell,Marvin Mitchell,
Max,Mitchell,Max Mitchell,
Mel,Mitchell,Mel Mitchell,
Melvin,Mitchell,Melvin Mitchell,
Michael,Mitchell,Michael Mitchell,
Mike,Mitchell,Mike Mitchell,
Myron,Mitchell,Myron Mitchell,
Paul,Mitchell,Paul Mitchell,
Pete,Mitchell,Pete Mitchell,
Qasim,Mitchell,Qasim Mitchell,
Quinyon,Mitchell,Quinyon Mitchell,
Randall,Mitchell,Randall Mitchell,
Roland,Mitchell,Roland Mitchell,
Russell,Mitchell,Russell Mitchell,
Scott,Mitchell,Scott Mitchell,
Shannon,Mitchell,Shannon Mitchell,
Shirdonya,Mitchell,Shirdonya Mitchell,
Stan,Mitchell,Stan Mitchell,
Steven,Mitchell,Steven Mitchell,
Stump,Mitchell,Stump Mitchell,
Ted,Mitchell,Ted Mitchell,
Terrance,Mitchell,Terrance Mitchell,
Tom,Mitchell,Tom Mitchell,
Tywan,Mitchell,Tywan Mitchell,
Willie,Mitchell,Willie Mitchell,
Bob,Mitinger,Bob Mitinger,
Matt,Mitrione,Matt Mitrione,
Alonzo,Mitz,Alonzo Mitz,
Anthony,Mix,Anthony Mix,
Bryant,Mix,Bryant Mix,
Ron,Mix+,Ron Mix+,
Billy,Mixon,Billy Mixon,
Joe,Mixon,Joe Mixon,
Kenny,Mixon,Kenny Mixon,
Warner,Mizell,Warner Mizell,
Taquan,Mizzell,Taquan Mizzell,
David,Moa,David Moa,
Fili,Moala,Fili Moala,
Kelly,Moan,Kelly Moan,
Arthur,Moats,Arthur Moats,
Ryan,Moats,Ryan Moats,
John,Mobley,John Mobley,
Orson,Mobley,Orson Mobley,
Rudy,Mobley,Rudy Mobley,
Singor,Mobley,Singor Mobley,
Stacey,Mobley,Stacey Mobley,
Dontay,Moch,Dontay Moch,
Mike,Mock,Mike Mock,
Charlie,Mockmore,Charlie Mockmore,
Jeff,Modesitt,Jeff Modesitt,
Dick,Modzelewski,Dick Modzelewski,
Ed,Modzelewski,Ed Modzelewski,
Hal,Moe,Hal Moe,
Tony,Moeaki,Tony Moeaki,
Dicky,Moegle,Dicky Moegle,
Eddie,Moegle,Eddie Moegle,
von,Moehrig,von Moehrig,
Jovante,Moffatt,Jovante Moffatt,
Tim,Moffett,Tim Moffett,
John,Moffitt,John Moffitt,
Mike,Moffitt,Mike Moffitt,
Mike,Mohamed,Mike Mohamed,
Johnny,Mohardt,Johnny Mohardt,
Chris,Mohr,Chris Mohr,
John,Mohring,John Mohring,
Mike,Mohring,Mike Mohring,
Louie,Mohs,Louie Mohs,
Dick,Moje,Dick Moje,
Ralf,Mojsiejenko,Ralf Mojsiejenko,
John,Molchon,John Molchon,
Alex,Molden,Alex Molden,
Antwaun,Molden,Antwaun Molden,
Elijah,Molden,Elijah Molden,
Frank,Molden,Frank Molden,
Fred,Molden,Fred Molden,
Bo,Molenda,Bo Molenda,
Keith,Molesworth,Keith Molesworth,
Jim,Molinaro,Jim Molinaro,
Lou,Molinet,Lou Molinet,
David,Molk,David Molk,
Tony,Moll,Tony Moll,
Les,Molloy,Les Molloy,
Ifeanyi,Momah,Ifeanyi Momah,
Bob,Momsen,Bob Momsen,
Tony,Momsen,Tony Momsen,
Jim,Monachino,Jim Monachino,
Ray,Monaco,Ray Monaco,
Rob,Monaco,Rob Monaco,
Ron,Monaco,Ron Monaco,
Regis,Monahan,Regis Monahan,
Derrick,Moncrief,Derrick Moncrief,
Donte,Moncrief,Donte Moncrief,
Kellen,Mond,Kellen Mond,
Henry,Mondeaux,Henry Mondeaux,
Mario,Monds,Mario Monds,
Wonder,Monds,Wonder Monds,
Bryan,Mone,Bryan Mone,
Avery,Monfort,Avery Monfort,
Matt,Monger,Matt Monger,
Art,Monk+,Art Monk+,
Jacob,Monk,Jacob Monk,
Quincy,Monk,Quincy Monk,
Bob,Monnett,Bob Monnett,
Carl,Monroe,Carl Monroe,
Eugene,Monroe,Eugene Monroe,
Henry,Monroe,Henry Monroe,
Jarius,Monroe,Jarius Monroe,
Rodrick,Monroe,Rodrick Monroe,
Tommy,Mont,Tommy Mont,
Dave,Montagne,Dave Montagne,
Mel,Montalbo,Mel Montalbo,
Joe,Montana+,Joe Montana+,
Alton,Montgomery,Alton Montgomery,
Anthony,Montgomery,Anthony Montgomery,
Bill,Montgomery,Bill Montgomery,
Bill,Montgomery,Bill Montgomery,
Blanchard,Montgomery,Blanchard Montgomery,
Cleo,Montgomery,Cleo Montgomery,
Cliff,Montgomery,Cliff Montgomery,
D.J.,Montgomery,D.J. Montgomery,
David,Montgomery,David Montgomery,
Glenn,Montgomery,Glenn Montgomery,
Greg,Montgomery,Greg Montgomery,
Jim,Montgomery,Jim Montgomery,
Joe,Montgomery,Joe Montgomery,
Marv,Montgomery,Marv Montgomery,
Mike,Montgomery,Mike Montgomery,
Mike,Montgomery,Mike Montgomery,
Monty,Montgomery,Monty Montgomery,
Randy,Montgomery,Randy Montgomery,
Ross,Montgomery,Ross Montgomery,
Scottie,Montgomery,Scottie Montgomery,
Sully,Montgomery,Sully Montgomery,
Ty,Montgomery,Ty Montgomery,
Tyrone,Montgomery,Tyrone Montgomery,
Wilbert,Montgomery,Wilbert Montgomery,
Will,Montgomery,Will Montgomery,
Mike,Montler,Mike Montler,
Sankar,Montoute,Sankar Montoute,
Max,Montoya,Max Montoya,
Mark,Montreuil,Mark Montreuil,
Pete,Monty,Pete Monty,
Jake,Moody,Jake Moody,
Keith,Moody,Keith Moody,
Nick,Moody,Nick Moody,
Wilkie,Moody,Wilkie Moody,
Doug,Mooers,Doug Mooers,
Aaron,Moog,Aaron Moog,
Jeremiah,Moon,Jeremiah Moon,
Warren,Moon+,Warren Moon+,
Collin,Mooney,Collin Mooney,
Darnell,Mooney,Darnell Mooney,
Ed,Mooney,Ed Mooney,
George,Mooney,George Mooney,
Jim,Mooney,Jim Mooney,
Mike,Mooney,Mike Mooney,
Tex,Mooney,Tex Mooney,
Tim,Mooney,Tim Mooney,
Tipp,Mooney,Tipp Mooney,
Buddy,Moor,Buddy Moor,
Moore,,Moore ,
A.J.,Moore,A.J. Moore,
Al,Moore,Al Moore,
Alex,Moore,Alex Moore,
Allen,Moore,Allen Moore,
Alvin,Moore,Alvin Moore,
Arthur,Moore,Arthur Moore,
Bill,Moore,Bill Moore,
Blake,Moore,Blake Moore,
Bob,Moore,Bob Moore,
Booker,Moore,Booker Moore,
Brandon,Moore,Brandon Moore,
Brandon,Moore,Brandon Moore,
Brandon,Moore,Brandon Moore,
Brent,Moore,Brent Moore,
Bucky,Moore,Bucky Moore,
C.J.,Moore,C.J. Moore,
Charlie,Moore,Charlie Moore,
Chris,Moore,Chris Moore,
Clarence,Moore,Clarence Moore,
Cliff,Moore,Cliff Moore,
Corey,Moore,Corey Moore,
Corey,Moore,Corey Moore,
D.J.,Moore,D.J. Moore,
D.J.,Moore,D.J. Moore,
Damon,Moore,Damon Moore,
Damontre,Moore,Damontre Moore,
Dan,Moore,Dan Moore,
Dana,Moore,Dana Moore,
Darryl,Moore,Darryl Moore,
Dave,Moore,Dave Moore,
David,Moore,David Moore,
Dean,Moore,Dean Moore,
Denarius,Moore,Denarius Moore,
Denis,Moore,Denis Moore,
Derland,Moore,Derland Moore,
Derrick,Moore,Derrick Moore,
Devin,Moore,Devin Moore,
Dinty,Moore,Dinty Moore,
Dre,Moore,Dre Moore,
Eddie,Moore,Eddie Moore,
Elijah,Moore,Elijah Moore,
Eric,Moore,Eric Moore,
Eric,Moore,Eric Moore,
Evan,Moore,Evan Moore,
Fred,Moore,Fred Moore,
Gene,Moore,Gene Moore,
Gene,Moore,Gene Moore,
Greg,Moore,Greg Moore,
Henry,Moore,Henry Moore,
Herman,Moore,Herman Moore,
Mon,Moore,Mon Moore,
Jason,Moore,Jason Moore,
Jason,Moore,Jason Moore,
Jaylon,Moore,Jaylon Moore,
Jeff,Moore,Jeff Moore,
Jeff,Moore,Jeff Moore,
Jerald,Moore,Jerald Moore,
Jerry,Moore,Jerry Moore,
Jimmy,Moore,Jimmy Moore,
Joe,Moore,Joe Moore,
Joshua,Moore,Joshua Moore,
Kamrin,Moore,Kamrin Moore,
Kareem,Moore,Kareem Moore,
Kellen,Moore,Kellen Moore,
Kelvin,Moore,Kelvin Moore,
Ken,Moore,Ken Moore,
Ken,Moore,Ken Moore,
Kenny,Moore,Kenny Moore,
Kenny,Moore,Kenny Moore,
Kyle,Moore,Kyle Moore,
Lance,Moore,Lance Moore,
Langston,Moore,Langston Moore,
Larry,Moore,Larry Moore,
Lenny,Moore+,Lenny Moore+,
Leonard,Moore,Leonard Moore,
Leroy,Moore,Leroy Moore,
Mack,Moore,Mack Moore,
Malcolm,Moore,Malcolm Moore,
Manfred,Moore,Manfred Moore,
Mark,Moore,Mark Moore,
Marlon,Moore,Marlon Moore,
Marty,Moore,Marty Moore,
Matt,Moore,Matt Moore,
Maulty,Moore,Maulty Moore,
McNeil,Moore,McNeil Moore,
Mewelde,Moore,Mewelde Moore,
Michael,Moore,Michael Moore,
Nat,Moore,Nat Moore,
Nick,Moore,Nick Moore,
Paul,Moore,Paul Moore,
Rahim,Moore,Rahim Moore,
Randy,Moore,Randy Moore,
Rashad,Moore,Rashad Moore,
Red,Moore,Red Moore,
Reynaud,Moore,Reynaud Moore,
Rich,Moore,Rich Moore,
Ricky,Moore,Ricky Moore,
Rob,Moore,Rob Moore,
Robert,Moore,Robert Moore,
Rocco,Moore,Rocco Moore,
Ron,Moore,Ron Moore,
Ronald,Moore,Ronald Moore,
Rondale,Moore,Rondale Moore,
Shawn,Moore,Shawn Moore,
Sio,Moore,Sio Moore,
Skai,Moore,Skai Moore,
Skyy,Moore,Skyy Moore,
Sterling,Moore,Sterling Moore,
Steve,Moore,Steve Moore,
Stevon,Moore,Stevon Moore,
Tarvarius,Moore,Tarvarius Moore,
Tom,Moore,Tom Moore,
Wayne,Moore,Wayne Moore,
Wilbur,Moore,Wilbur Moore,
Will,Moore,Will Moore,
William,Moore,William Moore,
Zach,Moore,Zach Moore,
Zeke,Moore,Zeke Moore,
Aaron,Moorehead,Aaron Moorehead,
Emery,Moorehead,Emery Moorehead,
Kindal,Moorehead,Kindal Moorehead,
John,Mooring,John Mooring,
Brian,Moorman,Brian Moorman,
Mo,Moorman,Mo Moorman,
Jim,Mooty,Jim Mooty,
Tim,Morabito,Tim Morabito,
Gonzalo,Morales,Gonzalo Morales,
Eric,Moran,Eric Moran,
Frank,Moran,Frank Moran,
Hap,Moran,Hap Moran,
Jim,Moran,Jim Moran,
Jim,Moran,Jim Moran,
Rich,Moran,Rich Moran,
Sean,Moran,Sean Moran,
Tom,Moran,Tom Moran,
Johnnie,Morant,Johnnie Morant,
Doug,Moreau,Doug Moreau,
Fabian,Moreau,Fabian Moreau,
Foster,Moreau,Foster Moreau,
Frank,Moreau,Frank Moreau,
Joe,Moreino,Joe Moreino,
Earthwind,Moreland,Earthwind Moreland,
Jake,Moreland,Jake Moreland,
Jimmy,Moreland,Jimmy Moreland,
Fran,Morelli,Fran Morelli,
John,Morelli,John Morelli,
Vernand,Morency,Vernand Morency,
Knowshon,Moreno,Knowshon Moreno,
Moses,Moreno,Moses Moreno,
Zeke,Moreno,Zeke Moreno,
Cropper,,Cropper ,
Tim,Moresco,Tim Moresco,
Sean,Morey,Sean Morey,
Arnold,Morgado,Arnold Morgado,
Aaron,Morgan,Aaron Morgan,
Anthony,Morgan,Anthony Morgan,
Bill,Morgan,Bill Morgan,
Bob,Morgan,Bob Morgan,
Bobby,Morgan,Bobby Morgan,
Boyd,Morgan,Boyd Morgan,
DaJuan,Morgan,DaJuan Morgan,
Dan,Morgan,Dan Morgan,
Dan,Morgan,Dan Morgan,
David,Morgan,David Morgan,
Dennis,Morgan,Dennis Morgan,
Derrick,Morgan,Derrick Morgan,
Don,Morgan,Don Morgan,
Donovan,Morgan,Donovan Morgan,
Dwayne,Morgan,Dwayne Morgan,
Joe,Morgan,Joe Morgan,
Joe,Morgan,Joe Morgan,
Jordan,Morgan,Jordan Morgan,
Josh,Morgan,Josh Morgan,
Karl,Morgan,Karl Morgan,
Matt,Morgan,Matt Morgan,
Melvin,Morgan,Melvin Morgan,
Mike,Morgan,Mike Morgan,
Mike,Morgan,Mike Morgan,
Mike,Morgan,Mike Morgan,
Quincy,Morgan,Quincy Morgan,
Stanley,Morgan,Stanley Morgan,
Stanley,Morgan,Stanley Morgan,
Larry,Moriarty,Larry Moriarty,
Pat,Moriarty,Pat Moriarty,
Tom,Moriarty,Tom Moriarty,
Milt,Morin,Milt Morin,
Brett,Moritz,Brett Moritz,
Sam,Morley,Sam Morley,
Steve,Morley,Steve Morley,
Jack,Morlock,Jack Morlock,
Mike,Moroski,Mike Moroski,
Cameron,Morrah,Cameron Morrah,
Earl,Morrall,Earl Morrall,
Kyle,Morrell,Kyle Morrell,
Alfred,Morris,Alfred Morris,
Aric,Morris,Aric Morris,
Bam,Morris,Bam Morris,
Bob,Morris,Bob Morris,
Bob,Morris,Bob Morris,
Chris,Morris,Chris Morris,
Chris,Morris,Chris Morris,
Darryl,Morris,Darryl Morris,
Dennit,Morris,Dennit Morris,
Donnie,Joe,Donnie Joe,
Dwaine,Morris,Dwaine Morris,
Frank,Morris,Frank Morris,
George,Morris,George Morris,
George,Morris,George Morris,
Glenn,Morris,Glenn Morris,
Jack,Morris,Jack Morris,
James,Morris,James Morris,
Jamie,Morris,Jamie Morris,
Jim,Bob,Jim Bob,
Joe,Morris,Joe Morris,
Johnny,Morris,Johnny Morris,
Jon,Morris,Jon Morris,
Larry,Morris,Larry Morris,
Larry,Morris,Larry Morris,
Lee,Morris,Lee Morris,
Maurice,Morris,Maurice Morris,
Max,Morris,Max Morris,
Mercury,Morris,Mercury Morris,
Mike,Morris,Mike Morris,
Mike,Morris,Mike Morris,
Patrick,Morris,Patrick Morris,
Quintin,Morris,Quintin Morris,
Randall,Morris,Randall Morris,
Raymond,Morris,Raymond Morris,
Riley,Morris,Riley Morris,
Rob,Morris,Rob Morris,
Ron,Morris,Ron Morris,
Sammy,Morris,Sammy Morris,
Sylvester,Morris,Sylvester Morris,
Tom,Morris,Tom Morris,
Victor,Morris,Victor Morris,
Wanya,Morris,Wanya Morris,
Wayne,Morris,Wayne Morris,
Antonio,Morrison,Antonio Morrison,
Darryl,Morrison,Darryl Morrison,
Dave,Morrison,Dave Morrison,
Dennis,Morrison,Dennis Morrison,
Doc,Morrison,Doc Morrison,
Don,Morrison,Don Morrison,
Fred,Morrison,Fred Morrison,
Joe,Morrison,Joe Morrison,
Kirk,Morrison,Kirk Morrison,
Pat,Morrison,Pat Morrison,
Pop,Morrison,Pop Morrison,
Reece,Morrison,Reece Morrison,
Ron,Morrison,Ron Morrison,
Steve,Morrison,Steve Morrison,
Tim,Morrison,Tim Morrison,
Guy,Morriss,Guy Morriss,
Frank,Morrissey,Frank Morrissey,
Jim,Morrissey,Jim Morrissey,
Jimmy,Morrissey,Jimmy Morrissey,
Bob,Morrow,Bob Morrow,
Harold,Morrow,Harold Morrow,
Jim,Morrow,Jim Morrow,
John,Morrow,John Morrow,
Nicholas,Morrow,Nicholas Morrow,
Russ,Morrow,Russ Morrow,
Tommy,Morrow,Tommy Morrow,
Bobby,Morse,Bobby Morse,
Butch,Morse,Butch Morse,
Mitch,Morse,Mitch Morse,
Red,Morse,Red Morse,
Steve,Morse,Steve Morse,
Thomas,Morstead,Thomas Morstead,
Emmett,Mortell,Emmett Mortell,
Chad,Morton,Chad Morton,
Christian,Morton,Christian Morton,
Craig,Morton,Craig Morton,
Dave,Morton,Dave Morton,
Greg,Morton,Greg Morton,
Jack,Morton,Jack Morton,
John,Morton,John Morton,
Johnnie,Morton,Johnnie Morton,
Michael,Morton,Michael Morton,
Mike,Morton,Mike Morton,
Frank,Morze,Frank Morze,
Arron,Mosby,Arron Mosby,
Monk,Moscrip,Monk Moscrip,
Don,Mosebar,Don Mosebar,
Emmanuel,Moseley,Emmanuel Moseley,
Mark,Moseley,Mark Moseley,
Dom,Moselle,Dom Moselle,
Quandre,Mosely,Quandre Mosely,
Bob,Moser,Bob Moser,
Rick,Moser,Rick Moser,
Ted,Moser,Ted Moser,
Dezman,Moses,Dezman Moses,
Don,Moses,Don Moses,
Haven,Moses,Haven Moses,
J.J.,Moses,J.J. Moses,
Kelvin,Moses,Kelvin Moses,
Morgan,Moses,Morgan Moses,
Quentin,Moses,Quentin Moses,
Clure,Mosher,Clure Mosher,
John,Mosier,John Mosier,
Anthony,Mosley,Anthony Mosley,
Brandon,Mosley,Brandon Mosley,
C.J.,Mosley,C.J. Mosley,
C.J.,Mosley,C.J. Mosley,
Henry,Mosley,Henry Mosley,
Kendrick,Mosley,Kendrick Mosley,
Mike,Mosley,Mike Mosley,
Norm,Mosley,Norm Mosley,
Russ,Mosley,Russ Mosley,
Wayne,Mosley,Wayne Mosley,
Avery,Moss,Avery Moss,
Brent,Moss,Brent Moss,
Eddie,Moss,Eddie Moss,
Gary,Moss,Gary Moss,
Jarvis,Moss,Jarvis Moss,
Joe,Moss,Joe Moss,
Martin,Moss,Martin Moss,
Paul,Moss,Paul Moss,
Perry,Moss,Perry Moss,
Randy,Moss+,Randy Moss+,
Riley,Moss,Riley Moss,
Roland,Moss,Roland Moss,
Santana,Moss,Santana Moss,
Sinorice,Moss,Sinorice Moss,
Winston,Moss,Winston Moss,
Zack,Moss,Zack Moss,
Zefross,Moss,Zefross Moss,
Rich,Mostardi,Rich Mostardi,
Raheem,Mostert,Raheem Mostert,
Kelley,Mote,Kelley Mote,
Adrian,Moten,Adrian Moten,
Bobby,Moten,Bobby Moten,
Eric,Moten,Eric Moten,
Gary,Moten,Gary Moten,
Mike,Moten,Mike Moten,
Bob,Motl,Bob Motl,
Marion,Motley+,Marion Motley+,
Parnell,Motley,Parnell Motley,
Taylor,Moton,Taylor Moton,
Buster,Mott,Buster Mott,
Joe,Mott,Joe Mott,
Steve,Mott,Steve Mott,
Zeke,Motta,Zeke Motta,
Eric,Moulds,Eric Moulds,
Deiontrez,Mount,Deiontrez Mount,
Jonas,Mouton,Jonas Mouton,
Ryan,Mouton,Ryan Mouton,
Zeke,Mowatt,Zeke Mowatt,
Derek,Moye,Derek Moye,
Alex,Moyer,Alex Moyer,
Ken,Moyer,Ken Moyer,
Paul,Moyer,Paul Moyer,
Dick,Moynihan,Dick Moynihan,
Tim,Moynihan,Tim Moynihan,
Mark,Mraz,Mark Mraz,
George,Mrkonic,George Mrkonic,
Bob,Mrosko,Bob Mrosko,
Gene,Mruczkowski,Gene Mruczkowski,
Scott,Mruczkowski,Scott Mruczkowski,
Henoc,Muamba,Henoc Muamba,
Darius,Muasau,Darius Muasau,
Rudy,Mucha,Rudy Mucha,
Roddrick,Muckelroy,Roddrick Muckelroy,
Jerry,Muckensturm,Jerry Muckensturm,
Larry,Mucker,Larry Mucker,
Howard,Mudd,Howard Mudd,
Frank,Muehlheuser,Frank Muehlheuser,
Chuck,Muelhaupt,Chuck Muelhaupt,
Jamie,Mueller,Jamie Mueller,
Vance,Mueller,Vance Mueller,
Bill,Muellner,Bill Muellner,
Garvin,Mugg,Garvin Mugg,
Ovie,Mughelli,Ovie Mughelli,
Joe,Muha,Joe Muha,
Quadin,Muhammad,Quadin Muhammad,
Calvin,Muhammad,Calvin Muhammad,
Muhsin,Muhammad,Muhsin Muhammad,
Mustafah,Muhammad,Mustafah Muhammad,
Don,Muhlbach,Don Muhlbach,
Horst,Muhlmann,Horst Muhlmann,
Daniel,Muir,Daniel Muir,
Stan,Muirhead,Stan Muirhead,
Israel,Mukuamu,Israel Mukuamu,
Key,,Key ,
Mike,Mularkey,Mike Mularkey,
Joe,Mulbarger,Joe Mulbarger,
Edwin,Mulitalo,Edwin Mulitalo,
Tom,Mullady,Tom Mullady,
Mark,Mullaney,Mark Mullaney,
Davlin,Mullen,Davlin Mullen,
Gary,Mullen,Gary Mullen,
Roderick,Mullen,Roderick Mullen,
Samuel,Mullen,Samuel Mullen,
Tom,Mullen,Tom Mullen,
Trayvon,Mullen,Trayvon Mullen,
Vern,Mullen,Vern Mullen,
Carl,Mulleneaux,Carl Mulleneaux,
Lee,Mulleneaux,Lee Mulleneaux,
Nick,Mullens,Nick Mullens,
Brick,Muller,Brick Muller,
George,Mulligan,George Mulligan,
Matthew,Mulligan,Matthew Mulligan,
Wayne,Mulligan,Wayne Mulligan,
Don,Mullins,Don Mullins,
Eric,Mullins,Eric Mullins,
Gerry,Mullins,Gerry Mullins,
Noah,Mullins,Noah Mullins,
Jerry,Mulready,Jerry Mulready,
Andy,Mulumba,Andy Mulumba,
Vince,Mulvey,Vince Mulvey,
Chad,Muma,Chad Muma,
Tony,Mumford,Tony Mumford,
Nick,Mumley,Nick Mumley,
Keith,Mumphery,Keith Mumphery,
Lloyd,Mumphord,Lloyd Mumphord,
Lloyd,Mumphrey,Lloyd Mumphrey,
Mike,Munchak+,Mike Munchak+,
Chuck,Muncie,Chuck Muncie,
George,Munday,George Munday,
Fred,Mundee,Fred Mundee,
Johnny,Mundt,Johnny Mundt,
Ryan,Mundy,Ryan Mundy,
Marc,Munford,Marc Munford,
Thayer,Munford,Thayer Munford,
Jock,Mungavin,Jock Mungavin,
Munger,,Munger ,
James,Mungro,James Mungro,
Lyle,Munn,Lyle Munn,
Captain,Munnerlyn,Captain Munnerlyn,
George,Munns,George Munns,
Anthony,Munoz+,Anthony Munoz+,
Nelson,Munsey,Nelson Munsey,
Bill,Munson,Bill Munson,
Calvin,Munson,Calvin Munson,
Daniel,Munyer,Daniel Munyer,
Art,Murakowski,Art Murakowski,
Ed,Muransky,Ed Muransky,
Larrell,Murchison,Larrell Murchison,
Lee,Murchison,Lee Murchison,
Guy,Murdock,Guy Murdock,
Jesse,Murdock,Jesse Murdock,
Les,Murdock,Les Murdock,
Dick,Murley,Dick Murley,
Bill,Murphy,Bill Murphy,
Bill,Murphy,Bill Murphy,
Byron,Murphy,Byron Murphy,
Byron,Murphy,Byron Murphy,
Caleb,Murphy,Caleb Murphy,
Dennis,Murphy,Dennis Murphy,
Frank,Murphy,Frank Murphy,
Fred,Murphy,Fred Murphy,
Gabriel,Murphy,Gabriel Murphy,
George,Murphy,George Murphy,
Harvey,Murphy,Harvey Murphy,
James,Murphy,James Murphy,
Jerome,Murphy,Jerome Murphy,
Jim,Murphy,Jim Murphy,
Joe,Murphy,Joe Murphy,
Kevin,Murphy,Kevin Murphy,
Kyle,Murphy,Kyle Murphy,
Louis,Murphy,Louis Murphy,
Marcus,Murphy,Marcus Murphy,
Mark,Murphy,Mark Murphy,
Mark,Murphy,Mark Murphy,
Matt,Murphy,Matt Murphy,
Mike,Murphy,Mike Murphy,
Montez,Murphy,Montez Murphy,
Myles,Murphy,Myles Murphy,
Nick,Murphy,Nick Murphy,
Pace,Murphy,Pace Murphy,
Phil,Murphy,Phil Murphy,
Richard,Murphy,Richard Murphy,
Rob,Murphy,Rob Murphy,
Ryan,Murphy,Ryan Murphy,
Shawn,Murphy,Shawn Murphy,
Terrence,Murphy,Terrence Murphy,
Tom,Murphy,Tom Murphy,
Tom,Murphy,Tom Murphy,
Tommy,Murphy,Tommy Murphy,
Trent,Murphy,Trent Murphy,
Tyler,Murphy,Tyler Murphy,
Yo,Murphy,Yo Murphy,
Bunting,,Bunting ,
Bill,Murrah,Bill Murrah,
Bill,Murray,Bill Murray,
Bill,Murray,Bill Murray,
Calvin,Murray,Calvin Murray,
Dan,Murray,Dan Murray,
DeMarco,Murray,DeMarco Murray,
Eddie,Murray,Eddie Murray,
Eric,Murray,Eric Murray,
Fran,Murray,Fran Murray,
Jab,Murray,Jab Murray,
Jimmy,Murray,Jimmy Murray,
Jock,Murray,Jock Murray,
Joe,Murray,Joe Murray,
Justin,Murray,Justin Murray,
Kenneth,Murray,Kenneth Murray,
Kyler,Murray,Kyler Murray,
Latavius,Murray,Latavius Murray,
Mark,Murray,Mark Murray,
Patrick,Murray,Patrick Murray,
Rico,Murray,Rico Murray,
Walter,Murray,Walter Murray,
Adrian,Murrell,Adrian Murrell,
Bill,Murrell,Bill Murrell,
Marques,Murrell,Marques Murrell,
Don,Murry,Don Murry,
Mickey,Murtagh,Mickey Murtagh,
Greg,Murtha,Greg Murtha,
Lydon,Murtha,Lydon Murtha,
Ted,Murtha,Ted Murtha,
Nick,Muse,Nick Muse,
Tanner,Muse,Tanner Muse,
Bill,Musgrave,Bill Musgrave,
Luke,Musgrave,Luke Musgrave,
Spain,Musgrove,Spain Musgrove,
Jim,Musick,Jim Musick,
Neal,Musser,Neal Musser,
George,Musso+,George Musso+,
Johnny,Musso,Johnny Musso,
Najee,Mustafaa,Najee Mustafaa,
Malik,Mustapha,Malik Mustapha,
Chad,Mustard,Chad Mustard,
Brad,Muster,Brad Muster,
PJ,Mustipher,PJ Mustipher,
Sam,Mustipher,Sam Mustipher,
Netane,Muti,Netane Muti,
Chet,Mutryn,Chet Mutryn,
Jim,Mutscheller,Jim Mutscheller,
Chris,Myarick,Chris Myarick,
Steve,Myer,Steve Myer,
Bob,Myers,Bob Myers,
Bobby,Myers,Bobby Myers,
Brad,Myers,Brad Myers,
Brandon,Myers,Brandon Myers,
Chip,Myers,Chip Myers,
Chris,Myers,Chris Myers,
Dave,Myers,Dave Myers,
Denny,Myers,Denny Myers,
Frank,Myers,Frank Myers,
Greg,Myers,Greg Myers,
Jack,Myers,Jack Myers,
Jason,Myers,Jason Myers,
Josh,Myers,Josh Myers,
Leonard,Myers,Leonard Myers,
Michael,Myers,Michael Myers,
Rob,Myers,Rob Myers,
Ryan,Myers,Ryan Myers,
Tom,Myers,Tom Myers,
Tom,Myers,Tom Myers,
Tommy,Myers,Tommy Myers,
Truck,Myers,Truck Myers,
Wilbur,Myers,Wilbur Myers,
Steve,Myhra,Steve Myhra,
DeShone,Myles,DeShone Myles,
Godfrey,Myles,Godfrey Myles,
Harry,Myles,Harry Myles,
Jesse,Myles,Jesse Myles,
Reggie,Myles,Reggie Myles,
Toby,Myles,Toby Myles,
Alexander,Myres,Alexander Myres,
Jalen,Myrick,Jalen Myrick,
Chip,Myrtle,Chip Myrtle,
Tom,Myslinski,Tom Myslinski,
Legedu,Naanee,Legedu Naanee,
Gabe,Nabers,Gabe Nabers,
Malik,Nabers,Malik Nabers,
Roland,Nabors,Roland Nabors,
Andy,Nacrelli,Andy Nacrelli,
Kai,Nacua,Kai Nacua,
Puka,Nacua,Puka Nacua,
Jesse,Nading,Jesse Nading,
Peaches,Nadolney,Peaches Nadolney,
Chris,Naeole,Chris Naeole,
Dana,Nafziger,Dana Nafziger,
Ray,Nagel,Ray Nagel,
Ross,Nagel,Ross Nagel,
Chris,Naggar,Chris Naggar,
Browning,Nagle,Browning Nagle,
Johnny,Nagle,Johnny Nagle,
Gern,Nagler,Gern Nagler,
Bronko,Nagurski+,Bronko Nagurski+,
Bill,Nagy,Bill Nagy,
Jalen,Nailor,Jalen Nailor,
Jamie,Nails,Jamie Nails,
John,Naioti,John Naioti,
Ralph,Nairn,Ralph Nairn,
Rob,Nairne,Rob Nairne,
Peter,Najarian,Peter Najarian,
Haruki,Nakamura,Haruki Nakamura,
John,Nalbone,John Nalbone,
Tom,Nalen,Tom Nalen,
Craig,Nall,Craig Nall,
Ryan,Nall,Ryan Nall,
Joe,Namath+,Joe Namath+,
Dimitri,Nance,Dimitri Nance,
Jim,Nance,Jim Nance,
Martin,Nance,Martin Nance,
Terna,Nande,Terna Nande,
Walter,Napier,Walter Napier,
Bob,Naponic,Bob Naponic,
Eric,Naposki,Eric Naposki,
Nick,Nardacci,Nick Nardacci,
Dick,Nardi,Dick Nardi,
Brayden,Narveson,Brayden Narveson,
Bob,Nash,Bob Nash,
Damien,Nash,Damien Nash,
Joe,Nash,Joe Nash,
Kenny,Nash,Kenny Nash,
Keyon,Nash,Keyon Nash,
Marcus,Nash,Marcus Nash,
Tom,Nash,Tom Nash,
Zack,Nash,Zack Nash,
Hamsah,Nasirildeen,Hamsah Nasirildeen,
Ed,Nason,Ed Nason,
Carl,Nassib,Carl Nassib,
Ryan,Nassib,Ryan Nassib,
Tony,Nathan,Tony Nathan,
Brian,Natkin,Brian Natkin,
Andy,Natowich,Andy Natowich,
Jojo,Natson,Jojo Natson,
Mike,Nattiel,Mike Nattiel,
Ricky,Nattiel,Ricky Nattiel,
Fred,Naumetz,Fred Naumetz,
Paul,Naumoff,Paul Naumoff,
Johnny,Naumu,Johnny Naumu,
Isaac,Nauta,Isaac Nauta,
Jeremy,Navarre,Jeremy Navarre,
John,Navarre,John Navarre,
Steve,Nave,Steve Nave,
Hannibal,Navies,Hannibal Navies,
Ikechuku,Ndukwe,Ikechuku Ndukwe,
Nedu,Ndukwe,Nedu Ndukwe,
Clem,Neacy,Clem Neacy,
Spencer,Nead,Spencer Nead,
Dan,Neal,Dan Neal,
Ed,Neal,Ed Neal,
Elias,Neal,Elias Neal,
Evan,Neal,Evan Neal,
Frankie,Neal,Frankie Neal,
Keanu,Neal,Keanu Neal,
Leon,Neal,Leon Neal,
Lewis,Neal,Lewis Neal,
Lorenzo,Neal,Lorenzo Neal,
Louis,Neal,Louis Neal,
Mike,Neal,Mike Neal,
Randy,Neal,Randy Neal,
Ray,Neal,Ray Neal,
Richard,Neal,Richard Neal,
Ryan,Neal,Ryan Neal,
Siran,Neal,Siran Neal,
Speedy,Neal,Speedy Neal,
Steve,Neal,Steve Neal,
Ray,Nealy,Ray Nealy,
Aaron,Neary,Aaron Neary,
Mike,Nease,Mike Nease,
Sharrod,Neasman,Sharrod Neasman,
Andre,Neblett,Andre Neblett,
Ryan,Nece,Ryan Nece,
Tommy,Neck,Tommy Neck,
Derrick,Ned,Derrick Ned,
Larry,Ned,Larry Ned,
Joe,Nedney,Joe Nedney,
Nik,Needham,Nik Needham,
Bobby,Neely,Bobby Neely,
Ralph,Neely,Ralph Neely,
Bob,Neff,Bob Neff,
Fred,Negus,Fred Negus,
Renaldo,Nehemiah,Renaldo Nehemiah,
John,Neidert,John Neidert,
Billy,Neighbors,Billy Neighbors,
Dallas,Neil,Dallas Neil,
Dan,Neil,Dan Neil,
Kenny,Neil,Kenny Neil,
Chris,Neild,Chris Neild,
Bill,Neill,Bill Neill,
Jim,Neill,Jim Neill,
Ryan,Neill,Ryan Neill,
Steve,Neils,Steve Neils,
Cory,Nelms,Cory Nelms,
Mike,Nelms,Mike Nelms,
Bill,Nelsen,Bill Nelsen,
Al,Nelson,Al Nelson,
Andy,Nelson,Andy Nelson,
Anthony,Nelson,Anthony Nelson,
Ben,Nelson,Ben Nelson,
Benny,Nelson,Benny Nelson,
Bill,Nelson,Bill Nelson,
Bob,Nelson,Bob Nelson,
Bob,Nelson,Bob Nelson,
Bruce,Nelson,Bruce Nelson,
Chuck,Nelson,Chuck Nelson,
Corey,Nelson,Corey Nelson,
Darrell,Nelson,Darrell Nelson,
Darrin,Nelson,Darrin Nelson,
David,Nelson,David Nelson,
David,Nelson,David Nelson,
Dennis,Nelson,Dennis Nelson,
Derrie,Nelson,Derrie Nelson,
Don,Nelson,Don Nelson,
Don,Nelson,Don Nelson,
Edmund,Nelson,Edmund Nelson,
Frank,Nelson,Frank Nelson,
Herb,Nelson,Herb Nelson,
Jerico,Nelson,Jerico Nelson,
Jim,Nelson,Jim Nelson,
Jimmy,Nelson,Jimmy Nelson,
JJ,Nelson,JJ Nelson,
Jonathan,Nelson,Jonathan Nelson,
Jordy,Nelson,Jordy Nelson,
Karl,Nelson,Karl Nelson,
Kyle,Nelson,Kyle Nelson,
Lee,Nelson,Lee Nelson,
Mark,Nelson,Mark Nelson,
Matt,Nelson,Matt Nelson,
Nick,Nelson,Nick Nelson,
Packie,Nelson,Packie Nelson,
Quenton,Nelson,Quenton Nelson,
Ralph,Nelson,Ralph Nelson,
Reggie,Nelson,Reggie Nelson,
Reggie,Nelson,Reggie Nelson,
Rhett,Nelson,Rhett Nelson,
Robert,Nelson,Robert Nelson,
Robert,Nelson,Robert Nelson,
Shane,Nelson,Shane Nelson,
Shawn,Nelson,Shawn Nelson,
Steve,Nelson,Steve Nelson,
Steven,Nelson,Steven Nelson,
Teddy,Nelson,Teddy Nelson,
Terry,Nelson,Terry Nelson,
Tom,Nelson,Tom Nelson,
Andy,Nemecek,Andy Nemecek,
Jerry,Nemecek,Jerry Nemecek,
Steve,Nemeth,Steve Nemeth,
Ted,Nemzek,Ted Nemzek,
Carl,Nery,Carl Nery,
Ron,Nery,Ron Nery,
Jamar,Nesbit,Jamar Nesbit,
Dick,Nesbitt,Dick Nesbitt,
Nate,Ness,Nate Ness,
Al,Nesser,Al Nesser,
Charlie,Nesser,Charlie Nesser,
Frank,Nesser,Frank Nesser,
Fred,Nesser,Fred Nesser,
John,Nesser,John Nesser,
Phil,Nesser,Phil Nesser,
Ted,Nesser,Ted Nesser,
Bill,Netherton,Bill Netherton,
Doug,Nettles,Doug Nettles,
Jim,Nettles,Jim Nettles,
Keith,Neubert,Keith Neubert,
Ryan,Neufeld,Ryan Neufeld,
Rick,Neuheisel,Rick Neuheisel,
Quentin,Neujahr,Quentin Neujahr,
Bob,Neuman,Bob Neuman,
Tom,Neumann,Tom Neumann,
Ryan,Neuzil,Ryan Neuzil,
Ernie,Nevers+,Ernie Nevers+,
Elijah,Nevett,Elijah Nevett,
Tom,Neville,Tom Neville,
Tom,Neville,Tom Neville,
Drake,Nevis,Drake Nevis,
Bill,Newashe,Bill Newashe,
Jeremy,Newberry,Jeremy Newberry,
Tom,Newberry,Tom Newberry,
Richard,Newbill,Richard Newbill,
Steve,Newell,Steve Newell,
Marshall,Newhouse,Marshall Newhouse,
Reggie,Newhouse,Reggie Newhouse,
Robert,Newhouse,Robert Newhouse,
Robert,Newkirk,Robert Newkirk,
Bob,Newland,Bob Newland,
Harry,Newland,Harry Newland,
Anthony,Newman,Anthony Newman,
Ed,Newman,Ed Newman,
Harry,Newman,Harry Newman,
Harry,Newman,Harry Newman,
Keith,Newman,Keith Newman,
Obie,Newman,Obie Newman,
Pat,Newman,Pat Newman,
Royce,Newman,Royce Newman,
Terence,Newman,Terence Newman,
Tim,Newman,Tim Newman,
Johnson,,Johnson ,
Don,Newmeyer,Don Newmeyer,
Tony,Newsom,Tony Newsom,
Billy,Newsome,Billy Newsome,
Craig,Newsome,Craig Newsome,
Dazz,Newsome,Dazz Newsome,
Detrez,Newsome,Detrez Newsome,
Greg,Newsome,Greg Newsome,
Harry,Newsome,Harry Newsome,
Jamar,Newsome,Jamar Newsome,
Jonathan,Newsome,Jonathan Newsome,
Ozzie,Newsome+,Ozzie Newsome+,
Richard,Newsome,Richard Newsome,
Timmy,Newsome,Timmy Newsome,
Vince,Newsome,Vince Newsome,
Kendall,Newson,Kendall Newson,
Tony,Newson,Tony Newson,
Bob,Newton,Bob Newton,
Cam,Newton,Cam Newton,
Cam,Newton,Cam Newton,
Chuck,Newton,Chuck Newton,
Derek,Newton,Derek Newton,
Zhan,Newton,Zhan Newton,
Jim,Newton,Jim Newton,
Josh,Newton,Josh Newton,
Mike,Newton,Mike Newton,
Nate,Newton,Nate Newton,
Tim,Newton,Tim Newton,
Tom,Newton,Tom Newton,
Yannick,Ngakoue,Yannick Ngakoue,
Haloti,Ngata,Haloti Ngata,
Dat,Nguyen,Dat Nguyen,
Lucas,Niang,Lucas Niang,
Armand,Niccolai,Armand Niccolai,
Jim,Nicely,Jim Nicely,
Al,Nichelini,Al Nichelini,
Calvin,Nicholas,Calvin Nicholas,
Stephen,Nicholas,Stephen Nicholas,
Allen,Nichols,Allen Nichols,
Bilal,Nichols,Bilal Nichols,
Bob,Nichols,Bob Nichols,
Bobby,Nichols,Bobby Nichols,
Deatrick,Nichols,Deatrick Nichols,
Gerald,Nichols,Gerald Nichols,
Hamilton,Nichols,Hamilton Nichols,
John,Nichols,John Nichols,
Mark,Nichols,Mark Nichols,
Mark,Nichols,Mark Nichols,
Mike,Nichols,Mike Nichols,
Ralph,Nichols,Ralph Nichols,
Rayshad,Nichols,Rayshad Nichols,
Ricky,Nichols,Ricky Nichols,
Robbie,Nichols,Robbie Nichols,
Sid,Nichols,Sid Nichols,
A.J.,Nicholson,A.J. Nicholson,
Calvin,Nicholson,Calvin Nicholson,
Donte,Nicholson,Donte Nicholson,
Frank,Nicholson,Frank Nicholson,
Jim,Nicholson,Jim Nicholson,
Montae,Nicholson,Montae Nicholson,
Elbie,Nickel,Elbie Nickel,
Hardy,Nickerson,Hardy Nickerson,
Hardy,Nickerson,Hardy Nickerson,
Parry,Nickerson,Parry Nickerson,
Donnie,Nickey,Donnie Nickey,
Ed,Nickla,Ed Nickla,
Pete,Nicklas,Pete Nicklas,
Carl,Nicks,Carl Nicks,
Hakeem,Nicks,Hakeem Nicks,
George,Nicksich,George Nicksich,
Dadi,Nicolas,Dadi Nicolas,
Scott,Nicolas,Scott Nicolas,
Bruno,Niedziela,Bruno Niedziela,
Fanny,Niehaus,Fanny Niehaus,
Ralph,Niehaus,Ralph Niehaus,
Steve,Niehaus,Steve Niehaus,
Robert,Niehoff,Robert Niehoff,
Gifford,Nielsen,Gifford Nielsen,
Hans,Nielsen,Hans Nielsen,
Walt,Nielsen,Walt Nielsen,
Nielson,,Nielson ,
Ben,Niemann,Ben Niemann,
Nick,Niemann,Nick Niemann,
Wally,Niemann,Wally Niemann,
Laurie,Niemi,Laurie Niemi,
Doug,Nienhuis,Doug Nienhuis,
John,Nies,John Nies,
Michael,Niese,Michael Niese,
Nick,Nighswander,Nick Nighswander,
Yosh,Nijman,Yosh Nijman,
Troy,Niklas,Troy Niklas,
John,Niland,John Niland,
Jerry,Niles,Jerry Niles,
Reed,Nilsen,Reed Nilsen,
Rob,Ninkovich,Rob Ninkovich,
Jim,Ninowski,Jim Ninowski,
Maury,Nipp,Maury Nipp,
Dave,Nisbet,Dave Nisbet,
John,Nisby,John Nisby,
Hunter,Niswander,Hunter Niswander,
Rudy,Niswanger,Rudy Niswanger,
Ray,Nitschke+,Ray Nitschke+,
Bjorn,Nittmo,Bjorn Nittmo,
Bo,Nix,Bo Nix,
Doyle,Nix,Doyle Nix,
Emery,Nix,Emery Nix,
George,Nix,George Nix,
Jack,Nix,Jack Nix,
Jack,Nix,Jack Nix,
John,Nix,John Nix,
Kent,Nix,Kent Nix,
Louis,Nix,Louis Nix,
Lucas,Nix,Lucas Nix,
Roosevelt,Nix,Roosevelt Nix,
Roosevelt,Nix,Roosevelt Nix,
David,Nixon,David Nixon,
Daviyon,Nixon,Daviyon Nixon,
Fred,Nixon,Fred Nixon,
James,Nixon,James Nixon,
Jeff,Nixon,Jeff Nixon,
Keisean,Nixon,Keisean Nixon,
Mike,Nixon,Mike Nixon,
Taurean,Nixon,Taurean Nixon,
Tory,Nixon,Tory Nixon,
Xavier,Nixon,Xavier Nixon,
Cameron,Nizialek,Cameron Nizialek,
Bob,Niziolek,Bob Niziolek,
David,Njoku,David Njoku,
Maema,Njongmeta,Maema Njongmeta,
Chad,Nkang,Chad Nkang,
Elijah,Nkansah,Elijah Nkansah,
Robert,Nkemdiche,Robert Nkemdiche,
Mathias,Nkwenti,Mathias Nkwenti,
Derrick,Nnadi,Derrick Nnadi,
Leo,Nobile,Leo Nobile,
Tommy,Nobis,Tommy Nobis,
Brandon,Noble,Brandon Noble,
Brian,Noble,Brian Noble,
Danny,Noble,Danny Noble,
Dave,Noble,Dave Noble,
Dick,Noble,Dick Noble,
Don,Noble,Don Noble,
James,Noble,James Noble,
Jim,Noble,Jim Noble,
Mike,Noble,Mike Noble,
John,Nocera,John Nocera,
George,Nock,George Nock,
Terry,Nofsinger,Terry Nofsinger,
Al,Noga,Al Noga,
Niko,Noga,Niko Noga,
Pete,Noga,Pete Noga,
Dick,Nolan,Dick Nolan,
Earl,Nolan,Earl Nolan,
John,Nolan,John Nolan,
John,Nolan,John Nolan,
Troy,Nolan,Troy Nolan,
Don,Nolander,Don Nolander,
Ben,Noll,Ben Noll,
Chuck,Noll+,Chuck Noll+,
Ray,Nolting,Ray Nolting,
Leo,Nomellini+,Leo Nomellini+,
Tom,Nomina,Tom Nomina,
Ike,Nonnemaker,Ike Nonnemaker,
Danny,Noonan,Danny Noonan,
Jerry,Noonan,Jerry Noonan,
Karl,Noonan,Karl Noonan,
John,Noppenberg,John Noppenberg,
John,Norbeck,John Norbeck,
Hank,Norberg,Hank Norberg,
John,Norby,John Norby,
Keith,Nord,Keith Nord,
Fred,Nordgren,Fred Nordgren,
Jake,Nordin,Jake Nordin,
Mark,Nordquist,Mark Nordquist,
Swede,Nordstrom,Swede Nordstrom,
Al,Norgard,Al Norgard,
Erik,Norgard,Erik Norgard,
Reino,Nori,Reino Nori,
Ben,Norman,Ben Norman,
Bob,Norman,Bob Norman,
Chris,Norman,Chris Norman,
Dennis,Norman,Dennis Norman,
Dick,Norman,Dick Norman,
Jim,Norman,Jim Norman,
Joe,Norman,Joe Norman,
Josh,Norman,Josh Norman,
Josh,Norman,Josh Norman,
Pettis,Norman,Pettis Norman,
Tim,Norman,Tim Norman,
Tony,Norman,Tony Norman,
Will,Norman,Will Norman,
David,Norrie,David Norrie,
Hal,Norris,Hal Norris,
Jack,Norris,Jack Norris,
Jared,Norris,Jared Norris,
Jerome,Norris,Jerome Norris,
Jim,Norris,Jim Norris,
Jimmy,Norris,Jimmy Norris,
Jon,Norris,Jon Norris,
Moran,Norris,Moran Norris,
Morice,Norris,Morice Norris,
Slade,Norris,Slade Norris,
Trusse,Norris,Trusse Norris,
Ulysses,Norris,Ulysses Norris,
Mike,Norseth,Mike Norseth,
Jim,North,Jim North,
John,North,John North,
Dennis,Northcutt,Dennis Northcutt,
Gabe,Northern,Gabe Northern,
Brad,Nortman,Brad Nortman,
Don,Norton,Don Norton,
Jerry,Norton,Jerry Norton,
Jim,Norton,Jim Norton,
Jim,Norton,Jim Norton,
Ken,Norton,Ken Norton,
Marty,Norton,Marty Norton,
Ray,Norton,Ray Norton,
Ray,Norton,Ray Norton,
Rick,Norton,Rick Norton,
Storm,Norton,Storm Norton,
Zach,Norton,Zach Norton,
Jay,Norvell,Jay Norvell,
Andrew,Norwell,Andrew Norwell,
Eric,Norwood,Eric Norwood,
Jerious,Norwood,Jerious Norwood,
Jordan,Norwood,Jordan Norwood,
Kevin,Norwood,Kevin Norwood,
Ralph,Norwood,Ralph Norwood,
Scott,Norwood,Scott Norwood,
Tre,Norwood,Tre Norwood,
John,Nosich,John Nosich,
Joseph,Noteboom,Joseph Noteboom,
Doug,Nott,Doug Nott,
Mike,Nott,Mike Nott,
Dexter,Nottage,Dexter Nottage,
Don,Nottingham,Don Nottingham,
Hunter,Nourzad,Hunter Nourzad,
Jay,Novacek,Jay Novacek,
Eddie,Novak,Eddie Novak,
Jack,Novak,Jack Novak,
Jeff,Novak,Jeff Novak,
Ken,Novak,Ken Novak,
Nick,Novak,Nick Novak,
Craig,Novitsky,Craig Novitsky,
Brent,Novoselsky,Brent Novoselsky,
Ray,Novotny,Ray Novotny,
Joe,Novsek,Joe Novsek,
Drew,Nowak,Drew Nowak,
Gary,Nowak,Gary Nowak,
Walt,Nowak,Walt Nowak,
Trevor,Nowaske,Trevor Nowaske,
Bob,Nowaskey,Bob Nowaskey,
Tom,Nowatzke,Tom Nowatzke,
Len,Noyes,Len Noyes,
Ty,Nsekhe,Ty Nsekhe,
Tyler,Nubin,Tyler Nubin,
Clem,Nugent,Clem Nugent,
Dan,Nugent,Dan Nugent,
David,Nugent,David Nugent,
Mike,Nugent,Mike Nugent,
Phil,Nugent,Phil Nugent,
Terry,Nugent,Terry Nugent,
Keith,Null,Keith Null,
Julian,Nunamaker,Julian Nunamaker,
Roches,,Roches ,
Frank,Nunley,Frank Nunley,
Jeremy,Nunley,Jeremy Nunley,
Freddie,Joe,Freddie Joe,
R.B.,Nunnery,R.B. Nunnery,
Josh,Nurse,Josh Nurse,
Bob,Nussbaumer,Bob Nussbaumer,
Doug,Nussmeier,Doug Nussmeier,
Tom,Nutten,Tom Nutten,
Buzz,Nutter,Buzz Nutter,
Ed,Nutting,Ed Nutting,
Jerry,Nuzum,Jerry Nuzum,
Rick,Nuzum,Rick Nuzum,
Chip,Nuzzo,Chip Nuzzo,
Ogemdi,Nwagbuo,Ogemdi Nwagbuo,
Uche,Nwaneri,Uche Nwaneri,
Kene,Nwangwu,Kene Nwangwu,
Chukie,Nwokorie,Chukie Nwokorie,
Uchenna,Nwosu,Uchenna Nwosu,
Mally,Nydall,Mally Nydall,
Blaine,Nye,Blaine Nye,
Dick,Nyers,Dick Nyers,
Bernie,Nygren,Bernie Nygren,
Lee,Nystrom,Lee Nystrom,
Vic,Nyvall,Vic Nyvall,
Mark,Nzeocha,Mark Nzeocha,
Bard,,Bard ,
Berry,,Berry ,
Boyle,,Boyle ,
Bradovich,,Bradovich ,
Brien,,Brien ,
Brien,,Brien ,
Brien,,Brien ,
Brien,,Brien ,
Brien,,Brien ,
Brien,,Brien ,
Brien,,Brien ,
Brien,,Brien ,
Brien,,Brien ,
Brien,,Brien ,
Brien,,Brien ,
Callaghan,,Callaghan ,
Callaghan,,Callaghan ,
Connell,,Connell ,
Connell,,Connell ,
Connell,,Connell ,
Connell,,Connell ,
Connell,,Connell ,
Connell,,Connell ,
Connell,,Connell ,
Connell,,Connell ,
Connor,,Connor ,
Connor,,Connor ,
Connor,,Connor ,
Connor,,Connor ,
Connor,,Connor ,
Connor,,Connor ,
Connor,,Connor ,
Connor,,Connor ,
Daniel,,Daniel ,
Dell,,Dell ,
Donahue,,Donahue ,
Donnell,,Donnell ,
Donnell,,Donnell ,
Donnell,,Donnell ,
Donnell,,Donnell ,
Donnell,,Donnell ,
Donoghue,,Donoghue ,
Dwyer,,Dwyer ,
Hanley,,Hanley ,
Hara,,Hara ,
Hearn,,Hearn ,
Hearn,,Hearn ,
Leary,,Leary ,
Leary,,Leary ,
Mahoney,,Mahoney ,
Malley,,Malley ,
Malley,,Malley ,
Malley,,Malley ,
Malley,,Malley ,
Neal,,Neal ,
Neal,,Neal ,
Neal,,Neal ,
Neal,,Neal ,
Neal,,Neal ,
Neal,,Neal ,
Neal,,Neal ,
Neal,,Neal ,
Neal,,Neal ,
Neal,,Neal ,
Neal,,Neal ,
Neil,,Neil ,
Neil,,Neil ,
Neil,,Neil ,
Neil,,Neil ,
Neill,,Neill ,
Neill,,Neill ,
Neill,,Neill ,
Neill,,Neill ,
Neill,,Neill ,
Neill,,Neill ,
Neill,,Neill ,
Quinn,,Quinn ,
Rourke,,Rourke ,
Shaughnessy,,Shaughnessy ,
Shea,,Shea ,
Steen,,Steen ,
Sullivan,,Sullivan ,
Sullivan,,Sullivan ,
Toole,,Toole ,
Don,Oakes,Don Oakes,
Anthony,Oakley,Anthony Oakley,
Charley,Oakley,Charley Oakley,
Ben,Oas,Ben Oas,
Bart,Oates,Bart Oates,
Brad,Oates,Brad Oates,
Victor,Oatis,Victor Oatis,
Carleton,Oats,Carleton Oats,
Efe,Obada,Efe Obada,
Vic,Obeck,Vic Obeck,
Dunc,Obee,Dunc Obee,
Terry,Obee,Terry Obee,
Roman,Oben,Roman Oben,
Ray,Oberbroekling,Ray Oberbroekling,
Tom,Oberg,Tom Oberg,
Cyril,Obiozor,Cyril Obiozor,
Ben,Obomanu,Ben Obomanu,
Jim,Obradovich,Jim Obradovich,
Mike,Obrovac,Mike Obrovac,
Henry,Obst,Henry Obst,
Victor,Ochi,Victor Ochi,
Steve,Octavien,Steve Octavien,
Don,Odegard,Don Odegard,
Mel,Odelli,Mel Odelli,
Curly,Oden,Curly Oden,
Derrick,Oden,Derrick Oden,
McDonald,Oden,McDonald Oden,
Ifeadi,Odenigbo,Ifeadi Odenigbo,
Dayo,Odeyingbo,Dayo Odeyingbo,
Rees,Odhiambo,Rees Odhiambo,
Osa,Odighizuwa,Osa Odighizuwa,
Owamagbe,Odighizuwa,Owamagbe Odighizuwa,
Phil,Odle,Phil Odle,
Antwan,Odom,Antwan Odom,
Chris,Odom,Chris Odom,
Cliff,Odom,Cliff Odom,
Henry,Odom,Henry Odom,
Jason,Odom,Jason Odom,
Joe,Odom,Joe Odom,
Ricky,Odom,Ricky Odom,
Sammy,Odom,Sammy Odom,
Steve,Odom,Steve Odom,
Nate,Odomes,Nate Odomes,
Riley,Odoms,Riley Odoms,
Jared,Odrick,Jared Odrick,
Urban,Odson,Urban Odson,
Thomas,Odukoya,Thomas Odukoya,
George,Odum,George Odum,
Rome,Odunze,Rome Odunze,
Verne,Oech,Verne Oech,
Cap,Oehler,Cap Oehler,
Arnie,Oehlrich,Arnie Oehlrich,
John,Oelerich,John Oelerich,
John,Offerdahl,John Offerdahl,
Kendrick,Office,Kendrick Office,
Tony,Office,Tony Office,
Willie,Offord,Willie Offord,
A.J.,Ofodile,A.J. Ofodile,
Dave,Ogas,Dave Ogas,
Emmanuel,Ogbah,Emmanuel Ogbah,
Eric,Ogbogu,Eric Ogbogu,
Amen,Ogbongbemiga,Amen Ogbongbemiga,
Chris,Ogbonnaya,Chris Ogbonnaya,
Otito,Ogbonnia,Otito Ogbonnia,
Cedric,Ogbuehi,Cedric Ogbuehi,
Jeff,Ogden,Jeff Ogden,
Jonathan,Ogden+,Jonathan Ogden+,
Ray,Ogden,Ray Ogden,
Kendall,Ogle,Kendall Ogle,
Rick,Ogle,Rick Ogle,
Alfred,Oglesby,Alfred Oglesby,
Cedric,Oglesby,Cedric Oglesby,
Evan,Oglesby,Evan Oglesby,
Paul,Oglesby,Paul Oglesby,
Alec,Ogletree,Alec Ogletree,
Andrew,Ogletree,Andrew Ogletree,
Craig,Ogletree,Craig Ogletree,
Kevin,Ogletree,Kevin Ogletree,
Pat,Ogrin,Pat Ogrin,
Dare,Ogunbowale,Dare Ogunbowale,
Adetokunbo,Ogundeji,Adetokunbo Ogundeji,
Larry,Ogunjobi,Larry Ogunjobi,
Adewale,Ogunleye,Adewale Ogunleye,
Ifeanyi,Ohalete,Ifeanyi Ohalete,
Michael,Oher,Michael Oher,
Earl,Ohlgren,Earl Ohlgren,
Ohmer,,Ohmer ,
Rich,Ohrnberger,Rich Ohrnberger,
David,Ojabo,David Ojabo,
Michael,Ojemudia,Michael Ojemudia,
Quinn,Ojinnaka,Quinn Ojinnaka,
Adewale,Ojomo,Adewale Ojomo,
Moro,Ojomo,Moro Ojomo,
John,Ojukwu,John Ojukwu,
Azeez,Ojulari,Azeez Ojulari,
BJ,Ojulari,BJ Ojulari,
Ty,Okada,Ty Okada,
Alex,Okafor,Alex Okafor,
Frank,Okam,Frank Okam,
Tony,Okanlawon,Tony Okanlawon,
Chike,Okeafor,Chike Okeafor,
Bobby,Okereke,Bobby Okereke,
Earl,Okine,Earl Okine,
Chukky,Okobi,Chukky Okobi,
Steve,Okoniewski,Steve Okoniewski,
Chigoziem,Okonkwo,Chigoziem Okonkwo,
Chukwuma,Okorafor,Chukwuma Okorafor,
Kenny,Okoro,Kenny Okoro,
Ogbonnia,Okoronkwo,Ogbonnia Okoronkwo,
Amobi,Okoye,Amobi Okoye,
Christian,Okoye,Christian Okoye,
Sam,Okuayinonu,Sam Okuayinonu,
Jeff,Okudah,Jeff Okudah,
Russell,Okung,Russell Okung,
Julian,Okwara,Julian Okwara,
Romeo,Okwara,Romeo Okwara,
Albert,Okwuegbunam,Albert Okwuegbunam,
Michael,Ola,Michael Ola,
Kitan,Oladapo,Kitan Oladapo,
Chris,Oladokun,Chris Oladokun,
Cliff,Olander,Cliff Olander,
Ayodeji,Olatoye,Ayodeji Olatoye,
Chris,Olave,Chris Olave,
Jamize,Olawale,Jamize Olawale,
Clint,Oldenburg,Clint Oldenburg,
Bob,Olderman,Bob Olderman,
Doug,Oldershaw,Doug Oldershaw,
Chris,Oldham,Chris Oldham,
Jim,Oldham,Jim Oldham,
Ray,Oldham,Ray Oldham,
Bill,Olds,Bill Olds,
Stan,Olejniczak,Stan Olejniczak,
John,Olenchalk,John Olenchalk,
Mitch,Olenski,Mitch Olenski,
Dave,Olerich,Dave Olerich,
Aaron,Oliker,Aaron Oliker,
Elmer,Oliphant,Elmer Oliphant,
Mike,Oliphant,Mike Oliphant,
Bobby,Olive,Bobby Olive,
Shane,Olivea,Shane Olivea,
Bill,Oliver,Bill Oliver,
Bob,Oliver,Bob Oliver,
Branden,Oliver,Branden Oliver,
Bryce,Oliver,Bryce Oliver,
Chip,Oliver,Chip Oliver,
Clancy,Oliver,Clancy Oliver,
Darryl,Oliver,Darryl Oliver,
Ed,Oliver,Ed Oliver,
Frank,Oliver,Frank Oliver,
Greg,Oliver,Greg Oliver,
Hubie,Oliver,Hubie Oliver,
Isaiah,Oliver,Isaiah Oliver,
Jack,Oliver,Jack Oliver,
Jeff,Oliver,Jeff Oliver,
Josh,Oliver,Josh Oliver,
Louis,Oliver,Louis Oliver,
Maurice,Oliver,Maurice Oliver,
Melvin,Oliver,Melvin Oliver,
Muhammad,Oliver,Muhammad Oliver,
Paul,Oliver,Paul Oliver,
Vince,Oliver,Vince Oliver,
Winslow,Oliver,Winslow Oliver,
Brock,Olivo,Brock Olivo,
Neal,Olkewicz,Neal Olkewicz,
Qadree,Ollison,Qadree Ollison,
Charlie,Olmstead,Charlie Olmstead,
Sewo,Olonilua,Sewo Olonilua,
Jerry,Olsavsky,Jerry Olsavsky,
Eric,Olsen,Eric Olsen,
Greg,Olsen,Greg Olsen,
Hans,Olsen,Hans Olsen,
Merlin,Olsen+,Merlin Olsen+,
Norm,Olsen,Norm Olsen,
Orrin,Olsen,Orrin Olsen,
Phil,Olsen,Phil Olsen,
Ralph,Olsen,Ralph Olsen,
Seth,Olsen,Seth Olsen,
Igor,Olshansky,Igor Olshansky,
Benji,Olson,Benji Olson,
Carl,Olson,Carl Olson,
Erik,Olson,Erik Olson,
Forrest,Olson,Forrest Olson,
Glenn,Olson,Glenn Olson,
Harold,Olson,Harold Olson,
Larry,Olsonoski,Larry Olsonoski,
Lance,Olssen,Lance Olssen,
Les,Olsson,Les Olsson,
Al,Olszewski,Al Olszewski,
Gunner,Olszewski,Gunner Olszewski,
Johnny,Olszewski,Johnny Olszewski,
Russ,Oltz,Russ Oltz,
Segun,Olubi,Segun Olubi,
Donovan,Olumba,Donovan Olumba,
Foyesade,Oluokun,Foyesade Oluokun,
Olusegun,Oluwatimi,Olusegun Oluwatimi,
Patrick,Omameh,Patrick Omameh,
Charles,Omenihu,Charles Omenihu,
Omensky,,Omensky ,
Frank,Omiyale,Frank Omiyale,
Xavier,Omon,Xavier Omon,
Kenny,Onatolu,Kenny Onatolu,
Larry,Onesti,Larry Onesti,
Dennis,Onkotz,Dennis Onkotz,
Fendi,Onobun,Fendi Onobun,
Bob,Ontko,Bob Ontko,
Josh,Onujiogu,Josh Onujiogu,
Michael,Onwenu,Michael Onwenu,
James,Onwualu,James Onwualu,
Patrick,Onwuasor,Patrick Onwuasor,
Levi,Onwuzurike,Levi Onwuzurike,
David,Onyemata,David Onyemata,
Ed,Opalewski,Ed Opalewski,
Sua,Opeta,Sua Opeta,
Dave,Opfar,Dave Opfar,
Jim,Opperman,Jim Opperman,
Toben,Opurum,Toben Opurum,
Brian,Orakpo,Brian Orakpo,
Nate,Orchard,Nate Orchard,
Joe,Orduna,Joe Orduna,
Ruke,Orhorhoro,Ruke Orhorhoro,
Frank,Ori,Frank Ori,
Mike,Oriard,Mike Oriard,
Bob,Oristaglio,Bob Oristaglio,
Anfernee,Orji,Anfernee Orji,
Bo,Orlando,Bo Orlando,
Dan,Orlich,Dan Orlich,
Dan,Orlovsky,Dan Orlovsky,
Elliott,Ormsbee,Elliott Ormsbee,
Fred,Orns,Fred Orns,
Tom,Orosz,Tom Orosz,
Chris,Orr,Chris Orr,
Jimmy,Orr,Jimmy Orr,
Kareem,Orr,Kareem Orr,
Leon,Orr,Leon Orr,
Raheem,Orr,Raheem Orr,
Shantee,Orr,Shantee Orr,
Terry,Orr,Terry Orr,
Zach,Orr,Zach Orr,
Buck,Ortega,Buck Ortega,
Ralph,Ortega,Ralph Ortega,
Keith,Ortego,Keith Ortego,
Henry,Orth,Henry Orth,
Ricky,Ortiz,Ricky Ortiz,
Chuck,Ortmann,Chuck Ortmann,
Greg,Orton,Greg Orton,
Kyle,Orton,Kyle Orton,
Amani,Oruwariye,Amani Oruwariye,
Herb,Orvis,Herb Orvis,
Ossie,Orwoll,Ossie Orwoll,
Matthew,Orzech,Matthew Orzech,
Dave,Osborn,Dave Osborn,
Duke,Osborn,Duke Osborn,
K.J.,Osborn,K.J. Osborn,
Mike,Osborn,Mike Osborn,
Chuck,Osborne,Chuck Osborne,
Clancy,Osborne,Clancy Osborne,
Eldonta,Osborne,Eldonta Osborne,
Jim,Osborne,Jim Osborne,
Richard,Osborne,Richard Osborne,
Tom,Osborne,Tom Osborne,
Vince,Osby,Vince Osby,
Kelechi,Osemele,Kelechi Osemele,
Kassim,Osgood,Kassim Osgood,
Babatunde,Oshinowo,Babatunde Oshinowo,
Willie,Oshodin,Willie Oshodin,
Sandy,Osiecki,Sandy Osiecki,
Craig,Osika,Craig Osika,
Willie,Osley,Willie Osley,
Bill,Osmanski,Bill Osmanski,
Joe,Osmanski,Joe Osmanski,
Joseph,Ossai,Joseph Ossai,
Ted,Ossowski,Ted Ossowski,
Jim,Ostendarp,Jim Ostendarp,
Joe,Ostman,Joe Ostman,
Jerry,Ostroski,Jerry Ostroski,
Chet,Ostrowski,Chet Ostrowski,
Phil,Ostrowski,Phil Ostrowski,
Paul,Oswald,Paul Oswald,
Brock,Osweiler,Brock Osweiler,
Jeff,Otah,Jeff Otah,
Jim,Otis,Jim Otis,
Esezi,Otomewo,Esezi Otomewo,
Tyler,Ott,Tyler Ott,
Lowell,Otte,Lowell Otte,
Dick,Ottele,Dick Ottele,
Brad,Ottis,Brad Ottis,
Bo,Otto,Bo Otto,
Bob,Otto,Bob Otto,
Gus,Otto,Gus Otto,
Jim,Otto+,Jim Otto+,
Michael,Otto,Michael Otto,
Cade,Otton,Cade Otton,
Louis,Oubre,Louis Oubre,
Greg,Ours,Greg Ours,
Wes,Ours,Wes Ours,
John,Outlaw,John Outlaw,
Jeff,Overbaugh,Jeff Overbaugh,
Chad,Overhauser,Chad Overhauser,
Bill,Overmyer,Bill Overmyer,
DeMarvion,Overshown,DeMarvion Overshown,
David,Overstreet,David Overstreet,
Will,Overstreet,Will Overstreet,
Don,Overton,Don Overton,
Jerry,Overton,Jerry Overton,
Matt,Overton,Matt Overton,
Odafe,Oweh,Odafe Oweh,
Al,Owen,Al Owen,
Bill,Owen,Bill Owen,
Steve,Owen+,Steve Owen+,
Tom,Owen,Tom Owen,
Artie,Owens,Artie Owens,
Billy,Owens,Billy Owens,
Brig,Owens,Brig Owens,
Burgess,Owens,Burgess Owens,
Chad,Owens,Chad Owens,
Chris,Owens,Chris Owens,
Dan,Owens,Dan Owens,
Darrick,Owens,Darrick Owens,
Dennis,Owens,Dennis Owens,
Don,Owens,Don Owens,
Gervarrius,Owens,Gervarrius Owens,
Ike,Owens,Ike Owens,
James,Owens,James Owens,
Jeff,Owens,Jeff Owens,
Jim,Owens,Jim Owens,
Joe,Owens,Joe Owens,
John,Owens,John Owens,
Jonathan,Owens,Jonathan Owens,
Luke,Owens,Luke Owens,
Marv,Owens,Marv Owens,
Mel,Owens,Mel Owens,
Montell,Owens,Montell Owens,
Morris,Owens,Morris Owens,
Pete,Owens,Pete Owens,
R.C.,Owens,R.C. Owens,
Rich,Owens,Rich Owens,
Richard,Owens,Richard Owens,
Rip,Owens,Rip Owens,
Steve,Owens,Steve Owens,
Terrell,Owens+,Terrell Owens+,
Terry,Owens,Terry Owens,
Tinker,Owens,Tinker Owens,
Tyler,Owens,Tyler Owens,
Chris,Owusu,Chris Owusu,
Ansah,,Ansah ,
Koramoah,,Koramoah ,
Ken,Oxendine,Ken Oxendine,
Mike,Ozdowski,Mike Ozdowski,
Devine,Ozigbo,Devine Ozigbo,
Cheta,Ozougwu,Cheta Ozougwu,
Calvin,Pace,Calvin Pace,
Ivan,Pace,Ivan Pace,
James,Pace,James Pace,
Orlando,Pace+,Orlando Pace+,
Dave,Pacella,Dave Pacella,
Vince,Pacewic,Vince Pacewic,
Chris,Pacheco,Chris Pacheco,
Isiah,Pacheco,Isiah Pacheco,
Walter,Packer,Walter Packer,
Bob,Padan,Bob Padan,
Gary,Padjen,Gary Padjen,
Max,Padlow,Max Padlow,
Stephen,Paea,Stephen Paea,
Bob,Paffrath,Bob Paffrath,
Fred,Pagac,Fred Pagac,
Jeoffrey,Pagan,Jeoffrey Pagan,
Alan,Page+,Alan Page+,
Chase,Page,Chase Page,
Craig,Page,Craig Page,
Eric,Page,Eric Page,
Jarrad,Page,Jarrad Page,
Paul,Page,Paul Page,
Solomon,Page,Solomon Page,
Derek,Pagel,Derek Pagel,
Mike,Pagel,Mike Pagel,
Joe,Pagliei,Joe Pagliei,
Louie,Pahl,Louie Pahl,
Jeff,Pahukoa,Jeff Pahukoa,
Shane,Pahukoa,Shane Pahukoa,
Lee,Paige,Lee Paige,
Stephone,Paige,Stephone Paige,
Tony,Paige,Tony Paige,
Homer,Paine,Homer Paine,
Jeff,Paine,Jeff Paine,
Carl,Painter,Carl Painter,
Curtis,Painter,Curtis Painter,
Vinston,Painter,Vinston Painter,
Glenn,Pakulak,Glenn Pakulak,
Kache,Palacio,Kache Palacio,
Michael,Palardy,Michael Palardy,
Lou,Palatella,Lou Palatella,
Lou,Palazzi,Lou Palazzi,
Alex,Palczewski,Alex Palczewski,
Lonnie,Palelei,Lonnie Palelei,
Anton,Palepoi,Anton Palepoi,
Tenny,Palepoi,Tenny Palepoi,
Jim,Palermo,Jim Palermo,
Al,Palewicz,Al Palewicz,
Tyler,Palko,Tyler Palko,
Mike,Palm,Mike Palm,
Ashlee,Palmer,Ashlee Palmer,
Carson,Palmer,Carson Palmer,
Chuck,Palmer,Chuck Palmer,
David,Palmer,David Palmer,
Derrell,Palmer,Derrell Palmer,
Dick,Palmer,Dick Palmer,
Emile,Palmer,Emile Palmer,
Gery,Palmer,Gery Palmer,
Jesse,Palmer,Jesse Palmer,
Jordan,Palmer,Jordan Palmer,
Josh,Palmer,Josh Palmer,
Les,Palmer,Les Palmer,
Michael,Palmer,Michael Palmer,
Mike,Palmer,Mike Palmer,
Mitch,Palmer,Mitch Palmer,
Nate,Palmer,Nate Palmer,
Nathan,Palmer,Nathan Palmer,
Paul,Palmer,Paul Palmer,
Randy,Palmer,Randy Palmer,
Scott,Palmer,Scott Palmer,
Sterling,Palmer,Sterling Palmer,
Tobais,Palmer,Tobais Palmer,
Tom,Palmer,Tom Palmer,
Tony,Palmer,Tony Palmer,
Trey,Palmer,Trey Palmer,
Walter,Palmore,Walter Palmore,
John,Paluck,John Paluck,
Sam,Palumbo,Sam Palumbo,
Kevin,Pamphile,Kevin Pamphile,
Tony,Panaccion,Tony Panaccion,
Don,Panciera,Don Panciera,
Chris,Pane,Chris Pane,
John,Panelli,John Panelli,
Mike,Panepinto,Mike Panepinto,
Ken,Panfil,Ken Panfil,
Hal,Pangle,Hal Pangle,
Adam,Pankey,Adam Pankey,
Irv,Pankey,Irv Pankey,
Ernie,Pannell,Ernie Pannell,
Joe,Panos,Joe Panos,
Chris,Pantale,Chris Pantale,
Ben,Paolucci,Ben Paolucci,
Nick,Papac,Nick Papac,
George,Papach,George Papach,
Vince,Papale,Vince Papale,
Oran,Pape,Oran Pape,
Johnny,Papit,Johnny Papit,
Joe,Pappio,Joe Pappio,
Owen,Pappoe,Owen Pappoe,
Matt,Paradis,Matt Paradis,
Jack,Pardee,Jack Pardee,
Paul,Pardonner,Paul Pardonner,
Curt,Pardridge,Curt Pardridge,
Bob,Paremore,Bob Paremore,
Donald,Parham,Donald Parham,
Dylan,Parham,Dylan Parham,
Babe,Parilli,Babe Parilli,
Bubba,Paris,Bubba Paris,
Don,Parish,Don Parish,
Ernie,Park,Ernie Park,
Kaulana,Park,Kaulana Park,
Aaron,Parker,Aaron Parker,
Ace,Parker+,Ace Parker+,
AJ,Parker,AJ Parker,
Andy,Parker,Andy Parker,
Anthony,Parker,Anthony Parker,
Anthony,Parker,Anthony Parker,
Artimus,Parker,Artimus Parker,
Brandon,Parker,Brandon Parker,
Brian,Parker,Brian Parker,
Buddy,Parker,Buddy Parker,
Carl,Parker,Carl Parker,
Charlie,Parker,Charlie Parker,
Chris,Parker,Chris Parker,
Daren,Parker,Daren Parker,
Dave,Parker,Dave Parker,
Mond,Parker,Mond Parker,
DeVante,Parker,DeVante Parker,
Don,Parker,Don Parker,
Eric,Parker,Eric Parker,
Ervin,Parker,Ervin Parker,
Frank,Parker,Frank Parker,
Freddie,Parker,Freddie Parker,
Glenn,Parker,Glenn Parker,
Howie,Parker,Howie Parker,
Vonne,Parker,Vonne Parker,
Jeff,Parker,Jeff Parker,
Jeremiah,Parker,Jeremiah Parker,
Jerry,Parker,Jerry Parker,
Jim,Parker+,Jim Parker+,
Joe,Parker,Joe Parker,
Joel,Parker,Joel Parker,
Juqua,Parker,Juqua Parker,
Kenny,Parker,Kenny Parker,
Kerry,Parker,Kerry Parker,
Larry,Parker,Larry Parker,
Orlando,Parker,Orlando Parker,
Preston,Parker,Preston Parker,
Ricky,Parker,Ricky Parker,
Riddick,Parker,Riddick Parker,
Robert,Parker,Robert Parker,
Rodney,Parker,Rodney Parker,
Ron,Parker,Ron Parker,
Samie,Parker,Samie Parker,
Sirr,Parker,Sirr Parker,
Steve,Parker,Steve Parker,
Steve,Parker,Steve Parker,
Steven,Parker,Steven Parker,
Vaughn,Parker,Vaughn Parker,
Willie,Parker,Willie Parker,
Willie,Parker,Willie Parker,
Willie,Parker,Willie Parker,
Cody,Parkey,Cody Parkey,
Dave,Parkin,Dave Parkin,
Colby,Parkinson,Colby Parkinson,
Doc,Parkinson,Doc Parkinson,
Billy,Parks,Billy Parks,
Cord,Parks,Cord Parks,
Dave,Parks,Dave Parks,
Jeff,Parks,Jeff Parks,
Limbo,Parks,Limbo Parks,
Mickey,Parks,Mickey Parks,
Nathan,Parks,Nathan Parks,
Rickey,Parks,Rickey Parks,
Terrance,Parks,Terrance Parks,
Tommy,Parks,Tommy Parks,
Will,Parks,Will Parks,
Chet,Parlavecchio,Chet Parlavecchio,
Bernie,Parmalee,Bernie Parmalee,
Jalen,Parmele,Jalen Parmele,
Jim,Parmer,Jim Parmer,
Babe,Parnell,Babe Parnell,
Jermey,Parnell,Jermey Parnell,
Jeremy,Parquet,Jeremy Parquet,
John,Parrella,John Parrella,
Bill,Parriott,Bill Parriott,
Gary,Parris,Gary Parris,
Timon,Parris,Timon Parris,
Bernie,Parrish,Bernie Parrish,
Don,Parrish,Don Parrish,
James,Parrish,James Parrish,
Lemar,Parrish,Lemar Parrish,
Roscoe,Parrish,Roscoe Parrish,
Tony,Parrish,Tony Parrish,
Rick,Parros,Rick Parros,
David,Parry,David Parry,
Josh,Parry,Josh Parry,
Ox,Parry,Ox Parry,
Ara,Parseghian,Ara Parseghian,
Cliff,Parsley,Cliff Parsley,
Ray,Parson,Ray Parson,
Rich,Parson,Rich Parson,
Alex,Parsons,Alex Parsons,
Bob,Parsons,Bob Parsons,
Earle,Parsons,Earle Parsons,
Lloyd,Parsons,Lloyd Parsons,
Micah,Parsons,Micah Parsons,
Dennis,Partee,Dennis Partee,
Ty,Parten,Ty Parten,
Lou,Partlow,Lou Partlow,
Rick,Partridge,Rick Partridge,
Zach,Pascal,Zach Pascal,
Bill,Paschal,Bill Paschal,
Doug,Paschal,Doug Paschal,
Josh,Paschal,Josh Paschal,
Marcus,Paschal,Marcus Paschal,
Gordon,Paschka,Gordon Paschka,
Bear,Pascoe,Bear Pascoe,
Bill,Pashe,Bill Pashe,
Tony,Pashos,Tony Pashos,
Keith,Paskett,Keith Paskett,
George,Paskvan,George Paskvan,
Joe,Pasqua,Joe Pasqua,
Ron,Pasquale,Ron Pasquale,
Ralph,Pasquariello,Ralph Pasquariello,
Tony,Pasquesi,Tony Pasquesi,
Patrick,Pass,Patrick Pass,
Bill,Passuelo,Bill Passuelo,
Frank,Pastin,Frank Pastin,
Dan,Pastorini,Dan Pastorini,
Alan,Pastrana,Alan Pastrana,
Austin,Pasztor,Austin Pasztor,
Mike,Patanelli,Mike Patanelli,
Lloyd,Pate,Lloyd Pate,
Rupert,Pate,Rupert Pate,
Dennis,Patera,Dennis Patera,
Jack,Patera,Jack Patera,
Greg,Paterra,Greg Paterra,
Herb,Paterra,Herb Paterra,
Jerome,Pathon,Jerome Pathon,
DeWayne,Patmon,DeWayne Patmon,
Dezmon,Patmon,Dezmon Patmon,
Tyler,Patmon,Tyler Patmon,
Aaron,Patrick,Aaron Patrick,
Ben,Patrick,Ben Patrick,
Chris,Patrick,Chris Patrick,
Frank,Patrick,Frank Patrick,
Frank,Patrick,Frank Patrick,
Garin,Patrick,Garin Patrick,
Jacques,Patrick,Jacques Patrick,
John,Patrick,John Patrick,
Johnny,Patrick,Johnny Patrick,
Lucas,Patrick,Lucas Patrick,
Mike,Patrick,Mike Patrick,
Natrez,Patrick,Natrez Patrick,
Tim,Patrick,Tim Patrick,
Wayne,Patrick,Wayne Patrick,
Maury,Patt,Maury Patt,
David,Patten,David Patten,
Joel,Patten,Joel Patten,
Patterson,,Patterson ,
Billy,Patterson,Billy Patterson,
Clete,Patterson,Clete Patterson,
Cordarrelle,Patterson,Cordarrelle Patterson,
Craig,Patterson,Craig Patterson,
Dimitri,Patterson,Dimitri Patterson,
Don,Patterson,Don Patterson,
Elton,Patterson,Elton Patterson,
Elvis,Patterson,Elvis Patterson,
Eric,Patterson,Eric Patterson,
Gordon,Patterson,Gordon Patterson,
Jaret,Patterson,Jaret Patterson,
Jarrett,Patterson,Jarrett Patterson,
Javon,Patterson,Javon Patterson,
Mike,Patterson,Mike Patterson,
Paul,Patterson,Paul Patterson,
Reno,Patterson,Reno Patterson,
Riley,Patterson,Riley Patterson,
Shawn,Patterson,Shawn Patterson,
Darrell,Pattillo,Darrell Pattillo,
Mark,Pattison,Mark Pattison,
Andre,Patton,Andre Patton,
Bob,Patton,Bob Patton,
Cliff,Patton,Cliff Patton,
James,Patton,James Patton,
Jerry,Patton,Jerry Patton,
Jimmy,Patton,Jimmy Patton,
Joe,Patton,Joe Patton,
Marvcus,Patton,Marvcus Patton,
Quinton,Patton,Quinton Patton,
Ricky,Patton,Ricky Patton,
Robert,Patton,Robert Patton,
Solomon,Patton,Solomon Patton,
Walt,Patulski,Walt Patulski,
Chris,Paul,Chris Paul,
Don,Paul,Don Paul,
Don,Paul,Don Paul,
Harold,Paul,Harold Paul,
Markus,Paul,Markus Paul,
Niles,Paul,Niles Paul,
Patrick,Paul,Patrick Paul,
Tito,Paul,Tito Paul,
Whitney,Paul,Whitney Paul,
Tony,Paulekas,Tony Paulekas,
Sam,Paulescu,Sam Paulescu,
Jeff,Paulk,Jeff Paulk,
Logan,Paulsen,Logan Paulsen,
Dainard,Paulson,Dainard Paulson,
David,Paulson,David Paulson,
Frank,Pauly,Frank Pauly,
Bryce,Paup,Bryce Paup,
Ted,Pavelec,Ted Pavelec,
Stan,Pavkov,Stan Pavkov,
Charles,Pavlich,Charles Pavlich,
Joe,Pawelek,Joe Pawelek,
Scott,Paxson,Scott Paxson,
Lonie,Paxton,Lonie Paxton,
Kwity,Paye,Kwity Paye,
Karl,Paymah,Karl Paymah,
Charlie,Payne,Charlie Payne,
Daron,Payne,Daron Payne,
Donald,Payne,Donald Payne,
Ken,Payne,Ken Payne,
Kevin,Payne,Kevin Payne,
Logan,Payne,Logan Payne,
Rod,Payne,Rod Payne,
Russell,Payne,Russell Payne,
Seth,Payne,Seth Payne,
Spencer,Paysinger,Spencer Paysinger,
Eddie,Payton,Eddie Payton,
Jarrett,Payton,Jarrett Payton,
Jordan,Payton,Jordan Payton,
Rico,Payton,Rico Payton,
Sean,Payton,Sean Payton,
Walter,Payton+,Walter Payton+,
Dwight,Peabody,Dwight Peabody,
Chris,Peace,Chris Peace,
Larry,Peace,Larry Peace,
Elvis,Peacock,Elvis Peacock,
Johnny,Peacock,Johnny Peacock,
Isaiah,Pead,Isaiah Pead,
Charone,Peake,Charone Peake,
Clarence,Peaks,Clarence Peaks,
Dave,Pear,Dave Pear,
Harley,Pearce,Harley Pearce,
Pard,Pearce,Pard Pearce,
Jim,Pearcy,Jim Pearcy,
Red,Pearlman,Red Pearlman,
Alvin,Pearman,Alvin Pearman,
Erik,Pears,Erik Pears,
Morgan,Pears,Morgan Pears,
Ricky,Pearsall,Ricky Pearsall,
Aaron,Pearson,Aaron Pearson,
Barry,Pearson,Barry Pearson,
Bert,Pearson,Bert Pearson,
Dave,Pearson,Dave Pearson,
Dennis,Pearson,Dennis Pearson,
Drew,Pearson+,Drew Pearson+,
Dudley,Pearson,Dudley Pearson,
Henry,Pearson,Henry Pearson,
J.C.,Pearson,J.C. Pearson,
Kalvin,Pearson,Kalvin Pearson,
Lindy,Pearson,Lindy Pearson,
Mike,Pearson,Mike Pearson,
Preston,Pearson,Preston Pearson,
Willie,Pearson,Willie Pearson,
Matt,Peart,Matt Peart,
Brent,Pease,Brent Pease,
George,Pease,George Pease,
Andrus,Peat,Andrus Peat,
Todd,Peat,Todd Peat,
Jack,Peavey,Jack Peavey,
Francis,Peay,Francis Peay,
Jared,Peck,Jared Peck,
Win,Pedersen,Win Pedersen,
Doug,Pederson,Doug Pederson,
Jim,Pederson,Jim Pederson,
Josh,Pederson,Josh Pederson,
Danny,Peebles,Danny Peebles,
Jim,Peebles,Jim Peebles,
Art,Peed,Art Peed,
Antwan,Peek,Antwan Peek,
Justin,Peelle,Justin Peelle,
Cedric,Peerman,Cedric Peerman,
Gordon,Peery,Gordon Peery,
Rodney,Peete,Rodney Peete,
Brian,Peets,Brian Peets,
Jayden,Peevy,Jayden Peevy,
Erric,Pegram,Erric Pegram,
Willis,Peguese,Willis Peguese,
Dan,Peiffer,Dan Peiffer,
Domata,Peko,Domata Peko,
Kyle,Peko,Kyle Peko,
Tupe,Peko,Tupe Peko,
Doug,Pelfrey,Doug Pelfrey,
Ray,Pelfrey,Ray Pelfrey,
Bob,Pellegrini,Bob Pellegrini,
Joe,Pellegrini,Joe Pellegrini,
Joseph,Pellegrini,Joseph Pellegrini,
Micah,Pellerin,Micah Pellerin,
Bill,Pellington,Bill Pellington,
Scott,Pelluer,Scott Pelluer,
Steve,Pelluer,Steve Pelluer,
Claude,Pelon,Claude Pelon,
Troy,Pelshak,Troy Pelshak,
Bubba,Pena,Bubba Pena,
Jairo,Penaranda,Jairo Penaranda,
Bob,Penchion,Bob Penchion,
David,Pender,David Pender,
Jeris,Pendleton,Jeris Pendleton,
John,Penisini,John Penisini,
Michael,Penix,Michael Penix,
Chris,Penn,Chris Penn,
Donald,Penn,Donald Penn,
Jesse,Penn,Jesse Penn,
Mike,Pennel,Mike Pennel,
Trevor,Penning,Trevor Penning,
Chad,Pennington,Chad Pennington,
Leon,Pennington,Leon Pennington,
Terrance,Pennington,Terrance Pennington,
Tom,Pennington,Tom Pennington,
Jay,Pennison,Jay Pennison,
Elijhaa,Penny,Elijhaa Penny,
Rashaad,Penny,Rashaad Penny,
Carlos,Pennywell,Carlos Pennywell,
Robert,Pennywell,Robert Pennywell,
Craig,Penrose,Craig Penrose,
Leon,Pense,Leon Pense,
John,Pentecost,John Pentecost,
George,Peoples,George Peoples,
Woody,Peoples,Woody Peoples,
Jones,,Jones ,
Pepper,,Pepper ,
Gene,Pepper,Gene Pepper,
Taybor,Pepper,Taybor Pepper,
Jabrill,Peppers,Jabrill Peppers,
Julius,Peppers+,Julius Peppers+,
Charlie,Peprah,Charlie Peprah,
Frank,Perantoni,Frank Perantoni,
Mac,Percival,Mac Percival,
Bolo,Perdue,Bolo Perdue,
Pete,Perez,Pete Perez,
John,Pergine,John Pergine,
Justin,Perillo,Justin Perillo,
Bob,Perina,Bob Perina,
Mical,Perine,Mical Perine,
Samaje,Perine,Samaje Perine,
Pete,Perini,Pete Perini,
Antonio,Perkins,Antonio Perkins,
Art,Perkins,Art Perkins,
Bill,Perkins,Bill Perkins,
Bruce,Perkins,Bruce Perkins,
Bryce,Perkins,Bryce Perkins,
Don,Perkins,Don Perkins,
Don,Perkins,Don Perkins,
Horace,Perkins,Horace Perkins,
Jim,Perkins,Jim Perkins,
Johnny,Perkins,Johnny Perkins,
Joshua,Perkins,Joshua Perkins,
Kent,Perkins,Kent Perkins,
Paul,Perkins,Paul Perkins,
Ray,Perkins,Ray Perkins,
Ray,Perkins,Ray Perkins,
Ronnie,Perkins,Ronnie Perkins,
Willis,Perkins,Willis Perkins,
John,Perko,John Perko,
John,Perko,John Perko,
Mike,Perko,Mike Perko,
Tom,Perko,Tom Perko,
Phil,Perlo,Phil Perlo,
Petey,Perot,Petey Perot,
George,Perpich,George Perpich,
Pete,Perreault,Pete Perreault,
Ralph,Perretta,Ralph Perretta,
Mike,Perrie,Mike Perrie,
Breshad,Perriman,Breshad Perriman,
Brett,Perriman,Brett Perriman,
Benny,Perrin,Benny Perrin,
Jack,Perrin,Jack Perrin,
Lonnie,Perrin,Lonnie Perrin,
Mike,Perrino,Mike Perrino,
Mike,Perrotti,Mike Perrotti,
A.T.,Perry,A.T. Perry,
Bruce,Perry,Bruce Perry,
Chris,Perry,Chris Perry,
Claude,Perry,Claude Perry,
Darren,Perry,Darren Perry,
Ed,Perry,Ed Perry,
Gerald,Perry,Gerald Perry,
Gerry,Perry,Gerry Perry,
Jamal,Perry,Jamal Perry,
Jason,Perry,Jason Perry,
Jereme,Perry,Jereme Perry,
Joe,Perry+,Joe Perry+,
Joshua,Perry,Joshua Perry,
Leon,Perry,Leon Perry,
Lowell,Perry,Lowell Perry,
Malcolm,Perry,Malcolm Perry,
Mario,Perry,Mario Perry,
Marlo,Perry,Marlo Perry,
Michael,Dean,Michael Dean,
Nick,Perry,Nick Perry,
Rod,Perry,Rod Perry,
Roderick,Perry,Roderick Perry,
Scott,Perry,Scott Perry,
Senorise,Perry,Senorise Perry,
Tab,Perry,Tab Perry,
Todd,Perry,Todd Perry,
Vernon,Perry,Vernon Perry,
Victor,Perry,Victor Perry,
William,Perry,William Perry,
Wilmont,Perry,Wilmont Perry,
Bob,Perryman,Bob Perryman,
Dean,Perryman,Dean Perryman,
Denzel,Perryman,Denzel Perryman,
Jim,Perryman,Jim Perryman,
Ray,Perryman,Ray Perryman,
Ara,Person,Ara Person,
Michael,Person,Michael Person,
Dick,Pesonen,Dick Pesonen,
Louie,Pessolano,Louie Pessolano,
Wally,Pesuit,Wally Pesuit,
John,Petchel,John Petchel,
Boni,Petcoff,Boni Petcoff,
Lawrence,Pete,Lawrence Pete,
Christian,Peter,Christian Peter,
Jason,Peter,Jason Peter,
Nathan,Peterman,Nathan Peterman,
Stephen,Peterman,Stephen Peterman,
Anton,Peters,Anton Peters,
Brian,Peters,Brian Peters,
Corey,Peters,Corey Peters,
Floyd,Peters,Floyd Peters,
Frank,Peters,Frank Peters,
Frosty,Peters,Frosty Peters,
Jason,Peters,Jason Peters,
Marcus,Peters,Marcus Peters,
Otha,Peters,Otha Peters,
Scott,Peters,Scott Peters,
Tony,Peters,Tony Peters,
Tyrell,Peters,Tyrell Peters,
Volney,Peters,Volney Peters,
Ken,Petersen,Ken Petersen,
Kurt,Petersen,Kurt Petersen,
Ted,Petersen,Ted Petersen,
Brett,Petersmark,Brett Petersmark,
Adrian,Peterson,Adrian Peterson,
Adrian,Peterson,Adrian Peterson,
Andrew,Peterson,Andrew Peterson,
Ben,Peterson,Ben Peterson,
Bill,Peterson,Bill Peterson,
Cal,Peterson,Cal Peterson,
Carl,Peterson,Carl Peterson,
Greg,Peterson,Greg Peterson,
Ike,Peterson,Ike Peterson,
Jerry,Peterson,Jerry Peterson,
Jim,Peterson,Jim Peterson,
Joe,Peterson,Joe Peterson,
Julian,Peterson,Julian Peterson,
Kenny,Peterson,Kenny Peterson,
Kevin,Peterson,Kevin Peterson,
Les,Peterson,Les Peterson,
Mike,Peterson,Mike Peterson,
Nels,Peterson,Nels Peterson,
Patrick,Peterson,Patrick Peterson,
Phil,Peterson,Phil Peterson,
Ray,Peterson,Ray Peterson,
Russ,Peterson,Russ Peterson,
Todd,Peterson,Todd Peterson,
Tony,Peterson,Tony Peterson,
Will,Peterson,Will Peterson,
Frere,,Frere ,
Johnny,Petitbon,Johnny Petitbon,
Richie,Petitbon,Richie Petitbon,
Luke,Petitgout,Luke Petitgout,
Rob,Petitti,Rob Petitti,
Leo,Petree,Leo Petree,
Bob,Petrella,Bob Petrella,
Pepper,Petrella,Pepper Petrella,
Bob,Petrich,Bob Petrich,
Bill,Petrilas,Bill Petrilas,
Steve,Petro,Steve Petro,
George,Petrovich,George Petrovich,
Jamie,Petrowski,Jamie Petrowski,
Mitch,Petrus,Mitch Petrus,
Stan,Petry,Stan Petry,
Phil,Pettey,Phil Pettey,
Neal,Petties,Neal Petties,
Brandon,Pettigrew,Brandon Pettigrew,
Gary,Pettigrew,Gary Pettigrew,
Austin,Pettis,Austin Pettis,
Dante,Pettis,Dante Pettis,
Duane,Pettitt,Duane Pettitt,
Aaron,Pettrey,Aaron Pettrey,
Dell,Pettus,Dell Pettus,
Kenneth,Pettway,Kenneth Pettway,
Bryce,Petty,Bryce Petty,
John,Petty,John Petty,
Larry,Petty,Larry Petty,
Ross,Petty,Ross Petty,
Barry,Pettyjohn,Barry Pettyjohn,
David,Petway,David Petway,
Bob,Peviani,Bob Peviani,
Leo,Peyton,Leo Peyton,
Bob,Pfohl,Bob Pfohl,
Art,Pharmer,Art Pharmer,
Jeremiah,Pharms,Jeremiah Pharms,
Tommy,Pharr,Tommy Pharr,
Bob,Phelan,Bob Phelan,
Don,Phelps,Don Phelps,
Leroy,Phelps,Leroy Phelps,
Perry,Phenix,Perry Phenix,
Roman,Phifer,Roman Phifer,
Gerry,Philbin,Gerry Philbin,
Todd,Philcox,Todd Philcox,
Ed,Philion,Ed Philion,
Kyle,Philips,Kyle Philips,
Adrian,Phillips,Adrian Phillips,
Andru,Phillips,Andru Phillips,
Anthony,Phillips,Anthony Phillips,
Anwar,Phillips,Anwar Phillips,
Bobby,Phillips,Bobby Phillips,
Cam,Phillips,Cam Phillips,
Carroll,Phillips,Carroll Phillips,
Charlie,Phillips,Charlie Phillips,
Clark,Phillips,Clark Phillips,
Darius,Phillips,Darius Phillips,
Dashaun,Phillips,Dashaun Phillips,
Shawn,Phillips,Shawn Phillips,
Ewell,Phillips,Ewell Phillips,
George,Phillips,George Phillips,
Harrison,Phillips,Harrison Phillips,
Irvin,Phillips,Irvin Phillips,
Jacob,Phillips,Jacob Phillips,
Jaelan,Phillips,Jaelan Phillips,
Jason,Phillips,Jason Phillips,
Jason,Phillips,Jason Phillips,
Jermaine,Phillips,Jermaine Phillips,
Jess,Phillips,Jess Phillips,
Joe,Phillips,Joe Phillips,
Joe,Phillips,Joe Phillips,
John,Phillips,John Phillips,
Jordan,Phillips,Jordan Phillips,
Justin,Phillips,Justin Phillips,
Kenny,Phillips,Kenny Phillips,
Kim,Phillips,Kim Phillips,
Kirk,Phillips,Kirk Phillips,
Kyle,Phillips,Kyle Phillips,
Lawrence,Phillips,Lawrence Phillips,
Loyd,Phillips,Loyd Phillips,
Mel,Phillips,Mel Phillips,
Mike,Phillips,Mike Phillips,
Randy,Phillips,Randy Phillips,
Ray,Phillips,Ray Phillips,
Ray,Phillips,Ray Phillips,
Red,Phillips,Red Phillips,
Reggie,Phillips,Reggie Phillips,
Rod,Phillips,Rod Phillips,
Ryan,Phillips,Ryan Phillips,
Scottie,Phillips,Scottie Phillips,
Shaun,Phillips,Shaun Phillips,
Tyre,Phillips,Tyre Phillips,
Wes,Phillips,Wes Phillips,
Darius,Philon,Darius Philon,
Dean,Philpott,Dean Philpott,
Ed,Philpott,Ed Philpott,
Charles,Philyaw,Charles Philyaw,
Dino,Philyaw,Dino Philyaw,
Mareno,Philyaw,Mareno Philyaw,
Mike,Phipps,Mike Phipps,
Zack,Pianalto,Zack Pianalto,
Alex,Piasecky,Alex Piasecky,
Bob,Picard,Bob Picard,
Bill,Piccolo,Bill Piccolo,
Brian,Piccolo,Brian Piccolo,
Lou,Piccone,Lou Piccone,
Bob,Pickard,Bob Pickard,
Bill,Pickel,Bill Pickel,
Bob,Pickens,Bob Pickens,
Bruce,Pickens,Bruce Pickens,
Carl,Pickens,Carl Pickens,
George,Pickens,George Pickens,
Lyle,Pickens,Lyle Pickens,
Zacch,Pickens,Zacch Pickens,
Clay,Pickering,Clay Pickering,
Cody,Pickett,Cody Pickett,
Kenny,Pickett,Kenny Pickett,
Ryan,Pickett,Ryan Pickett,
Tim,Pidgeon,Tim Pidgeon,
Mike,Piel,Mike Piel,
Milt,Piepul,Milt Piepul,
Aaron,Pierce,Aaron Pierce,
Alec,Pierce,Alec Pierce,
Antonio,Pierce,Antonio Pierce,
Artavis,Pierce,Artavis Pierce,
Bernard,Pierce,Bernard Pierce,
Brett,Pierce,Brett Pierce,
Dameon,Pierce,Dameon Pierce,
Danny,Pierce,Danny Pierce,
Dick,Pierce,Dick Pierce,
Don,Pierce,Don Pierce,
Michael,Pierce,Michael Pierce,
Steve,Pierce,Steve Pierce,
Terry,Pierce,Terry Pierce,
Damon,Pieri,Damon Pieri,
Al,Pierotti,Al Pierotti,
James,Pierre,James Pierre,
Joe,Pierre,Joe Pierre,
Olsen,Pierre,Olsen Pierre,
Louis,,Louis ,
Paul,,Paul ,
Ross,Pierschbacher,Ross Pierschbacher,
Pete,Pierson,Pete Pierson,
Reggie,Pierson,Reggie Pierson,
Shurron,Pierson,Shurron Pierson,
Nick,Pietrosante,Nick Pietrosante,
Jim,Pietrzak,Jim Pietrzak,
Bob,Pifferini,Bob Pifferini,
Bob,Pifferini,Bob Pifferini,
Bert,Piggott,Bert Piggott,
Carl,Pignatelli,Carl Pignatelli,
Pete,Pihos+,Pete Pihos+,
Chris,Pike,Chris Pike,
Mark,Pike,Mark Pike,
Tony,Pike,Tony Pike,
Kealoha,Pilares,Kealoha Pilares,
Joe,Pilconis,Joe Pilconis,
Willie,Pile,Willie Pile,
Evan,Pilgrim,Evan Pilgrim,
Brandon,Pili,Brandon Pili,
Roger,Pillath,Roger Pillath,
Zach,Piller,Zach Piller,
Lawrence,Pillers,Lawrence Pillers,
Brian,Pillman,Brian Pillman,
Frank,Pillow,Frank Pillow,
Ernie,Pinckert,Ernie Pinckert,
Stan,Pincura,Stan Pincura,
Cyril,Pinder,Cyril Pinder,
Ed,Pine,Ed Pine,
eiro,,eiro ,
Johnny,Pingel,Johnny Pingel,
Bradley,Pinion,Bradley Pinion,
Larry,Pinkard,Larry Pinkard,
Allen,Pinkett,Allen Pinkett,
Eric,Pinkins,Eric Pinkins,
Cleveland,Pinkney,Cleveland Pinkney,
Jared,Pinkney,Jared Pinkney,
Lovell,Pinkney,Lovell Pinkney,
Reggie,Pinkney,Reggie Pinkney,
Jason,Pinkston,Jason Pinkston,
Todd,Pinkston,Todd Pinkston,
Artose,Pinner,Artose Pinner,
Ray,Pinney,Ray Pinney,
Andrew,Pinnock,Andrew Pinnock,
Jason,Pinnock,Jason Pinnock,
Danny,Pinter,Danny Pinter,
Scott,Piper,Scott Piper,
Joyce,Pipkin,Joyce Pipkin,
Lenzy,Pipkins,Lenzy Pipkins,
Trey,Pipkins,Trey Pipkins,
Jerrell,Pippens,Jerrell Pippens,
Woodie,Pippens,Woodie Pippens,
Hank,Piro,Hank Piro,
Rocco,Pirro,Rocco Pirro,
Joe,Pisarcik,Joe Pisarcik,
Steve,Pisarkiewicz,Steve Pisarkiewicz,
Sabby,Piscitelli,Sabby Piscitelli,
Roman,Piskor,Roman Piskor,
Chuck,Pitcock,Chuck Pitcock,
Quinn,Pitcock,Quinn Pitcock,
Ropati,Pitoitua,Ropati Pitoitua,
Jalen,Pitre,Jalen Pitre,
Dennis,Pitta,Dennis Pitta,
Anthony,Pittman,Anthony Pittman,
Antonio,Pittman,Antonio Pittman,
Bryan,Pittman,Bryan Pittman,
Charlie,Pittman,Charlie Pittman,
Danny,Pittman,Danny Pittman,
David,Pittman,David Pittman,
Jamiyus,Pittman,Jamiyus Pittman,
Julian,Pittman,Julian Pittman,
Kavika,Pittman,Kavika Pittman,
Michael,Pittman,Michael Pittman,
Michael,Pittman,Michael Pittman,
Ralph,Pittman,Ralph Pittman,
Swede,Pittman,Swede Pittman,
Alabama,Pitts,Alabama Pitts,
Chester,Pitts,Chester Pitts,
Derrek,Pitts,Derrek Pitts,
Elijah,Pitts,Elijah Pitts,
Frank,Pitts,Frank Pitts,
Hugh,Pitts,Hugh Pitts,
John,Pitts,John Pitts,
Kyle,Pitts,Kyle Pitts,
Lafayette,Pitts,Lafayette Pitts,
Mike,Pitts,Mike Pitts,
Ron,Pitts,Ron Pitts,
Joe,Pivarnik,Joe Pivarnik,
Dave,Pivec,Dave Pivec,
Ryan,Plackemeier,Ryan Plackemeier,
Joe,Planansky,Joe Planansky,
Doug,Plank,Doug Plank,
Earl,Plank,Earl Plank,
Tony,Plansky,Tony Plansky,
Ron,Plantz,Ron Plantz,
Jerry,Planutis,Jerry Planutis,
Dick,Plasman,Dick Plasman,
George,Platukis,George Platukis,
Scott,Player,Scott Player,
Anthony,Pleasant,Anthony Pleasant,
Eddie,Pleasant,Eddie Pleasant,
Marquis,Pleasant,Marquis Pleasant,
Mike,Pleasant,Mike Pleasant,
Reggie,Pleasant,Reggie Pleasant,
Austen,Pleasants,Austen Pleasants,
Joe,Pliska,Joe Pliska,
Kurt,Ploeger,Kurt Ploeger,
Milt,Plum,Milt Plum,
Ahmed,Plummer,Ahmed Plummer,
Bruce,Plummer,Bruce Plummer,
Chad,Plummer,Chad Plummer,
Gary,Plummer,Gary Plummer,
Jake,Plummer,Jake Plummer,
Terrance,Plummer,Terrance Plummer,
Tony,Plummer,Tony Plummer,
Dave,Plump,Dave Plump,
Ted,Plumridge,Ted Plumridge,
Art,Plunkett,Art Plunkett,
Jim,Plunkett,Jim Plunkett,
Joseph,Plunkett,Joseph Plunkett,
Sherman,Plunkett,Sherman Plunkett,
Warren,Plunkett,Warren Plunkett,
Bobby,Ply,Bobby Ply,
Ray,Poage,Ray Poage,
Owen,Pochman,Owen Pochman,
Jason,Pociask,Jason Pociask,
Ethan,Pocic,Ethan Pocic,
Adam,Podlesh,Adam Podlesh,
Paul,Podmajersky,Paul Podmajersky,
Ed,Podolak,Ed Podolak,
Jim,Podoley,Jim Podoley,
Billy,Poe,Billy Poe,
Dontari,Poe,Dontari Poe,
Johnnie,Poe,Johnnie Poe,
John,Pohlman,John Pohlman,
Dick,Poillon,Dick Poillon,
Lance,Poimboeuf,Lance Poimboeuf,
Anthony,Poindexter,Anthony Poindexter,
John,Pointer,John Pointer,
Quinton,Pointer,Quinton Pointer,
Frank,Pokorny,Frank Pokorny,
Mao,,Mao ,
Troy,Polamalu+,Troy Polamalu+,
John,Polanski,John Polanski,
Quentin,Poling,Quentin Poling,
John,Polisky,John Polisky,
Jachai,Polite,Jachai Polite,
Lousaka,Polite,Lousaka Polite,
Tony,Poljan,Tony Poljan,
Carlos,Polk,Carlos Polk,
Chris,Polk,Chris Polk,
DaShon,Polk,DaShon Polk,
Lynn,Polk,Lynn Polk,
David,Pollack,David Pollack,
Frank,Pollack,Frank Pollack,
Mike,Pollak,Mike Pollak,
Al,Pollard,Al Pollard,
Bernard,Pollard,Bernard Pollard,
Bob,Pollard,Bob Pollard,
Darryl,Pollard,Darryl Pollard,
Frank,Pollard,Frank Pollard,
Fritz,Pollard+,Fritz Pollard+,
Marcus,Pollard,Marcus Pollard,
Robert,Pollard,Robert Pollard,
Tony,Pollard,Tony Pollard,
Trent,Pollard,Trent Pollard,
Tom,Polley,Tom Polley,
Tommy,Polley,Tommy Polley,
Red,Pollock,Red Pollock,
Gordon,Polofsky,Gordon Polofsky,
Larry,Polowski,Larry Polowski,
Fran,Polsfoot,Fran Polsfoot,
Randy,Poltl,Randy Poltl,
Tyler,Polumbus,Tyler Polumbus,
Christian,Ponder,Christian Ponder,
David,Ponder,David Ponder,
Willie,Ponder,Willie Ponder,
Antwaune,Ponds,Antwaune Ponds,
Ryan,Pontbriand,Ryan Pontbriand,
Brodney,Pool,Brodney Pool,
David,Pool,David Pool,
Hampton,Pool,Hampton Pool,
Barney,Poole,Barney Poole,
Bob,Poole,Bob Poole,
Brian,Poole,Brian Poole,
Jim,Poole,Jim Poole,
Keith,Poole,Keith Poole,
Ken,Poole,Ken Poole,
Larry,Poole,Larry Poole,
Nate,Poole,Nate Poole,
Nathan,Poole,Nathan Poole,
Ollie,Poole,Ollie Poole,
Ray,Poole,Ray Poole,
Shelley,Poole,Shelley Poole,
Steve,Poole,Steve Poole,
Tauren,Poole,Tauren Poole,
Tyrone,Poole,Tyrone Poole,
Will,Poole,Will Poole,
Eli,Popa,Eli Popa,
Bucky,Pope,Bucky Pope,
Daniel,Pope,Daniel Pope,
Derrick,Pope,Derrick Pope,
Geoffrey,Pope,Geoffrey Pope,
Ken,Pope,Ken Pope,
Kendyll,Pope,Kendyll Pope,
Leonard,Pope,Leonard Pope,
Lew,Pope,Lew Pope,
Marquez,Pope,Marquez Pope,
Monsanto,Pope,Monsanto Pope,
P.J.,Pope,P.J. Pope,
Spencer,Pope,Spencer Pope,
Troymaine,Pope,Troymaine Pope,
John,Popovich,John Popovich,
Milt,Popovich,Milt Popovich,
Brady,Poppinga,Brady Poppinga,
Ted,Popson,Ted Popson,
Robert,Porcher,Robert Porcher,
Tom,Porell,Tom Porell,
Chris,Port,Chris Port,
Alvin,Porter,Alvin Porter,
Daryl,Porter,Daryl Porter,
Jack,Porter,Jack Porter,
Jerry,Porter,Jerry Porter,
Joe,Porter,Joe Porter,
Joey,Porter,Joey Porter,
Joey,Porter,Joey Porter,
Kerry,Porter,Kerry Porter,
Kevin,Porter,Kevin Porter,
Lew,Porter,Lew Porter,
Quinn,Porter,Quinn Porter,
Reggie,Porter,Reggie Porter,
Ricky,Porter,Ricky Porter,
Rob,Porter,Rob Porter,
Ron,Porter,Ron Porter,
Rufus,Porter,Rufus Porter,
Sean,Porter,Sean Porter,
Tracy,Porter,Tracy Porter,
Tracy,Porter,Tracy Porter,
Willie,Porter,Willie Porter,
Garry,Porterfield,Garry Porterfield,
Jose,Portilla,Jose Portilla,
Clinton,Portis,Clinton Portis,
Marico,Portis,Marico Portis,
David,Posey,David Posey,
DeVier,Posey,DeVier Posey,
Jeff,Posey,Jeff Posey,
Julian,Posey,Julian Posey,
Paul,Posluszny,Paul Posluszny,
Bobby,Post,Bobby Post,
Dickie,Post,Dickie Post,
Al,Postus,Al Postus,
Hank,Poteat,Hank Poteat,
Phil,Poth,Phil Poth,
John,Poto,John Poto,
e,,e ,
Earl,Potteiger,Earl Potteiger,
John,Potter,John Potter,
Kevin,Potter,Kevin Potter,
Nate,Potter,Nate Potter,
Steve,Potter,Steve Potter,
Zach,Potter,Zach Potter,
Myron,Pottios,Myron Pottios,
Bill,Potts,Bill Potts,
Charlie,Potts,Charlie Potts,
Daddy,Potts,Daddy Potts,
Roosevelt,Potts,Roosevelt Potts,
Ernest,Pough,Ernest Pough,
Sione,Pouha,Sione Pouha,
Maurkice,Pouncey,Maurkice Pouncey,
Mike,Pouncey,Mike Pouncey,
Darryl,Pounds,Darryl Pounds,
Shar,Pourdanesh,Shar Pourdanesh,
Jeremiah,Poutasi,Jeremiah Poutasi,
Darius,Powe,Darius Powe,
Jerrell,Powe,Jerrell Powe,
Karl,Powe,Karl Powe,
Keith,Powe,Keith Powe,
Alvin,Powell,Alvin Powell,
Andre,Powell,Andre Powell,
Art,Powell,Art Powell,
Bilal,Powell,Bilal Powell,
Brandon,Powell,Brandon Powell,
Carl,Powell,Carl Powell,
Carlton,Powell,Carlton Powell,
Charley,Powell,Charley Powell,
Cornell,Powell,Cornell Powell,
Craig,Powell,Craig Powell,
Darnell,Powell,Darnell Powell,
Dick,Powell,Dick Powell,
Eric,Powell,Eric Powell,
Jeff,Powell,Jeff Powell,
Jemeel,Powell,Jemeel Powell,
Jesse,Powell,Jesse Powell,
Marvin,Powell,Marvin Powell,
Marvin,Powell,Marvin Powell,
Preston,Powell,Preston Powell,
Roger,Powell,Roger Powell,
Ronald,Powell,Ronald Powell,
Ronnie,Powell,Ronnie Powell,
Shawn,Powell,Shawn Powell,
Stan,Powell,Stan Powell,
Steve,Powell,Steve Powell,
Tim,Powell,Tim Powell,
Ty,Powell,Ty Powell,
Tyvis,Powell,Tyvis Powell,
Walt,Powell,Walt Powell,
William,Powell,William Powell,
Ben,Powers,Ben Powers,
Clyde,Powers,Clyde Powers,
Jerraud,Powers,Jerraud Powers,
Jim,Powers,Jim Powers,
John,Powers,John Powers,
Ricky,Powers,Ricky Powers,
Sammy,Powers,Sammy Powers,
Warren,Powers,Warren Powers,
Warren,Powers,Warren Powers,
Johnson,,Johnson ,
Jordan,Poyer,Jordan Poyer,
Phil,Pozderac,Phil Pozderac,
Dean,Prater,Dean Prater,
Matt,Prater,Matt Prater,
Shaun,Prater,Shaun Prater,
Dale,Prather,Dale Prather,
Guy,Prather,Guy Prather,
Germaine,Pratt,Germaine Pratt,
Paul,Pratt,Paul Pratt,
Robert,Pratt,Robert Pratt,
John,Prchlik,John Prchlik,
George,Preas,George Preas,
Gene,Prebola,Gene Prebola,
Steve,Preece,Steve Preece,
Merv,Pregulman,Merv Pregulman,
Adam,Prentice,Adam Prentice,
Travis,Prentice,Travis Prentice,
Dak,Prescott,Dak Prescott,
Hal,Prescott,Hal Prescott,
Andre,President,Andre President,
Gimel,President,Gimel President,
Andre,Presley,Andre Presley,
Lee,Presley,Lee Presley,
Glenn,Presnell,Glenn Presnell,
Chris,Pressley,Chris Pressley,
DeMario,Pressley,DeMario Pressley,
Jim,Prestel,Jim Prestel,
Bill,Preston,Bill Preston,
Dave,Preston,Dave Preston,
Duke,Preston,Duke Preston,
John,Preston,John Preston,
Michael,Preston,Michael Preston,
Pat,Preston,Pat Preston,
Ray,Preston,Ray Preston,
Roell,Preston,Roell Preston,
Luke,Prestridge,Luke Prestridge,
Felto,Prewitt,Felto Prewitt,
Bill,Priatko,Bill Priatko,
Art,Price,Art Price,
Billy,Price,Billy Price,
Bobby,Price,Bobby Price,
Brian,Price,Brian Price,
Brian,Price,Brian Price,
Cotton,Price,Cotton Price,
Vonte,Price,Vonte Price,
Daryl,Price,Daryl Price,
Dennis,Price,Dennis Price,
Derek,Price,Derek Price,
Eddie,Price,Eddie Price,
Ejuan,Price,Ejuan Price,
Elex,Price,Elex Price,
Ernie,Price,Ernie Price,
Givens,Price,Givens Price,
Jabari,Price,Jabari Price,
Jim,Price,Jim Price,
Jim,Price,Jim Price,
Kenny,Price,Kenny Price,
Marcus,Price,Marcus Price,
Mitchell,Price,Mitchell Price,
Peerless,Price,Peerless Price,
Ricky,Price,Ricky Price,
Sammy,Price,Sammy Price,
Shawn,Price,Shawn Price,
Sheldon,Price,Sheldon Price,
Stacy,Price,Stacy Price,
Taylor,Price,Taylor Price,
Terry,Price,Terry Price,
Billy,Pricer,Billy Pricer,
Dan,Pride,Dan Pride,
Troy,Pride,Troy Pride,
Tom,Pridemore,Tom Pridemore,
Bob,Priestley,Bob Priestley,
Frank,Primeau,Frank Primeau,
Greg,Primus,Greg Primus,
James,Primus,James Primus,
Deantre,Prince,Deantre Prince,
Deneric,Prince,Deneric Prince,
Isaiah,Prince,Isaiah Prince,
Ryan,Prince,Ryan Prince,
Dom,Principe,Dom Principe,
Mike,Prindle,Mike Prindle,
Alan,Pringle,Alan Pringle,
Byron,Pringle,Byron Pringle,
Mike,Pringle,Mike Pringle,
Mike,Pringley,Mike Pringley,
Bob,Print,Bob Print,
Pierson,Prioleau,Pierson Prioleau,
Anthony,Prior,Anthony Prior,
Mike,Prior,Mike Prior,
Errol,Prisby,Errol Prisby,
Nick,Prisco,Nick Prisco,
Bill,Pritchard,Bill Pritchard,
Bosh,Pritchard,Bosh Pritchard,
Mike,Pritchard,Mike Pritchard,
Ron,Pritchard,Ron Pritchard,
Billy,Pritchett,Billy Pritchett,
Kelvin,Pritchett,Kelvin Pritchett,
Nehemiah,Pritchett,Nehemiah Pritchett,
Stanley,Pritchett,Stanley Pritchett,
Wes,Pritchett,Wes Pritchett,
Steve,Pritko,Steve Pritko,
Bryan,Proby,Bryan Proby,
Ray,Prochaska,Ray Prochaska,
James,Proche,James Proche,
Cory,Procter,Cory Procter,
Dewey,Proctor,Dewey Proctor,
Rex,Proctor,Rex Proctor,
Ricky,Proehl,Ricky Proehl,
Gene,Profit,Gene Profit,
Joe,Profit,Joe Profit,
Eddie,Prokop,Eddie Prokop,
Joe,Prokop,Joe Prokop,
Joe,Prokop,Joe Prokop,
Vince,Promuto,Vince Promuto,
Jay,Prosch,Jay Prosch,
Chris,Prosinski,Chris Prosinski,
C.J.,Prosise,C.J. Prosise,
Jack,Protz,Jack Protz,
Bob,Prout,Bob Prout,
Andrew,Provence,Andrew Provence,
Ken,Provencial,Ken Provencial,
Fred,Provo,Fred Provo,
Ted,Provost,Ted Provost,
Ronnie,Prude,Ronnie Prude,
Remi,Prudhomme,Remi Prudhomme,
Perry,Pruett,Perry Pruett,
Etric,Pruitt,Etric Pruitt,
Greg,Pruitt,Greg Pruitt,
James,Pruitt,James Pruitt,
Julius,Pruitt,Julius Pruitt,
Mickey,Pruitt,Mickey Pruitt,
Mike,Pruitt,Mike Pruitt,
MyCole,Pruitt,MyCole Pruitt,
Trevor,Pryce,Trevor Pryce,
Barry,Pryor,Barry Pryor,
Calvin,Pryor,Calvin Pryor,
Joshua,Pryor,Joshua Pryor,
Kendric,Pryor,Kendric Pryor,
Matt,Pryor,Matt Pryor,
Myron,Pryor,Myron Pryor,
Terrelle,Pryor,Terrelle Pryor,
Jim,Psaltis,Jim Psaltis,
Bob,Ptacek,Bob Ptacek,
Ben,Pucci,Ben Pucci,
Mike,Pucillo,Mike Pucillo,
Hal,Puddy,Hal Puddy,
Chet,Pudloski,Chet Pudloski,
Garry,Puetz,Garry Puetz,
David,Pugh,David Pugh,
Jethro,Pugh,Jethro Pugh,
Jordan,Pugh,Jordan Pugh,
Justin,Pugh,Justin Pugh,
Marion,Pugh,Marion Pugh,
Jarrod,Pughsley,Jarrod Pughsley,
Craig,Puki,Craig Puki,
Hayes,Pullard,Hayes Pullard,
Spencer,Pulley,Spencer Pulley,
Don,Pumphrey,Don Pumphrey,
Dominick,Puni,Dominick Puni,
Andy,Puplis,Andy Puplis,
Alfred,Pupunu,Alfred Pupunu,
Mike,Purcell,Mike Purcell,
Cal,Purdin,Cal Purdin,
Tanner,Purdum,Tanner Purdum,
Brock,Purdy,Brock Purdy,
Mike,Purdy,Mike Purdy,
Pid,Purdy,Pid Purdy,
Dave,Pureifory,Dave Pureifory,
Loucheiz,Purifoy,Loucheiz Purifoy,
Maurice,Purify,Maurice Purify,
Dave,Purling,Dave Purling,
Frank,Purnell,Frank Purnell,
Jim,Purnell,Jim Purnell,
Lovett,Purnell,Lovett Purnell,
Andre,Purvis,Andre Purvis,
Ryan,Purvis,Ryan Purvis,
Vic,Purvis,Vic Purvis,
Earl,Putman,Earl Putman,
Duane,Putnam,Duane Putnam,
Fred,Putzier,Fred Putzier,
Jeb,Putzier,Jeb Putzier,
Rollin,Putzier,Rollin Putzier,
Dave,Puzzuoli,Dave Puzzuoli,
Brad,Pyatt,Brad Pyatt,
Jack,Pyburn,Jack Pyburn,
Johnny,Pyeatt,Johnny Pyeatt,
Mike,Pyle,Mike Pyle,
Palmer,Pyle,Palmer Pyle,
David,Pyles,David Pyles,
Bob,Pylman,Bob Pylman,
George,Pyne,George Pyne,
George,Pyne,George Pyne,
Jim,Pyne,Jim Pyne,
Jerry,Quaerna,Jerry Quaerna,
Elijah,Qualls,Elijah Qualls,
Red,Quam,Red Quam,
Bernard,Quarles,Bernard Quarles,
Kelcy,Quarles,Kelcy Quarles,
Shelton,Quarles,Shelton Quarles,
Andrew,Quarless,Andrew Quarless,
Shaquille,Quarterman,Shaquille Quarterman,
John,Quast,John Quast,
Jess,Quatse,Jess Quatse,
Frank,Quayle,Frank Quayle,
Jeff,Queen,Jeff Queen,
Patrick,Queen,Patrick Queen,
Jeff,Query,Jeff Query,
David,Quessenberry,David Quessenberry,
Paul,Quessenberry,Paul Quessenberry,
Scott,Quessenberry,Scott Quessenberry,
Brian,Quick,Brian Quick,
Greg,Quick,Greg Quick,
Jerry,Quick,Jerry Quick,
Mike,Quick,Mike Quick,
Red,Quigley,Red Quigley,
Ryan,Quigley,Ryan Quigley,
Fred,Quillan,Fred Quillan,
Frank,Quillen,Frank Quillen,
Charley,Quilter,Charley Quilter,
Glover,Quin,Glover Quin,
Bill,Quinlan,Bill Quinlan,
Skeet,Quinlan,Skeet Quinlan,
Brady,Quinn,Brady Quinn,
Ivan,Quinn,Ivan Quinn,
Jonathan,Quinn,Jonathan Quinn,
Kelly,Quinn,Kelly Quinn,
Marcus,Quinn,Marcus Quinn,
Mike,Quinn,Mike Quinn,
Paddy,Quinn,Paddy Quinn,
Richard,Quinn,Richard Quinn,
Robert,Quinn,Robert Quinn,
Steve,Quinn,Steve Quinn,
Trey,Quinn,Trey Quinn,
Ed,Quirk,Ed Quirk,
Teagan,Quitoriano,Teagan Quitoriano,
Brent,Qvale,Brent Qvale,
Marc,Raab,Marc Raab,
Bob,Raba,Bob Raba,
Casey,Rabach,Casey Rabach,
Warren,Rabb,Warren Rabb,
Mike,Rabold,Mike Rabold,
Buster,Raborn,Buster Raborn,
Chilo,Rachal,Chilo Rachal,
Latario,Rachal,Latario Rachal,
Frank,Racis,Frank Racis,
Neil,Rackers,Neil Rackers,
David,Rackley,David Rackley,
Derek,Rackley,Derek Rackley,
Will,Rackley,Will Rackley,
George,Radachowsky,George Radachowsky,
John,Rade,John Rade,
Keith,Radecic,Keith Radecic,
Scott,Radecic,Scott Radecic,
Bill,Rademacher,Bill Rademacher,
Jason,Rader,Jason Rader,
Kevin,Rader,Kevin Rader,
Bruce,Radford,Bruce Radford,
Ken,Radick,Ken Radick,
Wayne,Radloff,Wayne Radloff,
Alex,Rado,Alex Rado,
George,Rado,George Rado,
George,Radosevich,George Radosevich,
Bill,Radovich,Bill Radovich,
Dillon,Radunz,Dillon Radunz,
Vic,Radzievitch,Vic Radzievitch,
Mike,Rae,Mike Rae,
Norbert,Raemer,Norbert Raemer,
Bill,Raffel,Bill Raffel,
Ian,Rafferty,Ian Rafferty,
Tom,Rafferty,Tom Rafferty,
Vince,Rafferty,Vince Rafferty,
Billy,Rafter,Billy Rafter,
Trey,Ragas,Trey Ragas,
Phil,Ragazzo,Phil Ragazzo,
Reggie,Ragland,Reggie Ragland,
Floyd,Raglin,Floyd Raglin,
Frank,Ragnow,Frank Ragnow,
Dave,Ragone,Dave Ragone,
George,Ragsdale,George Ragsdale,
Vincent,Ragunas,Vincent Ragunas,
Pat,Ragusa,Pat Ragusa,
Steve,Raible,Steve Raible,
Jim,Raiff,Jim Raiff,
Bernhard,Raimann,Bernhard Raimann,
Dave,Raimey,Dave Raimey,
Ben,Raimondi,Ben Raimondi,
Wali,Rainer,Wali Rainer,
Mike,Raines,Mike Raines,
Bobby,Rainey,Bobby Rainey,
Chris,Rainey,Chris Rainey,
Dan,Rains,Dan Rains,
Dominic,Raiola,Dominic Raiola,
Donovan,Raiola,Donovan Raiola,
B.J.,Raji,B.J. Raji,
Peter,Rajkovich,Peter Rajkovich,
Ennis,Rakestraw,Ennis Rakestraw,
Larry,Rakestraw,Larry Rakestraw,
Gregg,Rakoczy,Gregg Rakoczy,
Dan,Ralph,Dan Ralph,
Nick,Ralston,Nick Ralston,
Bacarri,Rambo,Bacarri Rambo,
Yon,Rambo,Yon Rambo,
Ryan,Ramczyk,Ryan Ramczyk,
Jim,Ramey,Jim Ramey,
Jose,Ramirez,Jose Ramirez,
Manuel,Ramirez,Manuel Ramirez,
Tony,Ramirez,Tony Ramirez,
Joe,Ramona,Joe Ramona,
Andre,Ramsey,Andre Ramsey,
Buster,Ramsey,Buster Ramsey,
Chuck,Ramsey,Chuck Ramsey,
Derrick,Ramsey,Derrick Ramsey,
Frank,Ramsey,Frank Ramsey,
Greg,Ramsey,Greg Ramsey,
Jalen,Ramsey,Jalen Ramsey,
Knox,Ramsey,Knox Ramsey,
LaJuan,Ramsey,LaJuan Ramsey,
Nate,Ramsey,Nate Ramsey,
Patrick,Ramsey,Patrick Ramsey,
Randy,Ramsey,Randy Ramsey,
Ray,Ramsey,Ray Ramsey,
Red,Ramsey,Red Ramsey,
Steve,Ramsey,Steve Ramsey,
Tom,Ramsey,Tom Ramsey,
Eason,Ramson,Eason Ramson,
Curtis,Randall,Curtis Randall,
Damarious,Randall,Damarious Randall,
Dennis,Randall,Dennis Randall,
Greg,Randall,Greg Randall,
Kheeston,Randall,Kheeston Randall,
Marcus,Randall,Marcus Randall,
Tom,Randall,Tom Randall,
Proc,Randels,Proc Randels,
Ervin,Randle,Ervin Randle,
John,Randle+,John Randle+,
Joseph,Randle,Joseph Randle,
Rueben,Randle,Rueben Randle,
Sonny,Randle,Sonny Randle,
Tate,Randle,Tate Randle,
Antwaan,Randle,Antwaan Randle,
Al,Randolph,Al Randolph,
Clare,Randolph,Clare Randolph,
Harry,Randolph,Harry Randolph,
Terry,Randolph,Terry Randolph,
Thomas,Randolph,Thomas Randolph,
Louis,Rankin,Louis Rankin,
Martinas,Rankin,Martinas Rankin,
Walt,Rankin,Walt Rankin,
Sheldon,Rankins,Sheldon Rankins,
Derrick,Ransom,Derrick Ransom,
Keith,Ranspot,Keith Ranspot,
John,Rapacz,John Rapacz,
Bob,Rapp,Bob Rapp,
Herb,Rapp,Herb Rapp,
Manny,Rapp,Manny Rapp,
Taylor,Rapp,Taylor Rapp,
Walter,Rasby,Walter Rasby,
Am,Rascher,Am Rascher,
Lou,Rash,Lou Rash,
Ahmad,Rashad,Ahmad Rashad,
reff,Rashad,reff Rashad,
Hamilcar,Rashed,Hamilcar Rashed,
Kenyon,Rasheed,Kenyon Rasheed,
Saleem,Rasheed,Saleem Rasheed,
Leo,Raskowski,Leo Raskowski,
Rocky,Rasley,Rocky Rasley,
Kemp,Rasmussen,Kemp Rasmussen,
Randy,Rasmussen,Randy Rasmussen,
Randy,Rasmussen,Randy Rasmussen,
Wayne,Rasmussen,Wayne Rasmussen,
Nick,Rassas,Nick Rassas,
Ed,Rate,Ed Rate,
Roy,Ratekin,Roy Ratekin,
Bo,Rather,Bo Rather,
Tom,Rathman,Tom Rathman,
Joe,Ratica,Joe Ratica,
Brian,Ratigan,Brian Ratigan,
Ray,Ratkowski,Ray Ratkowski,
Damion,Ratley,Damion Ratley,
Don,Ratliff,Don Ratliff,
Jay,Ratliff,Jay Ratliff,
Keiwan,Ratliff,Keiwan Ratliff,
Tim,Rattay,Tim Rattay,
Fred,Ratterman,Fred Ratterman,
George,Ratterman,George Ratterman,
Spencer,Rattler,Spencer Rattler,
Ryan,Rau,Ryan Rau,
Dick,Rauch,Dick Rauch,
John,Rauch,John Rauch,
Bob,Ravensberg,Bob Ravensberg,
Eric,Ravotti,Eric Ravotti,
Bob,Rawlings,Bob Rawlings,
Thomas,Rawls,Thomas Rawls,
Baby,Ray,Baby Ray,
Darrol,Ray,Darrol Ray,
David,Ray,David Ray,
Eddie,Ray,Eddie Ray,
John,Ray,John Ray,
LaBryan,Ray,LaBryan Ray,
Marcus,Ray,Marcus Ray,
Ricky,Ray,Ricky Ray,
Shane,Ray,Shane Ray,
Terry,Ray,Terry Ray,
Wyatt,Ray,Wyatt Ray,
Thomas,Rayam,Thomas Rayam,
Israel,Raybon,Israel Raybon,
Sam,Rayburn,Sam Rayburn,
Van,Rayburn,Van Rayburn,
Jimmy,Raye,Jimmy Raye,
Jimmy,Raye,Jimmy Raye,
Caesar,Rayford,Caesar Rayford,
Fred,Rayhle,Fred Rayhle,
Andrew,Raym,Andrew Raym,
Cory,Raymer,Cory Raymer,
Corey,Raymond,Corey Raymond,
Kalif,Raymond,Kalif Raymond,
Mistral,Raymond,Mistral Raymond,
Dave,Rayner,Dave Rayner,
Rick,Razzano,Rick Razzano,
Kevin,Reach,Kevin Reach,
Jack,Read,Jack Read,
D.J.,Reader,D.J. Reader,
Jamie,Reader,Jamie Reader,
Russ,Reader,Russ Reader,
Ike,Readon,Ike Readon,
Frank,Reagan,Frank Reagan,
Ed,Reagen,Ed Reagen,
Jalen,Reagor,Jalen Reagor,
Montae,Reagor,Montae Reagor,
Charles,Ream,Charles Ream,
Tommy,Reamon,Tommy Reamon,
Kerry,Reardon,Kerry Reardon,
Keith,Reaser,Keith Reaser,
Gary,Reasons,Gary Reasons,
Darrin,Reaves,Darrin Reaves,
Jeremy,Reaves,Jeremy Reaves,
John,Reaves,John Reaves,
Ken,Reaves,Ken Reaves,
Willard,Reaves,Willard Reaves,
C.J.,Reavis,C.J. Reavis,
Dave,Reavis,Dave Reavis,
Rusty,Rebowe,Rusty Rebowe,
Paul,Rebsamen,Paul Rebsamen,
Dave,Recher,Dave Recher,
Bert,Rechichar,Bert Rechichar,
Ray,Reckmack,Ray Reckmack,
Jamaica,Rector,Jamaica Rector,
Ron,Rector,Ron Rector,
Glen,Redd,Glen Redd,
Silas,Redd,Silas Redd,
Vince,Redd,Vince Redd,
Barry,Redden,Barry Redden,
Haason,Reddick,Haason Reddick,
Kevin,Reddick,Kevin Reddick,
Cory,Redding,Cory Redding,
Reggie,Redding,Reggie Redding,
Sheepy,Redeen,Sheepy Redeen,
Kasey,Redfern,Kasey Redfern,
Corn,Redick,Corn Redick,
Ruel,Redinger,Ruel Redinger,
Chris,Redman,Chris Redman,
Gus,Redman,Gus Redman,
Isaac,Redman,Isaac Redman,
Rick,Redman,Rick Redman,
Anthony,Redmon,Anthony Redmon,
Adam,Redmond,Adam Redmond,
Alex,Redmond,Alex Redmond,
J.R.,Redmond,J.R. Redmond,
Jalen,Redmond,Jalen Redmond,
Jimmy,Redmond,Jimmy Redmond,
Rudy,Redmond,Rudy Redmond,
Tom,Redmond,Tom Redmond,
Will,Redmond,Will Redmond,
Jarvis,Redwine,Jarvis Redwine,
Sheldrick,Redwine,Sheldrick Redwine,
Lucien,Reeberg,Lucien Reeberg,
Beasley,Reece,Beasley Reece,
Danny,Reece,Danny Reece,
Don,Reece,Don Reece,
Geoff,Reece,Geoff Reece,
John,Reece,John Reece,
Marcel,Reece,Marcel Reece,
Travis,Reece,Travis Reece,
Alvin,Reed,Alvin Reed,
Andre,Reed+,Andre Reed+,
Ben,Reed,Ben Reed,
Bobby,Reed,Bobby Reed,
Brooks,Reed,Brooks Reed,
Chris,Reed,Chris Reed,
Aundre,Reed,Aundre Reed,
D.J.,Reed,D.J. Reed,
David,Reed,David Reed,
Doug,Reed,Doug Reed,
Ed,Reed+,Ed Reed+,
Frank,Reed,Frank Reed,
Henry,Reed,Henry Reed,
J.R.,Reed,J.R. Reed,
J.R.,Reed,J.R. Reed,
Jake,Reed,Jake Reed,
James,Reed,James Reed,
James,Reed,James Reed,
Jarran,Reed,Jarran Reed,
Jayden,Reed,Jayden Reed,
Jeff,Reed,Jeff Reed,
Jerrick,Reed,Jerrick Reed,
Joe,Reed,Joe Reed,
Joe,Reed,Joe Reed,
Jordan,Reed,Jordan Reed,
Josh,Reed,Josh Reed,
Kalan,Reed,Kalan Reed,
Kerry,Reed,Kerry Reed,
Leo,Reed,Leo Reed,
Malik,Reed,Malik Reed,
Mark,Reed,Mark Reed,
Max,Reed,Max Reed,
Michael,Reed,Michael Reed,
Mike,Reed,Mike Reed,
Nick,Reed,Nick Reed,
Oscar,Reed,Oscar Reed,
Rayshun,Reed,Rayshun Reed,
Robert,Reed,Robert Reed,
Robert,Reed,Robert Reed,
Rock,Reed,Rock Reed,
Smith,Reed,Smith Reed,
Taft,Reed,Taft Reed,
Tony,Reed,Tony Reed,
Trovon,Reed,Trovon Reed,
Dan,Reeder,Dan Reeder,
Troy,Reeder,Troy Reeder,
Bernard,Reedy,Bernard Reedy,
Albert,Reese,Albert Reese,
Allen,Reese,Allen Reese,
Archie,Reese,Archie Reese,
Booker,Reese,Booker Reese,
Dave,Reese,Dave Reese,
Don,Reese,Don Reese,
Guy,Reese,Guy Reese,
Hank,Reese,Hank Reese,
Ike,Reese,Ike Reese,
Izell,Reese,Izell Reese,
Jerry,Reese,Jerry Reese,
Jerry,Reese,Jerry Reese,
Jerry,Reese,Jerry Reese,
Ken,Reese,Ken Reese,
Lloyd,Reese,Lloyd Reese,
Marcus,Reese,Marcus Reese,
Otis,Reese,Otis Reese,
Steve,Reese,Steve Reese,
Lew,Reeve,Lew Reeve,
Bryan,Reeves,Bryan Reeves,
Carl,Reeves,Carl Reeves,
Dan,Reeves,Dan Reeves,
Jacques,Reeves,Jacques Reeves,
John,Reeves,John Reeves,
Ken,Reeves,Ken Reeves,
Marion,Reeves,Marion Reeves,
Roy,Reeves,Roy Reeves,
Walter,Reeves,Walter Reeves,
Maybin,,Maybin ,
Jim,Regan,Jim Regan,
Shawn,Regent,Shawn Regent,
John,Reger,John Reger,
Tom,Regner,Tom Regner,
Pete,Regnier,Pete Regnier,
Moses,Regular,Moses Regular,
Steve,Rehage,Steve Rehage,
Scott,Rehberg,Scott Rehberg,
Tom,Rehder,Tom Rehder,
Ryan,Rehkow,Ryan Rehkow,
Milt,Rehnquist,Milt Rehnquist,
Frank,Reich,Frank Reich,
Will,Reichard,Will Reichard,
Bill,Reichardt,Bill Reichardt,
Lou,Reichel,Lou Reichel,
Mike,Reichenbach,Mike Reichenbach,
Dick,Reichle,Dick Reichle,
Chuck,Reichow,Chuck Reichow,
Jerry,Reichow,Jerry Reichow,
Alan,Reid,Alan Reid,
Andy,Reid,Andy Reid,
Bill,Reid,Bill Reid,
Breezy,Reid,Breezy Reid,
Caraun,Reid,Caraun Reid,
Darrell,Reid,Darrell Reid,
Dexter,Reid,Dexter Reid,
Eric,Reid,Eric Reid,
Gabe,Reid,Gabe Reid,
Jah,Reid,Jah Reid,
Jim,Reid,Jim Reid,
Joe,Reid,Joe Reid,
John,Reid,John Reid,
Justin,Reid,Justin Reid,
Lamont,Reid,Lamont Reid,
Michael,Reid,Michael Reid,
Mike,Reid,Mike Reid,
Mike,Reid,Mike Reid,
Spencer,Reid,Spencer Reid,
Willie,Reid,Willie Reid,
Winston,Reid,Winston Reid,
Riley,Reiff,Riley Reiff,
Bob,Reifsnyder,Bob Reifsnyder,
George,Reihner,George Reihner,
Dameon,Reilly,Dameon Reilly,
Jim,Reilly,Jim Reilly,
Kevin,Reilly,Kevin Reilly,
Mike,Reilly,Mike Reilly,
Mike,Reilly,Mike Reilly,
Trevor,Reilly,Trevor Reilly,
Tip,Reiman,Tip Reiman,
Bruce,Reimers,Bruce Reimers,
Mike,Reinfeldt,Mike Reinfeldt,
Bill,Reinhard,Bill Reinhard,
Bob,Reinhard,Bob Reinhard,
Jeff,Reinke,Jeff Reinke,
Chris,Reis,Chris Reis,
Earl,Reiser,Earl Reiser,
Allen,Reisner,Allen Reisner,
Bill,Reissig,Bill Reissig,
Albie,Reisz,Albie Reisz,
Austin,Reiter,Austin Reiter,
Peck,Reiter,Peck Reiter,
Joe,Reitz,Joe Reitz,
Johnny,Rembert,Johnny Rembert,
Reggie,Rembert,Reggie Rembert,
Nikko,Remigio,Nikko Remigio,
Bill,Remington,Bill Remington,
Mike,Remmers,Mike Remmers,
Dennis,Remmert,Dennis Remmert,
Roger,Remo,Roger Remo,
Dan,Remsberg,Dan Remsberg,
Tyshun,Render,Tyshun Render,
Sean,Renfree,Sean Renfree,
Dean,Renfro,Dean Renfro,
Dick,Renfro,Dick Renfro,
Leonard,Renfro,Leonard Renfro,
Mel,Renfro+,Mel Renfro+,
Mike,Renfro,Mike Renfro,
Ray,Renfro,Ray Renfro,
Will,Renfro,Will Renfro,
Hunter,Renfrow,Hunter Renfrow,
Mike,Rengel,Mike Rengel,
Neil,Rengel,Neil Rengel,
Bob,Renn,Bob Renn,
Terry,Rennaker,Terry Rennaker,
Bill,Renner,Bill Renner,
Jess,Reno,Jess Reno,
Caesar,Rentie,Caesar Rentie,
Pug,Rentner,Pug Rentner,
Larry,Rentz,Larry Rentz,
Lance,Rentzel,Lance Rentzel,
Jay,Repko,Jay Repko,
Joe,Repko,Joe Repko,
Mike,Reppond,Mike Reppond,
Glenn,Ressler,Glenn Ressler,
Joe,Restic,Joe Restic,
Jared,Retkofsky,Jared Retkofsky,
Pete,Retzlaff,Pete Retzlaff,
Alan,Reuber,Alan Reuber,
Konrad,Reuland,Konrad Reuland,
Vic,Reuter,Vic Reuter,
Randy,Reutershan,Randy Reutershan,
Ray,Reutt,Ray Reutt,
Fuad,Reveiz,Fuad Reveiz,
Darrelle,Revis+,Darrelle Revis+,
Freeman,Rexer,Freeman Rexer,
Vincent,Rey,Vincent Rey,
Kendall,Reyes,Kendall Reyes,
Sammis,Reyes,Sammis Reyes,
Tutan,Reyes,Tutan Reyes,
Darius,Reynaud,Darius Reynaud,
Al,Reynolds,Al Reynolds,
Bill,Reynolds,Bill Reynolds,
Billy,Reynolds,Billy Reynolds,
Bob,Reynolds,Bob Reynolds,
Bob,Reynolds,Bob Reynolds,
Chase,Reynolds,Chase Reynolds,
Chuck,Reynolds,Chuck Reynolds,
Craig,Reynolds,Craig Reynolds,
Dallas,Reynolds,Dallas Reynolds,
Ed,Reynolds,Ed Reynolds,
Ed,Reynolds,Ed Reynolds,
Garrett,Reynolds,Garrett Reynolds,
Homer,Reynolds,Homer Reynolds,
Jack,Reynolds,Jack Reynolds,
Jamal,Reynolds,Jamal Reynolds,
Jerry,Reynolds,Jerry Reynolds,
Jim,Reynolds,Jim Reynolds,
Jim,Reynolds,Jim Reynolds,
Joffrey,Reynolds,Joffrey Reynolds,
John,Reynolds,John Reynolds,
Josh,Reynolds,Josh Reynolds,
Keenan,Reynolds,Keenan Reynolds,
LaRoy,Reynolds,LaRoy Reynolds,
M.C.,Reynolds,M.C. Reynolds,
Owen,Reynolds,Owen Reynolds,
Quentin,Reynolds,Quentin Reynolds,
Ricky,Reynolds,Ricky Reynolds,
Robert,Reynolds,Robert Reynolds,
Tom,Reynolds,Tom Reynolds,
Demetrius,Rhaney,Demetrius Rhaney,
Jon,Rhattigan,Jon Rhattigan,
Floyd,Rhea,Floyd Rhea,
Hugh,Rhea,Hugh Rhea,
Leonta,Rheams,Leonta Rheams,
Steve,Rhem,Steve Rhem,
Elmer,Rhenstrom,Elmer Rhenstrom,
Errict,Rhett,Errict Rhett,
Coby,Rhinehart,Coby Rhinehart,
Jay,Rhodemyre,Jay Rhodemyre,
Bruce,Rhodes,Bruce Rhodes,
Danny,Rhodes,Danny Rhodes,
Dominic,Rhodes,Dominic Rhodes,
Don,Rhodes,Don Rhodes,
Kerry,Rhodes,Kerry Rhodes,
Luke,Rhodes,Luke Rhodes,
Ray,Rhodes,Ray Rhodes,
Xavier,Rhodes,Xavier Rhodes,
Jerry,Rhome,Jerry Rhome,
Earnest,Rhone,Earnest Rhone,
Sean,Rhyan,Sean Rhyan,
Buster,Rhymes,Buster Rhymes,
Forrest,Rhyne,Forrest Rhyne,
Frank,Ribar,Frank Ribar,
Dave,Ribble,Dave Ribble,
Paul,Riblett,Paul Riblett,
Alan,Ricard,Alan Ricard,
Patrick,Ricard,Patrick Ricard,
Benny,Ricardo,Benny Ricardo,
Jim,Ricca,Jim Ricca,
Giovanni,Ricci,Giovanni Ricci,
Rice,,Rice ,
Allen,Rice,Allen Rice,
Andy,Rice,Andy Rice,
Brenden,Rice,Brenden Rice,
Dan,Rice,Dan Rice,
Denzel,Rice,Denzel Rice,
Floyd,Rice,Floyd Rice,
George,Rice,George Rice,
Harold,Rice,Harold Rice,
Jerry,Rice+,Jerry Rice+,
Ken,Rice,Ken Rice,
Monty,Rice,Monty Rice,
Orian,Rice,Orian Rice,
Rashee,Rice,Rashee Rice,
Ray,Rice,Ray Rice,
Rodney,Rice,Rodney Rice,
Ron,Rice,Ron Rice,
Sidney,Rice,Sidney Rice,
Simeon,Rice,Simeon Rice,
Herb,Rich,Herb Rich,
Randy,Rich,Randy Rich,
Gary,Richard,Gary Richard,
Jalen,Richard,Jalen Richard,
Jamey,Richard,Jamey Richard,
Kris,Richard,Kris Richard,
Stanley,Richard,Stanley Richard,
Asim,Richards,Asim Richards,
Bobby,Richards,Bobby Richards,
Curvin,Richards,Curvin Richards,
David,Richards,David Richards,
Dick,Richards,Dick Richards,
Golden,Richards,Golden Richards,
Howard,Richards,Howard Richards,
Jeff,Richards,Jeff Richards,
Jim,Richards,Jim Richards,
Jordan,Richards,Jordan Richards,
Kink,Richards,Kink Richards,
Perry,Richards,Perry Richards,
Pete,Richards,Pete Richards,
Ray,Richards,Ray Richards,
Ted,Richards,Ted Richards,
Al,Richardson,Al Richardson,
Al,Richardson,Al Richardson,
Anthony,Richardson,Anthony Richardson,
Barry,Richardson,Barry Richardson,
Bob,Richardson,Bob Richardson,
Bobby,Richardson,Bobby Richardson,
Bucky,Richardson,Bucky Richardson,
C.J.,Richardson,C.J. Richardson,
Charlie,Richardson,Charlie Richardson,
Cyril,Richardson,Cyril Richardson,
Damien,Richardson,Damien Richardson,
Daryl,Richardson,Daryl Richardson,
David,Richardson,David Richardson,
Decamerion,Richardson,Decamerion Richardson,
Demani,Richardson,Demani Richardson,
Eric,Richardson,Eric Richardson,
Ernie,Richardson,Ernie Richardson,
Gloster,Richardson,Gloster Richardson,
Grady,Richardson,Grady Richardson,
Greg,Richardson,Greg Richardson,
Huey,Richardson,Huey Richardson,
Jay,Richardson,Jay Richardson,
Jeff,Richardson,Jeff Richardson,
Jerry,Richardson,Jerry Richardson,
Jerry,Richardson,Jerry Richardson,
Jess,Richardson,Jess Richardson,
John,Richardson,John Richardson,
Kyle,Richardson,Kyle Richardson,
Mike,Richardson,Mike Richardson,
Mike,Richardson,Mike Richardson,
Mike,Richardson,Mike Richardson,
Paul,Richardson,Paul Richardson,
Paul,Richardson,Paul Richardson,
Pete,Richardson,Pete Richardson,
Reggie,Richardson,Reggie Richardson,
Rico,Richardson,Rico Richardson,
Sean,Richardson,Sean Richardson,
Sheldon,Richardson,Sheldon Richardson,
Terry,Richardson,Terry Richardson,
Tom,Richardson,Tom Richardson,
Tony,Richardson,Tony Richardson,
Trent,Richardson,Trent Richardson,
Wally,Richardson,Wally Richardson,
Will,Richardson,Will Richardson,
Willie,Richardson,Willie Richardson,
Weston,Richburg,Weston Richburg,
Ray,Richeson,Ray Richeson,
Mike,Richey,Mike Richey,
Tom,Richey,Tom Richey,
Wade,Richey,Wade Richey,
David,Richie,David Richie,
Aldo,Richins,Aldo Richins,
Harry,Richman,Harry Richman,
Rock,Richmond,Rock Richmond,
Bo,Richter,Bo Richter,
Frank,Richter,Frank Richter,
Les,Richter+,Les Richter+,
Pat,Richter,Pat Richter,
Paul,Rickards,Paul Rickards,
Tom,Ricketts,Tom Ricketts,
Eli,Ricks,Eli Ricks,
Harold,Ricks,Harold Ricks,
Lawrence,Ricks,Lawrence Ricks,
Mikhael,Ricks,Mikhael Ricks,
Speed,Riddell,Speed Riddell,
Desmond,Ridder,Desmond Ridder,
Louis,Riddick,Louis Riddick,
Ray,Riddick,Ray Riddick,
Robb,Riddick,Robb Riddick,
Theo,Riddick,Theo Riddick,
Ryan,Riddle,Ryan Riddle,
Brandon,Rideau,Brandon Rideau,
Houston,Ridge,Houston Ridge,
Dante,Ridgeway,Dante Ridgeway,
Hassan,Ridgeway,Hassan Ridgeway,
John,Ridgeway,John Ridgeway,
Elston,Ridgle,Elston Ridgle,
Colin,Ridgway,Colin Ridgway,
Preston,Ridlehuber,Preston Ridlehuber,
Don,Ridler,Don Ridler,
Calvin,Ridley,Calvin Ridley,
Riley,Ridley,Riley Ridley,
Stevan,Ridley,Stevan Ridley,
Jimmy,Ridlon,Jimmy Ridlon,
Chris,Riehm,Chris Riehm,
Jay,Riemersma,Jay Riemersma,
John,Rienstra,John Rienstra,
Doug,Riesenberg,Doug Riesenberg,
Bill,Rieth,Bill Rieth,
Charlie,Rieves,Charlie Rieves,
Dick,Rifenburg,Dick Rifenburg,
Charley,Riffle,Charley Riffle,
Dick,Riffle,Dick Riffle,
Charles,Riggins,Charles Riggins,
John,Riggins+,John Riggins+,
Bob,Riggle,Bob Riggle,
Cody,Riggs,Cody Riggs,
Gerald,Riggs,Gerald Riggs,
Jim,Riggs,Jim Riggs,
Thron,Riggs,Thron Riggs,
Joe,Righetti,Joe Righetti,
Riley,,Riley ,
Avon,Riley,Avon Riley,
Bob,Riley,Bob Riley,
Bobby,Riley,Bobby Riley,
Butch,Riley,Butch Riley,
Cameron,Riley,Cameron Riley,
Curtis,Riley,Curtis Riley,
Duke,Riley,Duke Riley,
Elijah,Riley,Elijah Riley,
Eric,Riley,Eric Riley,
Eron,Riley,Eron Riley,
Eugene,Riley,Eugene Riley,
Jack,Riley,Jack Riley,
Jim,Riley,Jim Riley,
Jordon,Riley,Jordon Riley,
Karon,Riley,Karon Riley,
Ken,Riley+,Ken Riley+,
Larry,Riley,Larry Riley,
Lee,Riley,Lee Riley,
Pat,Riley,Pat Riley,
Perry,Riley,Perry Riley,
Phillip,Riley,Phillip Riley,
Preston,Riley,Preston Riley,
Steve,Riley,Steve Riley,
Victor,Riley,Victor Riley,
Dave,Rimington,Dave Rimington,
Brian,Rimpf,Brian Rimpf,
Stuart,Rindy,Stuart Rindy,
Chad,Rinehart,Chad Rinehart,
Bill,Ring,Bill Ring,
Javon,Ringer,Javon Ringer,
Christian,Ringo,Christian Ringo,
Jim,Ringo+,Jim Ringo+,
Kelee,Ringo,Kelee Ringo,
Carroll,Ringwalt,Carroll Ringwalt,
Hop,Riopel,Hop Riopel,
Mike,Riordan,Mike Riordan,
Tim,Riordan,Tim Riordan,
Marcus,Rios,Marcus Rios,
Aaron,Ripkowski,Aaron Ripkowski,
Alan,Risher,Alan Risher,
Cody,Risien,Cody Risien,
Ed,Risk,Ed Risk,
Elliott,Risley,Elliott Risley,
Dalton,Risner,Dalton Risner,
Andre,Rison,Andre Rison,
Ray,Rissmiller,Ray Rissmiller,
Ray,Risvold,Ray Risvold,
Jim,Ritcher,Jim Ritcher,
James,Ritchey,James Ritchey,
Del,Ritchhart,Del Ritchhart,
Jon,Ritchie,Jon Ritchie,
Constantin,Ritzmann,Constantin Ritzmann,
Gabe,Rivera,Gabe Rivera,
Hank,Rivera,Hank Rivera,
Marco,Rivera,Marco Rivera,
Mike,Rivera,Mike Rivera,
Mychal,Rivera,Mychal Rivera,
Ron,Rivera,Ron Rivera,
Steve,Rivera,Steve Rivera,
Chauncey,Rivers,Chauncey Rivers,
David,Rivers,David Rivers,
Derek,Rivers,Derek Rivers,
Garland,Rivers,Garland Rivers,
Gerald,Rivers,Gerald Rivers,
Jamie,Rivers,Jamie Rivers,
Keith,Rivers,Keith Rivers,
Marcellus,Rivers,Marcellus Rivers,
Nate,Rivers,Nate Rivers,
Philip,Rivers,Philip Rivers,
Reggie,Rivers,Reggie Rivers,
Ron,Rivers,Ron Rivers,
Ronnie,Rivers,Ronnie Rivers,
Don,Rives,Don Rives,
Jack,Rizzo,Jack Rizzo,
Joe,Rizzo,Joe Rizzo,
David,Roach,David Roach,
John,Roach,John Roach,
Malcolm,Roach,Malcolm Roach,
Nick,Roach,Nick Roach,
Rollin,Roach,Rollin Roach,
Travis,Roach,Travis Roach,
Trevor,Roach,Trevor Roach,
Carl,Roaches,Carl Roaches,
Willie,Roaf+,Willie Roaf+,
Michael,Roan,Michael Roan,
Oscar,Roan,Oscar Roan,
Harry,Robb,Harry Robb,
Joe,Robb,Joe Robb,
Loyal,Robb,Loyal Robb,
Stan,Robb,Stan Robb,
Austin,Robbins,Austin Robbins,
Barret,Robbins,Barret Robbins,
Brad,Robbins,Brad Robbins,
Fred,Robbins,Fred Robbins,
Jack,Robbins,Jack Robbins,
Kevin,Robbins,Kevin Robbins,
Randy,Robbins,Randy Robbins,
Tootie,Robbins,Tootie Robbins,
Mike,Roberg,Mike Roberg,
Bo,Roberson,Bo Roberson,
Chris,Roberson,Chris Roberson,
Derick,Roberson,Derick Roberson,
Derrick,Roberson,Derrick Roberson,
James,Roberson,James Roberson,
Lake,Roberson,Lake Roberson,
Marcus,Roberson,Marcus Roberson,
Vern,Roberson,Vern Roberson,
Alfredo,Roberts,Alfredo Roberts,
Andre,Roberts,Andre Roberts,
Archie,Roberts,Archie Roberts,
Bill,Roberts,Bill Roberts,
C.R.,Roberts,C.R. Roberts,
Cliff,Roberts,Cliff Roberts,
Darryl,Roberts,Darryl Roberts,
Elandon,Roberts,Elandon Roberts,
Fred,Roberts,Fred Roberts,
Gary,Roberts,Gary Roberts,
Gene,Roberts,Gene Roberts,
George,Roberts,George Roberts,
Greg,Roberts,Greg Roberts,
Guy,Roberts,Guy Roberts,
Guy,Roberts,Guy Roberts,
Hal,Roberts,Hal Roberts,
Jack,Roberts,Jack Roberts,
Larry,Roberts,Larry Roberts,
Mace,Roberts,Mace Roberts,
Michael,Roberts,Michael Roberts,
Ray,Roberts,Ray Roberts,
Red,Roberts,Red Roberts,
Sam,Roberts,Sam Roberts,
Seth,Roberts,Seth Roberts,
Terrell,Roberts,Terrell Roberts,
Tim,Roberts,Tim Roberts,
Tom,Roberts,Tom Roberts,
Walter,Roberts,Walter Roberts,
Wes,Roberts,Wes Roberts,
William,Roberts,William Roberts,
Willie,Roberts,Willie Roberts,
Wooky,Roberts,Wooky Roberts,
Amik,Robertson,Amik Robertson,
Bernard,Robertson,Bernard Robertson,
Bob,Robertson,Bob Robertson,
Bobby,Robertson,Bobby Robertson,
Craig,Robertson,Craig Robertson,
Dewayne,Robertson,Dewayne Robertson,
Harry,Robertson,Harry Robertson,
Isiah,Robertson,Isiah Robertson,
Jamal,Robertson,Jamal Robertson,
James,Robertson,James Robertson,
Marcus,Robertson,Marcus Robertson,
Pete,Robertson,Pete Robertson,
Tom,Robertson,Tom Robertson,
Tracy,Robertson,Tracy Robertson,
Travian,Robertson,Travian Robertson,
Tyrone,Robertson,Tyrone Robertson,
Harris,,Harris ,
Paul,Robeson,Paul Robeson,
Coleman,,Coleman ,
Shawn,Robinson,Shawn Robinson,
Aaron,Robinson,Aaron Robinson,
Adrian,Robinson,Adrian Robinson,
Adrien,Robinson,Adrien Robinson,
Aldrick,Robinson,Aldrick Robinson,
Allen,Robinson,Allen Robinson,
Alton,Robinson,Alton Robinson,
Bijan,Robinson,Bijan Robinson,
Bill,Robinson,Bill Robinson,
Billy,Robinson,Billy Robinson,
Bo,Robinson,Bo Robinson,
Brian,Robinson,Brian Robinson,
Bryan,Robinson,Bryan Robinson,
Cam,Robinson,Cam Robinson,
Charley,Robinson,Charley Robinson,
Chop,Robinson,Chop Robinson,
Corey,Robinson,Corey Robinson,
Craig,Robinson,Craig Robinson,
Curtis,Robinson,Curtis Robinson,
Damien,Robinson,Damien Robinson,
Darius,Robinson,Darius Robinson,
Dave,Robinson+,Dave Robinson+,
DeJuan,Robinson,DeJuan Robinson,
DelJuan,Robinson,DelJuan Robinson,
Demarcus,Robinson,Demarcus Robinson,
Denard,Robinson,Denard Robinson,
Derreck,Robinson,Derreck Robinson,
Dominique,Robinson,Dominique Robinson,
Don,Robinson,Don Robinson,
Dunta,Robinson,Dunta Robinson,
Ed,Robinson,Ed Robinson,
Ed,Robinson,Ed Robinson,
Eddie,Robinson,Eddie Robinson,
Edmond,Robinson,Edmond Robinson,
Eugene,Robinson,Eugene Robinson,
Frank,Robinson,Frank Robinson,
Fred,Robinson,Fred Robinson,
Fred,Robinson,Fred Robinson,
Freddie,Robinson,Freddie Robinson,
Gerald,Robinson,Gerald Robinson,
Gerell,Robinson,Gerell Robinson,
Gijon,Robinson,Gijon Robinson,
Gil,Robinson,Gil Robinson,
Glenn,Robinson,Glenn Robinson,
Greg,Robinson,Greg Robinson,
Greg,Robinson,Greg Robinson,
Greg,Robinson,Greg Robinson,
Gregg,Robinson,Gregg Robinson,
Jack,Robinson,Jack Robinson,
Jacque,Robinson,Jacque Robinson,
James,Robinson,James Robinson,
Jammie,Robinson,Jammie Robinson,
Janarius,Robinson,Janarius Robinson,
Jeff,Robinson,Jeff Robinson,
Jeroy,Robinson,Jeroy Robinson,
Jerry,Robinson,Jerry Robinson,
Jerry,Robinson,Jerry Robinson,
Jim,Robinson,Jim Robinson,
Johnnie,Robinson,Johnnie Robinson,
Johnny,Robinson+,Johnny Robinson+,
Johnny,Robinson,Johnny Robinson,
Josh,Robinson,Josh Robinson,
Josh,Robinson,Josh Robinson,
Junior,Robinson,Junior Robinson,
Keenan,Robinson,Keenan Robinson,
Keilan,Robinson,Keilan Robinson,
Kenny,Robinson,Kenny Robinson,
Kevin,Robinson,Kevin Robinson,
Khiry,Robinson,Khiry Robinson,
Koren,Robinson,Koren Robinson,
Larry,Robinson,Larry Robinson,
Larry,Robinson,Larry Robinson,
Laurent,Robinson,Laurent Robinson,
Layden,Robinson,Layden Robinson,
Lee,Robinson,Lee Robinson,
Luther,Robinson,Luther Robinson,
Lybrant,Robinson,Lybrant Robinson,
Marcus,Robinson,Marcus Robinson,
Mark,Robinson,Mark Robinson,
Mark,Robinson,Mark Robinson,
Matt,Robinson,Matt Robinson,
Michael,Robinson,Michael Robinson,
Mike,Robinson,Mike Robinson,
Mike,Robinson,Mike Robinson,
Patrick,Robinson,Patrick Robinson,
Patrick,Robinson,Patrick Robinson,
Paul,Robinson,Paul Robinson,
Rafael,Robinson,Rafael Robinson,
Ramzee,Robinson,Ramzee Robinson,
Rashard,Robinson,Rashard Robinson,
Reggie,Robinson,Reggie Robinson,
Rex,Robinson,Rex Robinson,
Ryan,Robinson,Ryan Robinson,
Ryne,Robinson,Ryne Robinson,
Shelton,Robinson,Shelton Robinson,
Stacy,Robinson,Stacy Robinson,
Tavius,Robinson,Tavius Robinson,
Terrence,Robinson,Terrence Robinson,
Tony,Robinson,Tony Robinson,
Travaris,Robinson,Travaris Robinson,
Trent,Robinson,Trent Robinson,
Trevor,Robinson,Trevor Robinson,
Tyrese,Robinson,Tyrese Robinson,
Virgil,Robinson,Virgil Robinson,
Dale,Robinson,Dale Robinson,
Wayne,Robinson,Wayne Robinson,
William,Robinson,William Robinson,
Brian,Robiskie,Brian Robiskie,
Terry,Robiskie,Terry Robiskie,
Brian,Robison,Brian Robison,
Burle,Robison,Burle Robison,
George,Robison,George Robison,
Tommy,Robison,Tommy Robison,
Hal,Robl,Hal Robl,
Ed,Robnett,Ed Robnett,
Marshall,Robnett,Marshall Robnett,
Frank,Robotti,Frank Robotti,
Andy,Robustelli+,Andy Robustelli+,
Bradley,Roby,Bradley Roby,
Courtney,Roby,Courtney Roby,
Doug,Roby,Doug Roby,
Reggie,Roby,Reggie Roby,
Saverio,Rocca,Saverio Rocca,
Alden,Roche,Alden Roche,
Brian,Roche,Brian Roche,
Quincy,Roche,Quincy Roche,
Isaac,Rochell,Isaac Rochell,
Robert,Rochell,Robert Rochell,
Paul,Rochester,Paul Rochester,
Walt,Rock,Walt Rock,
Lyle,Rockenbach,Lyle Rockenbach,
David,Rocker,David Rocker,
Tracy,Rocker,Tracy Rocker,
Jim,Rockford,Jim Rockford,
Chris,Rockins,Chris Rockins,
Hank,Rockwell,Hank Rockwell,
Mike,Rodak,Mike Rodak,
Jeff,Rodenberger,Jeff Rodenberger,
Mark,Rodenhauser,Mark Rodenhauser,
Mirro,Roder,Mirro Roder,
Ben,Roderick,Ben Roderick,
John,Roderick,John Roderick,
Aaron,Rodgers,Aaron Rodgers,
Amari,Rodgers,Amari Rodgers,
Del,Rodgers,Del Rodgers,
Derrick,Rodgers,Derrick Rodgers,
Hosea,Rodgers,Hosea Rodgers,
Isaiah,Rodgers,Isaiah Rodgers,
Jacquizz,Rodgers,Jacquizz Rodgers,
Jake,Rodgers,Jake Rodgers,
John,Rodgers,John Rodgers,
Johnny,Rodgers,Johnny Rodgers,
Richard,Rodgers,Richard Rodgers,
Tom,Rodgers,Tom Rodgers,
Tyrone,Rodgers,Tyrone Rodgers,
Willie,Rodgers,Willie Rodgers,
Cromartie,,Cromartie ,
Chris,Rodriguez,Chris Rodriguez,
Evan,Rodriguez,Evan Rodriguez,
Jess,Rodriguez,Jess Rodriguez,
Kelly,Rodriguez,Kelly Rodriguez,
Levi,Drake,Levi Drake,
Malcolm,Rodriguez,Malcolm Rodriguez,
Mike,Rodriguez,Mike Rodriguez,
Ruben,Rodriguez,Ruben Rodriguez,
Bill,Roe,Bill Roe,
James,Roe,James Roe,
Herb,Roedel,Herb Roedel,
Jeff,Roehl,Jeff Roehl,
Jon,Roehlk,Jon Roehlk,
Bill,Roehnelt,Bill Roehnelt,
Johnny,Roepke,Johnny Roepke,
Fritz,Roeseler,Fritz Roeseler,
Ben,Roethlisberger,Ben Roethlisberger,
Bill,Roffler,Bill Roffler,
John,Rogalla,John Rogalla,
Dan,Rogas,Dan Rogas,
Fran,Rogel,Fran Rogel,
Armani,Rogers,Armani Rogers,
Bill,Rogers,Bill Rogers,
Carlos,Rogers,Carlos Rogers,
Casey,Rogers,Casey Rogers,
Charles,Rogers,Charles Rogers,
Charley,Rogers,Charley Rogers,
Charlie,Rogers,Charlie Rogers,
Chester,Rogers,Chester Rogers,
Chris,Rogers,Chris Rogers,
Cullen,Rogers,Cullen Rogers,
Rick,Rogers,Rick Rogers,
Don,Rogers,Don Rogers,
Don,Rogers,Don Rogers,
Doug,Rogers,Doug Rogers,
Eli,Rogers,Eli Rogers,
George,Rogers,George Rogers,
Glenn,Rogers,Glenn Rogers,
Glynn,Rogers,Glynn Rogers,
Jacob,Rogers,Jacob Rogers,
Jimmy,Rogers,Jimmy Rogers,
John,Rogers,John Rogers,
Justin,Rogers,Justin Rogers,
Justin,Rogers,Justin Rogers,
Lamar,Rogers,Lamar Rogers,
Mel,Rogers,Mel Rogers,
Nick,Rogers,Nick Rogers,
Reggie,Rogers,Reggie Rogers,
Roderick,Rogers,Roderick Rogers,
Sam,Rogers,Sam Rogers,
Shaun,Rogers,Shaun Rogers,
Stan,Rogers,Stan Rogers,
Steve,Rogers,Steve Rogers,
Steve,Rogers,Steve Rogers,
Tracy,Rogers,Tracy Rogers,
Tyrone,Rogers,Tyrone Rogers,
Victor,Rogers,Victor Rogers,
Walt,Rogers,Walt Rogers,
George,Rogge,George Rogge,
Tom,Roggeman,Tom Roggeman,
Len,Rohde,Len Rohde,
George,Rohleder,George Rohleder,
Jeff,Rohrer,Jeff Rohrer,
Herm,Rohrig,Herm Rohrig,
Tubby,Rohsenberger,Tubby Rohsenberger,
John,Rokisky,John Rokisky,
Benji,Roland,Benji Roland,
Dennis,Roland,Dennis Roland,
Johnny,Roland,Johnny Roland,
Wallace,,Wallace ,
Antrel,Rolle,Antrel Rolle,
Brian,Rolle,Brian Rolle,
Butch,Rolle,Butch Rolle,
Dave,Rolle,Dave Rolle,
Jumal,Rolle,Jumal Rolle,
Samari,Rolle,Samari Rolle,
Dave,Roller,Dave Roller,
Henry,Rolling,Henry Rolling,
Quinten,Rollins,Quinten Rollins,
George,Roman,George Roman,
John,Roman,John Roman,
Mark,Roman,Mark Roman,
Nick,Roman,Nick Roman,
Steve,Romanik,Steve Romanik,
Jim,Romaniszyn,Jim Romaniszyn,
Jim,Romano,Jim Romano,
Bill,Romanowski,Bill Romanowski,
Dave,Romasko,Dave Romasko,
Brett,Romberg,Brett Romberg,
Rudy,Romboli,Rudy Romboli,
Stan,Rome,Stan Rome,
Tag,Rome,Tag Rome,
Tony,Romeo,Tony Romeo,
Rich,Romer,Rich Romer,
Dario,Romero,Dario Romero,
Ray,Romero,Ray Romero,
Charles,Romes,Charles Romes,
Al,Romine,Al Romine,
Milt,Romney,Milt Romney,
John,Parker,John Parker,
Tony,Romo,Tony Romo,
Gene,Ronzani,Gene Ronzani,
Bill,Rooney,Bill Rooney,
Cobb,Rooney,Cobb Rooney,
Joe,Rooney,Joe Rooney,
Mark,Roopenian,Mark Roopenian,
Jordan,Roos,Jordan Roos,
Michael,Roos,Michael Roos,
Naaman,Roosevelt,Naaman Roosevelt,
Jim,Root,Jim Root,
Dedrick,Roper,Dedrick Roper,
John,Roper,John Roper,
Juan,Roque,Juan Roque,
Durwood,Roquemore,Durwood Roquemore,
Jim,Rorison,Jim Rorison,
Spencer,Rork,Spencer Rork,
Dan,Rosado,Dan Rosado,
Dante,Rosario,Dante Rosario,
Aldrick,Rosas,Aldrick Rosas,
Sal,Rosato,Sal Rosato,
Rudy,Rosatti,Rudy Rosatti,
Hatch,Rosdahl,Hatch Rosdahl,
Al,Rose,Al Rose,
Barry,Rose,Barry Rose,
Carlton,Rose,Carlton Rose,
Donovan,Rose,Donovan Rose,
Gene,Rose,Gene Rose,
Gene,Rose,Gene Rose,
George,Rose,George Rose,
Joe,Rose,Joe Rose,
Ken,Rose,Ken Rose,
Lowell,Rose,Lowell Rose,
Nick,Rose,Nick Rose,
Tam,Rose,Tam Rose,
Jim,Rosecrans,Jim Rosecrans,
Rocky,Rosema,Rocky Rosema,
Josh,Rosen,Josh Rosen,
Stan,Rosen,Stan Rosen,
Timm,Rosenbach,Timm Rosenbach,
Sage,Rosenfels,Sage Rosenfels,
Roger,Rosengarten,Roger Rosengarten,
Erik,Rosenmeier,Erik Rosenmeier,
Bob,Rosenstiel,Bob Rosenstiel,
Mike,Rosenthal,Mike Rosenthal,
Ted,Rosequist,Ted Rosequist,
Ken,Roskie,Ken Roskie,
Ted,Rosnagle,Ted Rosnagle,
Aaron,Ross,Aaron Ross,
Adrian,Ross,Adrian Ross,
Alvin,Ross,Alvin Ross,
Brandian,Ross,Brandian Ross,
Cory,Ross,Cory Ross,
Angelo,Ross,Angelo Ross,
Dan,Ross,Dan Ross,
Daniel,Ross,Daniel Ross,
Dave,Ross,Dave Ross,
Derek,Ross,Derek Ross,
Derrick,Ross,Derrick Ross,
Dominique,Ross,Dominique Ross,
Gerard,Ross,Gerard Ross,
Jay,Ross,Jay Ross,
Jeremy,Ross,Jeremy Ross,
Jermaine,Ross,Jermaine Ross,
John,Ross,John Ross,
Josh,Ross,Josh Ross,
Justyn,Ross,Justyn Ross,
Kevin,Ross,Kevin Ross,
Louis,Ross,Louis Ross,
Micah,Ross,Micah Ross,
Oliver,Ross,Oliver Ross,
Oliver,Ross,Oliver Ross,
Rashad,Ross,Rashad Ross,
Scott,Ross,Scott Ross,
Tim,Ross,Tim Ross,
Willie,Ross,Willie Ross,
George,Rosso,George Rosso,
Tim,Rossovich,Tim Rossovich,
Allen,Rossum,Allen Rossum,
Ernie,Rosteck,Ernie Rosteck,
Pete,Rostosky,Pete Rostosky,
Kyle,Rote,Kyle Rote,
Tobin,Rote,Tobin Rote,
Matt,Roth,Matt Roth,
Pete,Roth,Pete Roth,
Tim,Rother,Tim Rother,
Cliff,Rothrock,Cliff Rothrock,
Doug,Rothschild,Doug Rothschild,
Fred,Rothwell,Fred Rothwell,
Bunmi,Rotimi,Bunmi Rotimi,
Herb,Roton,Herb Roton,
George,Roudebush,George Roudebush,
Tom,Rouen,Tom Rouen,
Chase,Roullier,Chase Roullier,
Raleigh,Roundtree,Raleigh Roundtree,
Ray,Roundtree,Ray Roundtree,
Larry,Rountree,Larry Rountree,
Jim,Rourke,Jim Rourke,
Aaron,Rouse,Aaron Rouse,
Curtis,Rouse,Curtis Rouse,
James,Rouse,James Rouse,
Stillman,Rouse,Stillman Rouse,
Walter,Rouse,Walter Rouse,
Wardell,Rouse,Wardell Rouse,
Tubby,Roush,Tubby Roush,
Lee,Rouson,Lee Rouson,
Gregory,Rousseau,Gregory Rousseau,
Tom,Roussel,Tom Roussel,
Mike,Roussos,Mike Roussos,
Stanford,Routt,Stanford Routt,
John,Roveto,John Roveto,
Tony,Rovinski,Tony Rovinski,
Ev,Rowan,Ev Rowan,
John,Rowan,John Rowan,
Larry,Rowden,Larry Rowden,
Bob,Rowe,Bob Rowe,
Bob,Rowe,Bob Rowe,
Dave,Rowe,Dave Rowe,
Eric,Rowe,Eric Rowe,
Harmon,Rowe,Harmon Rowe,
Joe,Rowe,Joe Rowe,
Patrick,Rowe,Patrick Rowe,
Ray,Rowe,Ray Rowe,
Eugene,Rowell,Eugene Rowell,
Eugene,Rowell,Eugene Rowell,
Brad,Rowland,Brad Rowland,
Chris,Rowland,Chris Rowland,
Justin,Rowland,Justin Rowland,
Bob,Rowley,Bob Rowley,
John,Rowser,John Rowser,
Bravvion,Roy,Bravvion Roy,
Frank,Roy,Frank Roy,
Jaquelin,Roy,Jaquelin Roy,
Spin,Roy,Spin Roy,
Andre,Royal,Andre Royal,
Eddie,Royal,Eddie Royal,
Ricky,Royal,Ricky Royal,
Robert,Royal,Robert Royal,
Mark,Royals,Mark Royals,
Orpheus,Roye,Orpheus Roye,
Evan,Royster,Evan Royster,
Mazio,Royster,Mazio Royster,
Ed,Royston,Ed Royston,
Christian,Rozeboom,Christian Rozeboom,
Bob,Rozier,Bob Rozier,
Mike,Rozier,Mike Rozier,
Dave,Rozumek,Dave Rozumek,
Aubrey,Rozzell,Aubrey Rozzell,
Ed,Rubbert,Ed Rubbert,
Larry,Rubens,Larry Rubens,
Rob,Rubick,Rob Rubick,
Ahtyba,Rubin,Ahtyba Rubin,
Anthony,Rubino,Anthony Rubino,
Angel,Rubio,Angel Rubio,
Karl,Rubke,Karl Rubke,
T.J.,Rubley,T.J. Rubley,
Martin,Ruby,Martin Ruby,
Todd,Rucci,Todd Rucci,
Ed,Rucinski,Ed Rucinski,
Leo,Rucka,Leo Rucka,
Chris,Rucker,Chris Rucker,
Conrad,Rucker,Conrad Rucker,
Frostee,Rucker,Frostee Rucker,
Keith,Rucker,Keith Rucker,
Martin,Rucker,Martin Rucker,
Mike,Rucker,Mike Rucker,
Reggie,Rucker,Reggie Rucker,
Jeremy,Ruckert,Jeremy Ruckert,
Dwayne,Rudd,Dwayne Rudd,
Tim,Ruddy,Tim Ruddy,
Jack,Rudnay,Jack Rudnay,
Tim,Rudnick,Tim Rudnick,
Jake,Rudock,Jake Rudock,
Ben,Rudolph,Ben Rudolph,
Coleman,Rudolph,Coleman Rudolph,
Council,Rudolph,Council Rudolph,
Jack,Rudolph,Jack Rudolph,
Joe,Rudolph,Joe Rudolph,
Kyle,Rudolph,Kyle Rudolph,
Martin,Rudolph,Martin Rudolph,
Mason,Rudolph,Mason Rudolph,
Travis,Rudolph,Travis Rudolph,
Paul,Rudzinski,Paul Rudzinski,
Grey,Ruegamer,Grey Ruegamer,
Mike,Ruether,Mike Ruether,
Ken,Ruettgers,Ken Ruettgers,
Howie,Ruetz,Howie Ruetz,
Joe,Ruetz,Joe Ruetz,
Guy,Ruff,Guy Ruff,
Orlando,Ruff,Orlando Ruff,
Henry,Ruggs,Henry Ruggs,
Emmett,Ruh,Emmett Ruh,
Homer,Ruh,Homer Ruh,
Chris,Ruhman,Chris Ruhman,
Cesar,Ruiz,Cesar Ruiz,
Justin,Rukas,Justin Rukas,
Gordon,Rule,Gordon Rule,
Chris,Rumph,Chris Rumph,
Mike,Rumph,Mike Rumph,
Max,Runager,Max Runager,
Porky,Rundquist,Porky Rundquist,
Swede,Rundquist,Swede Rundquist,
Gil,Runkel,Gil Runkel,
J.D.,Runnels,J.D. Runnels,
Tommy,Runnels,Tommy Runnels,
Jon,Runyan,Jon Runyan,
Jon,Runyan,Jon Runyan,
Andrew,Rupcich,Andrew Rupcich,
Ernie,Ruple,Ernie Ruple,
John,Rupp,John Rupp,
Nelson,Rupp,Nelson Rupp,
Anthony,Rush,Anthony Rush,
Bob,Rush,Bob Rush,
Clive,Rush,Clive Rush,
Cooper,Rush,Cooper Rush,
Darius,Rush,Darius Rush,
Jerry,Rush,Jerry Rush,
Marcus,Rush,Marcus Rush,
Tyrone,Rush,Tyrone Rush,
Marion,Rushing,Marion Rushing,
T.J.,Rushing,T.J. Rushing,
Mike,Rusinek,Mike Rusinek,
Reggie,Rusk,Reggie Rusk,
Roy,Ruskusky,Roy Ruskusky,
Brandon,Rusnak,Brandon Rusnak,
Bernard,Russ,Bernard Russ,
Carl,Russ,Carl Russ,
Pat,Russ,Pat Russ,
Steve,Russ,Steve Russ,
Al,Russas,Al Russas,
Alonzo,Russell,Alonzo Russell,
Anderson,Russell,Anderson Russell,
Andy,Russell,Andy Russell,
Benny,Russell,Benny Russell,
Bo,Russell,Bo Russell,
Booker,Russell,Booker Russell,
Brady,Russell,Brady Russell,
Brian,Russell,Brian Russell,
Chapelle,Russell,Chapelle Russell,
Cliff,Russell,Cliff Russell,
Damien,Russell,Damien Russell,
Darrell,Russell,Darrell Russell,
Darryl,Russell,Darryl Russell,
Derek,Russell,Derek Russell,
Dontavius,Russell,Dontavius Russell,
Doug,Russell,Doug Russell,
Gary,Russell,Gary Russell,
J.J.,Russell,J.J. Russell,
Jack,Russell,Jack Russell,
JaMarcus,Russell,JaMarcus Russell,
Jim,Russell,Jim Russell,
KeiVarae,Russell,KeiVarae Russell,
Ken,Russell,Ken Russell,
Leonard,Russell,Leonard Russell,
Matt,Russell,Matt Russell,
Reb,Russell,Reb Russell,
Reggie,Russell,Reggie Russell,
Rusty,Russell,Rusty Russell,
Ryan,Russell,Ryan Russell,
Twan,Russell,Twan Russell,
Wade,Russell,Wade Russell,
Taylor,Russolino,Taylor Russolino,
Reggie,Rust,Reggie Rust,
Joe,Rutgens,Joe Rutgens,
Mike,Ruth,Mike Ruth,
Ralph,Ruthstrom,Ralph Ruthstrom,
Charlie,Rutkowski,Charlie Rutkowski,
Ed,Rutkowski,Ed Rutkowski,
Kevin,Rutland,Kevin Rutland,
Craig,Rutledge,Craig Rutledge,
Jeff,Rutledge,Jeff Rutledge,
Johnny,Rutledge,Johnny Rutledge,
Rod,Rutledge,Rod Rutledge,
Barrett,Ruud,Barrett Ruud,
Tom,Ruud,Tom Ruud,
Roger,Ruzek,Roger Ruzek,
Steve,Ruzich,Steve Ruzich,
Bill,Ryan,Bill Ryan,
Cassy,Ryan,Cassy Ryan,
Clifton,Ryan,Clifton Ryan,
Dave,Ryan,Dave Ryan,
Ed,Ryan,Ed Ryan,
Frank,Ryan,Frank Ryan,
Jake,Ryan,Jake Ryan,
Jim,Ryan,Jim Ryan,
Joe,Ryan,Joe Ryan,
Jon,Ryan,Jon Ryan,
Kent,Ryan,Kent Ryan,
Logan,Ryan,Logan Ryan,
Matt,Ryan,Matt Ryan,
Pat,Ryan,Pat Ryan,
Rocky,Ryan,Rocky Ryan,
Sean,Ryan,Sean Ryan,
Sod,Ryan,Sod Ryan,
Tim,Ryan,Tim Ryan,
Tim,Ryan,Tim Ryan,
DeMeco,Ryans,DeMeco Ryans,
Larry,Ryans,Larry Ryans,
Tom,Rychlec,Tom Rychlec,
Billy,Ryckman,Billy Ryckman,
Dan,Ryczek,Dan Ryczek,
Paul,Ryczek,Paul Ryczek,
Ron,Rydalch,Ron Rydalch,
Nick,Ryder,Nick Ryder,
Frank,Rydzewski,Frank Rydzewski,
Julie,Rykovich,Julie Rykovich,
Chad,Ryland,Chad Ryland,
Lou,Rymkus,Lou Rymkus,
Brett,Rypien,Brett Rypien,
Mark,Rypien,Mark Rypien,
Ted,Rzempoluch,Ted Rzempoluch,
Kelly,Saalfeld,Kelly Saalfeld,
Brad,Saar,Brad Saar,
Andy,Sabados,Andy Sabados,
Ron,Sabal,Ron Sabal,
Lou,Saban,Lou Saban,
Joe,Sabasteanski,Joe Sabasteanski,
Bill,Sabatino,Bill Sabatino,
Dwayne,Sabb,Dwayne Sabb,
Tino,Sabuco,Tino Sabuco,
Tony,Sacca,Tony Sacca,
Frank,Sacco,Frank Sacco,
Lenny,Sachs,Lenny Sachs,
Frank,Sachse,Frank Sachse,
Jack,Sachse,Jack Sachse,
John,Sack,John Sack,
Norb,Sacksteder,Norb Sacksteder,
Nick,Sacrinty,Nick Sacrinty,
Rod,Saddler,Rod Saddler,
McQueen,,McQueen ,
Steve,Sader,Steve Sader,
Troy,Sadowski,Troy Sadowski,
Eddie,Saenz,Eddie Saenz,
Rodger,Saffold,Rodger Saffold,
Saint,Saffold,Saint Saffold,
Pio,Sagapolutele,Pio Sagapolutele,
Floyd,Sagely,Floyd Sagely,
Ken,Sager,Ken Sager,
Tony,Sagnella,Tony Sagnella,
Tom,Saidock,Tom Saidock,
George,Saimes,George Saimes,
Pat,Saindon,Pat Saindon,
Brandon,Saine,Brandon Saine,
Mike,Sainristil,Mike Sainristil,
Blaine,Saipaia,Blaine Saipaia,
Abdul,Salaam,Abdul Salaam,
Ephraim,Salaam,Ephraim Salaam,
Rashaan,Salaam,Rashaan Salaam,
Greg,Salas,Greg Salas,
Andy,Salata,Andy Salata,
Paul,Salata,Paul Salata,
a,,a ,
Jay,Saldi,Jay Saldi,
Nick,Saldiveri,Nick Saldiveri,
Dan,Saleaumua,Dan Saleaumua,
Tarek,Saleh,Tarek Saleh,
Ed,Salem,Ed Salem,
Harvey,Salem,Harvey Salem,
Sam,Salemi,Sam Salemi,
Sean,Salisbury,Sean Salisbury,
Nate,Salley,Nate Salley,
Jerome,Sally,Jerome Sally,
Mike,Salmon,Mike Salmon,
Brian,Salonen,Brian Salonen,
Jim,Salsbury,Jim Salsbury,
Jack,Salscheider,Jack Salscheider,
Bryant,Salter,Bryant Salter,
Jamaree,Salyer,Jamaree Salyer,
Sam,,Sam ,
P.K.,Sam,P.K. Sam,
Ty,Sambrailo,Ty Sambrailo,
Dru,Samia,Dru Samia,
Cameron,Sample,Cameron Sample,
Chuck,Sample,Chuck Sample,
Drew,Sample,Drew Sample,
James,Sample,James Sample,
Johnny,Sample,Johnny Sample,
Lawrence,Sampleton,Lawrence Sampleton,
Archie,Sampson,Archie Sampson,
Art,Sampson,Art Sampson,
Clint,Sampson,Clint Sampson,
DeMarco,Sampson,DeMarco Sampson,
Greg,Sampson,Greg Sampson,
Howard,Sampson,Howard Sampson,
Kevin,Sampson,Kevin Sampson,
B.J.,Sams,B.J. Sams,
Ron,Sams,Ron Sams,
Michael,Samson,Michael Samson,
Seneca,Samson,Seneca Samson,
Josh,Samuda,Josh Samuda,
Asante,Samuel,Asante Samuel,
Asante,Samuel,Asante Samuel,
Curtis,Samuel,Curtis Samuel,
Deebo,Samuel,Deebo Samuel,
Don,Samuel,Don Samuel,
Khari,Samuel,Khari Samuel,
Chris,Samuels,Chris Samuels,
Chris,Samuels,Chris Samuels,
Jaylen,Samuels,Jaylen Samuels,
Stanford,Samuels,Stanford Samuels,
Terry,Samuels,Terry Samuels,
Tony,Samuels,Tony Samuels,
Carl,Samuelson,Carl Samuelson,
Bill,Sanborn,Bill Sanborn,
Garrison,Sanborn,Garrison Sanborn,
Jack,Sanborn,Jack Sanborn,
Davis,Sanchez,Davis Sanchez,
John,Sanchez,John Sanchez,
Lupe,Sanchez,Lupe Sanchez,
Mark,Sanchez,Mark Sanchez,
Rigoberto,Sanchez,Rigoberto Sanchez,
Zack,Sanchez,Zack Sanchez,
Artie,Sandberg,Artie Sandberg,
Sandy,Sandberg,Sandy Sandberg,
Dick,Sandefur,Dick Sandefur,
Bill,Sandeman,Bill Sandeman,
B.J.,Sander,B.J. Sander,
Mark,Sander,Mark Sander,
Ace,Sanders,Ace Sanders,
Barry,Sanders+,Barry Sanders+,
Bob,Sanders,Bob Sanders,
Bob,Sanders,Bob Sanders,
Brandon,Sanders,Brandon Sanders,
Braylon,Sanders,Braylon Sanders,
Charlie,Sanders+,Charlie Sanders+,
Chris,Sanders,Chris Sanders,
Chris,Sanders,Chris Sanders,
Chuck,Sanders,Chuck Sanders,
Clarence,Sanders,Clarence Sanders,
Darnell,Sanders,Darnell Sanders,
Daryl,Sanders,Daryl Sanders,
Deion,Sanders+,Deion Sanders+,
Drew,Sanders,Drew Sanders,
Emmanuel,Sanders,Emmanuel Sanders,
Eric,Sanders,Eric Sanders,
Frank,Sanders,Frank Sanders,
Gene,Sanders,Gene Sanders,
Glenell,Sanders,Glenell Sanders,
Tavion,Sanders,Tavion Sanders,
Jack,Sanders,Jack Sanders,
James,Sanders,James Sanders,
Jason,Sanders,Jason Sanders,
Joe,Sanders,Joe Sanders,
John,Sanders,John Sanders,
Ken,Sanders,Ken Sanders,
Lewis,Sanders,Lewis Sanders,
Lonnie,Sanders,Lonnie Sanders,
Miles,Sanders,Miles Sanders,
Myjai,Sanders,Myjai Sanders,
Paul,Sanders,Paul Sanders,
Ricky,Sanders,Ricky Sanders,
Spec,Sanders,Spec Sanders,
Steve,Sanders,Steve Sanders,
Thomas,Sanders,Thomas Sanders,
Reggie,Sanderson,Reggie Sanderson,
Scott,Sanderson,Scott Sanderson,
Todd,Sandham,Todd Sandham,
Bill,Sandifer,Bill Sandifer,
Dan,Sandifer,Dan Sandifer,
Curt,Sandig,Curt Sandig,
Robert,Sands,Robert Sands,
Terdell,Sands,Terdell Sands,
Alex,Sandusky,Alex Sandusky,
John,Sandusky,John Sandusky,
Mike,Sandusky,Mike Sandusky,
Justin,Sandy,Justin Sandy,
Brian,Sanford,Brian Sanford,
Jamarca,Sanford,Jamarca Sanford,
Jim,Sanford,Jim Sanford,
Leo,Sanford,Leo Sanford,
Lucius,Sanford,Lucius Sanford,
Rick,Sanford,Rick Sanford,
Sandy,Sanford,Sandy Sanford,
Bishop,Sankey,Bishop Sankey,
Darnell,Sankey,Darnell Sankey,
Ollie,Sansen,Ollie Sansen,
Tom,Santi,Tom Santi,
O.J.,Santiago,O.J. Santiago,
Joe,Santone,Joe Santone,
Frank,Santora,Frank Santora,
Cairo,Santos,Cairo Santos,
Ryan,Santoso,Ryan Santoso,
Dan,Santucci,Dan Santucci,
Mohamed,Sanu,Mohamed Sanu,
Sekou,Sanyika,Sekou Sanyika,
Dane,Sanzenbacher,Dane Sanzenbacher,
Mickey,Sanzotta,Mickey Sanzotta,
Lauvale,Sape,Lauvale Sape,
Rick,Sapienza,Rick Sapienza,
Jesse,Sapolu,Jesse Sapolu,
Benny,Sapp,Benny Sapp,
Benny,Sapp,Benny Sapp,
Bob,Sapp,Bob Sapp,
Cecil,Sapp,Cecil Sapp,
Gerome,Sapp,Gerome Sapp,
Patrick,Sapp,Patrick Sapp,
Ricky,Sapp,Ricky Sapp,
Theron,Sapp,Theron Sapp,
Warren,Sapp+,Warren Sapp+,
Al,Sarafiny,Al Sarafiny,
Tony,Sarausky,Tony Sarausky,
Phil,Sarboe,Phil Sarboe,
Tony,Sardisco,Tony Sardisco,
Foster,Sarell,Foster Sarell,
Broderick,Sargent,Broderick Sargent,
Kevin,Sargent,Kevin Sargent,
Mekhi,Sargent,Mekhi Sargent,
Harvey,Sark,Harvey Sark,
Charley,Sarratt,Charley Sarratt,
Paul,Sarringhaus,Paul Sarringhaus,
Dan,Sartin,Dan Sartin,
Martin,Sartin,Martin Sartin,
Larry,Sartori,Larry Sartori,
Don,Sasa,Don Sasa,
Tyler,Sash,Tyler Sash,
Doug,Satcher,Doug Satcher,
Samson,Satele,Samson Satele,
Ollie,Satenstein,Ollie Satenstein,
Al,Satterfield,Al Satterfield,
Brian,Satterfield,Brian Satterfield,
Howard,Satterwhite,Howard Satterwhite,
Jeff,Saturday,Jeff Saturday,
Eric,Saubert,Eric Saubert,
Craig,Sauer,Craig Sauer,
Ed,Sauer,Ed Sauer,
George,Sauer,George Sauer,
George,Sauer,George Sauer,
Todd,Sauerbrun,Todd Sauerbrun,
Bill,Saul,Bill Saul,
Rich,Saul,Rich Saul,
Ron,Saul,Ron Saul,
Mack,Sauls,Mack Sauls,
Pete,Saumer,Pete Saumer,
Buck,Saunders,Buck Saunders,
C.J.,Saunders,C.J. Saunders,
Cedric,Saunders,Cedric Saunders,
Ante,Saunders,Ante Saunders,
Jalen,Saunders,Jalen Saunders,
John,Saunders,John Saunders,
Khalen,Saunders,Khalen Saunders,
Russ,Saunders,Russ Saunders,
Weslye,Saunders,Weslye Saunders,
Stillwell,Saunooke,Stillwell Saunooke,
Cory,Sauter,Cory Sauter,
Dantrell,Savage,Dantrell Savage,
Darnell,Savage,Darnell Savage,
Josh,Savage,Josh Savage,
Sebastian,Savage,Sebastian Savage,
Tom,Savage,Tom Savage,
Tony,Savage,Tony Savage,
Ollie,Savatsky,Ollie Savatsky,
George,Savitsky,George Savitsky,
Nick,Savoie,Nick Savoie,
Joe,Savoldi,Joe Savoldi,
Buzz,Sawyer,Buzz Sawyer,
Corey,Sawyer,Corey Sawyer,
Herm,Sawyer,Herm Sawyer,
John,Sawyer,John Sawyer,
Jon,Sawyer,Jon Sawyer,
Ken,Sawyer,Ken Sawyer,
Talance,Sawyer,Talance Sawyer,
James,Saxon,James Saxon,
Mike,Saxon,Mike Saxon,
Brian,Saxton,Brian Saxton,
Jimmy,Saxton,Jimmy Saxton,
Wes,Saxton,Wes Saxton,
Gale,Sayers+,Gale Sayers+,
Ron,Sayers,Ron Sayers,
Jace,Sayler,Jace Sayler,
Ralph,Sazio,Ralph Sazio,
Ronald,Sbranti,Ronald Sbranti,
Damik,Scafe,Damik Scafe,
John,Scafide,John Scafide,
Bo,Scaife,Bo Scaife,
Charlie,Scales,Charlie Scales,
Dwight,Scales,Dwight Scales,
Greg,Scales,Greg Scales,
Hurles,Scales,Hurles Scales,
Patrick,Scales,Patrick Scales,
Tegray,Scales,Tegray Scales,
Ted,Scalissi,Ted Scalissi,
Johnny,Scalzi,Johnny Scalzi,
Orlando,Scandrick,Orlando Scandrick,
Jerry,Scanlan,Jerry Scanlan,
Dewey,Scanlon,Dewey Scanlon,
John,Scanlon,John Scanlon,
Rich,Scanlon,Rich Scanlon,
Jack,Scarbath,Jack Scarbath,
Sam,Scarber,Sam Scarber,
Bo,Scarbrough,Bo Scarbrough,
John,Scardina,John Scardina,
Carmen,Scardine,Carmen Scardine,
Brennan,Scarlett,Brennan Scarlett,
Jordan,Scarlett,Jordan Scarlett,
Noel,Scarlett,Noel Scarlett,
Joe,Scarpati,Joe Scarpati,
Bob,Scarpitto,Bob Scarpitto,
Mike,Scarry,Mike Scarry,
Elmer,Schaake,Elmer Schaake,
Pete,Schabarum,Pete Schabarum,
A.J.,Schable,A.J. Schable,
Mike,Schad,Mike Schad,
Don,Schaefer,Don Schaefer,
Brian,Schaefering,Brian Schaefering,
J.K.,Schaffer,J.K. Schaffer,
Joe,Schaffer,Joe Schaffer,
Pete,Schaffnit,Pete Schaffnit,
Dick,Schafrath,Dick Schafrath,
Duke,Schamel,Duke Schamel,
Zud,Schammel,Zud Schammel,
Scott,Schankweiler,Scott Schankweiler,
Eddie,Scharer,Eddie Scharer,
Max,Scharping,Max Scharping,
Ryan,Schau,Ryan Schau,
Matt,Schaub,Matt Schaub,
Carl,Schaukowitch,Carl Schaukowitch,
Greg,Schaum,Greg Schaum,
Tony,Scheffler,Tony Scheffler,
Skippy,Scheib,Skippy Scheib,
Joe,Schein,Joe Schein,
Herb,Schell,Herb Schell,
Ed,Schenk,Ed Schenk,
Nate,Schenker,Nate Schenker,
Bernie,Scherer,Bernie Scherer,
Brandon,Scherff,Brandon Scherff,
Babe,Scheuer,Babe Scheuer,
Alex,Schibanoff,Alex Schibanoff,
Henry,Schichtle,Henry Schichtle,
Doyle,Schick,Doyle Schick,
Art,Schiebel,Art Schiebel,
John,Schiechl,John Schiechl,
Jake,Schifino,Jake Schifino,
Chaz,Schilens,Chaz Schilens,
Ralph,Schilling,Ralph Schilling,
Stephen,Schilling,Stephen Schilling,
Andy,Schillinger,Andy Schillinger,
Shann,Schillinger,Shann Schillinger,
Steve,Schindler,Steve Schindler,
Caleb,Schlauderaff,Caleb Schlauderaff,
John,Schlecht,John Schlecht,
Anthony,Schlegel,Anthony Schlegel,
Vic,Schleich,Vic Schleich,
Maury,Schleicher,Maury Schleicher,
Mark,Schlereth,Mark Schlereth,
Cory,Schlesinger,Cory Schlesinger,
Vin,Schleusner,Vin Schleusner,
Art,Schlichter,Art Schlichter,
Walt,Schlinkman,Walt Schlinkman,
Todd,Schlopy,Todd Schlopy,
Austin,Schlottmann,Austin Schlottmann,
Art,Schmaehl,Art Schmaehl,
Herm,Schmarr,Herm Schmarr,
Ray,Schmautz,Ray Schmautz,
Jim,Schmedding,Jim Schmedding,
Bob,Schmidt,Bob Schmidt,
Colton,Schmidt,Colton Schmidt,
George,Schmidt,George Schmidt,
Henry,Schmidt,Henry Schmidt,
Joe,Schmidt+,Joe Schmidt+,
John,Schmidt,John Schmidt,
Kermit,Schmidt,Kermit Schmidt,
Roy,Schmidt,Roy Schmidt,
Terry,Schmidt,Terry Schmidt,
Joe,Schmiesing,Joe Schmiesing,
Bob,Schmit,Bob Schmit,
George,Schmitt,George Schmitt,
John,Schmitt,John Schmitt,
Owen,Schmitt,Owen Schmitt,
Ricky,Schmitt,Ricky Schmitt,
Theodore,Schmitt,Theodore Schmitt,
Bob,Schmitz,Bob Schmitz,
John,Michael,John Michael,
Steven,Schnarr,Steven Schnarr,
Mike,Schneck,Mike Schneck,
Don,Schneider,Don Schneider,
John,Schneider,John Schneider,
Leroy,Schneider,Leroy Schneider,
Herm,Schneidman,Herm Schneidman,
Bob,Schnelker,Bob Schnelker,
Spencer,Schnell,Spencer Schnell,
Otto,Schnellbacher,Otto Schnellbacher,
John,Schneller,John Schneller,
Mike,Schnitker,Mike Schnitker,
Aaron,Schobel,Aaron Schobel,
Bo,Schobel,Bo Schobel,
Matt,Schobel,Matt Schobel,
Joe,Schobert,Joe Schobert,
Leroy,Schoemann,Leroy Schoemann,
Tom,Schoen,Tom Schoen,
Ray,Schoenke,Ray Schoenke,
Michael,Schofield,Michael Schofield,
Brien,Schofield,Brien Schofield,
Roy,Scholl,Roy Scholl,
Bob,Scholtz,Bob Scholtz,
Bruce,Scholtz,Bruce Scholtz,
Nick,Schommer,Nick Schommer,
Turk,Schonert,Turk Schonert,
Brenden,Schooler,Brenden Schooler,
Luke,Schoonmaker,Luke Schoonmaker,
Ivan,Schottel,Ivan Schottel,
Marty,Schottenheimer,Marty Schottenheimer,
Derek,Schouman,Derek Schouman,
Cody,Schrader,Cody Schrader,
Jim,Schrader,Jim Schrader,
Ryan,Schraeder,Ryan Schraeder,
Mason,Schreck,Mason Schreck,
Adam,Schreiber,Adam Schreiber,
Larry,Schreiber,Larry Schreiber,
Bill,Schroeder,Bill Schroeder,
Bill,Schroeder,Bill Schroeder,
Gene,Schroeder,Gene Schroeder,
Jay,Schroeder,Jay Schroeder,
Bill,Schroll,Bill Schroll,
Ken,Schroy,Ken Schroy,
Jim,Schuber,Jim Schuber,
Eric,Schubert,Eric Schubert,
Steve,Schubert,Steve Schubert,
Jake,Schuehle,Jake Schuehle,
Karl,Schuelke,Karl Schuelke,
Roy,Schuening,Roy Schuening,
Carl,Schuette,Carl Schuette,
Paul,Schuette,Paul Schuette,
Harry,Schuh,Harry Schuh,
Jeff,Schuh,Jeff Schuh,
John,Schuhmacher,John Schuhmacher,
Bill,Schuler,Bill Schuler,
Rick,Schulte,Rick Schulte,
Lance,Schulters,Lance Schulters,
Charlie,Schultz,Charlie Schultz,
Chris,Schultz,Chris Schultz,
Dalton,Schultz,Dalton Schultz,
Elbie,Schultz,Elbie Schultz,
Heine,Schultz,Heine Schultz,
John,Schultz,John Schultz,
Pete,Schultz,Pete Schultz,
Randy,Schultz,Randy Schultz,
William,Schultz,William Schultz,
Jody,Schulz,Jody Schulz,
Kurt,Schulz,Kurt Schulz,
Jake,Schum,Jake Schum,
Gregg,Schumacher,Gregg Schumacher,
Kurt,Schumacher,Kurt Schumacher,
Walt,Schupp,Walt Schupp,
Dick,Schuster,Dick Schuster,
Scott,Schutt,Scott Schutt,
Ray,Schwab,Ray Schwab,
Vic,Schwall,Vic Schwall,
Ade,Schwammel,Ade Schwammel,
Jim,Schwantz,Jim Schwantz,
Anthony,Schwartz,Anthony Schwartz,
Bryan,Schwartz,Bryan Schwartz,
Don,Schwartz,Don Schwartz,
Elmer,Schwartz,Elmer Schwartz,
Geoff,Schwartz,Geoff Schwartz,
Mitchell,Schwartz,Mitchell Schwartz,
Perry,Schwartz,Perry Schwartz,
Ted,Schwarzer,Ted Schwarzer,
Brian,Schweda,Brian Schweda,
John,Schweder,John Schweder,
Gerhard,Schwedes,Gerhard Schwedes,
Scott,Schwedes,Scott Schwedes,
Bob,Schweickert,Bob Schweickert,
Dick,Schweidler,Dick Schweidler,
Stuart,Schweigert,Stuart Schweigert,
Wes,Schweitzer,Wes Schweitzer,
Bud,Schwenk,Bud Schwenk,
Brian,Schwenke,Brian Schwenke,
John,Sciarra,John Sciarra,
Nick,Sciba,Nick Sciba,
Joe,Scibelli,Joe Scibelli,
Mike,Scifres,Mike Scifres,
Steve,Scifres,Steve Scifres,
Brad,Scioli,Brad Scioli,
Willard,Scissum,Willard Scissum,
Steve,Sciullo,Steve Sciullo,
Josh,Scobee,Josh Scobee,
Josh,Scobey,Josh Scobey,
Eric,Scoggins,Eric Scoggins,
Ron,Scoggins,Ron Scoggins,
Nick,Scollard,Nick Scollard,
Glenn,Scolnik,Glenn Scolnik,
Bart,Scott,Bart Scott,
Bernard,Scott,Bernard Scott,
Bill,Scott,Bill Scott,
Bo,Scott,Bo Scott,
Bob,Scott,Bob Scott,
Bobby,Scott,Bobby Scott,
Boston,Scott,Boston Scott,
Bryan,Scott,Bryan Scott,
Carey,Scott,Carey Scott,
Carlos,Scott,Carlos Scott,
Cedric,Scott,Cedric Scott,
Chad,Scott,Chad Scott,
Chris,Scott,Chris Scott,
Chris,Scott,Chris Scott,
Chuck,Scott,Chuck Scott,
Clarence,Scott,Clarence Scott,
Clarence,Scott,Clarence Scott,
Clyde,Scott,Clyde Scott,
Mari,Scott,Mari Scott,
Rel,Scott,Rel Scott,
Darell,Scott,Darell Scott,
Darnay,Scott,Darnay Scott,
Darrion,Scott,Darrion Scott,
Dave,Scott,Dave Scott,
Delontae,Scott,Delontae Scott,
DeQuincy,Scott,DeQuincy Scott,
Ed,Scott,Ed Scott,
Freddie,Scott,Freddie Scott,
Freddie,Scott,Freddie Scott,
Gari,Scott,Gari Scott,
George,Scott,George Scott,
Greg,Scott,Greg Scott,
Guss,Scott,Guss Scott,
Herbert,Scott,Herbert Scott,
Ian,Scott,Ian Scott,
Jack,Scott,Jack Scott,
Jake,Scott,Jake Scott,
Jake,Scott,Jake Scott,
Jaleel,Scott,Jaleel Scott,
James,Scott,James Scott,
JK,Scott,JK Scott,
Joe,Scott,Joe Scott,
Johnny,Scott,Johnny Scott,
Jonathan,Scott,Jonathan Scott,
Josiah,Scott,Josiah Scott,
Kevin,Scott,Kevin Scott,
Kevin,Scott,Kevin Scott,
Lance,Scott,Lance Scott,
Les,Scott,Les Scott,
Lew,Scott,Lew Scott,
Lindsay,Scott,Lindsay Scott,
Lynn,Scott,Lynn Scott,
Malcolm,Scott,Malcolm Scott,
Ned,Scott,Ned Scott,
Nick,Scott,Nick Scott,
Niles,Scott,Niles Scott,
Patrick,Scott,Patrick Scott,
Perry,Scott,Perry Scott,
Phil,Scott,Phil Scott,
Prince,Scott,Prince Scott,
Ralph,Scott,Ralph Scott,
Randy,Scott,Randy Scott,
Rashawn,Scott,Rashawn Scott,
Ronald,Scott,Ronald Scott,
Sean,Scott,Sean Scott,
Stanley,Scott,Stanley Scott,
Tim,Scott,Tim Scott,
Todd,Scott,Todd Scott,
Tom,Scott,Tom Scott,
Tom,Scott,Tom Scott,
Tony,Scott,Tony Scott,
Trenton,Scott,Trenton Scott,
Trevor,Scott,Trevor Scott,
Tyler,Scott,Tyler Scott,
Vernon,Scott,Vernon Scott,
Victor,Scott,Victor Scott,
Vince,Scott,Vince Scott,
Walter,Scott,Walter Scott,
Wilbert,Scott,Wilbert Scott,
Willie,Scott,Willie Scott,
Yusuf,Scott,Yusuf Scott,
Ben,Scotti,Ben Scotti,
Colin,Scotts,Colin Scotts,
Bob,Scrabis,Bob Scrabis,
Kirk,Scrafford,Kirk Scrafford,
Bucky,Scribner,Bucky Scribner,
Rob,Scribner,Rob Scribner,
Tracy,Scroggins,Tracy Scroggins,
Greg,Scruggs,Greg Scruggs,
Juice,Scruggs,Juice Scruggs,
Ted,Scruggs,Ted Scruggs,
Ed,Scrutchins,Ed Scrutchins,
Joe,Scudero,Joe Scudero,
John,Scully,John Scully,
Mike,Scully,Mike Scully,
Mike,Scurlock,Mike Scurlock,
Stan,Sczurek,Stan Sczurek,
Todd,Seabaugh,Todd Seabaugh,
Charlie,Seabright,Charlie Seabright,
Tom,Seabron,Tom Seabron,
Paul,Seal,Paul Seal,
Randy,Sealby,Randy Sealby,
Eugene,Seale,Eugene Seale,
Sam,Seale,Sam Seale,
George,Seals,George Seals,
Leon,Seals,Leon Seals,
Ray,Seals,Ray Seals,
Jones,,Jones ,
Sammy,Seamster,Sammy Seamster,
Bill,Searcey,Bill Searcey,
Norris,Searcy,Norris Searcy,
Leon,Searcy,Leon Searcy,
Arron,Sears,Arron Sears,
Corey,Sears,Corey Sears,
Dick,Sears,Dick Sears,
Jimmy,Sears,Jimmy Sears,
Vic,Sears,Vic Sears,
George,Seasholtz,George Seasholtz,
Junior,Seau+,Junior Seau+,
Jonas,Seawright,Jonas Seawright,
Mark,Seay,Mark Seay,
Virgil,Seay,Virgil Seay,
Mike,Sebastian,Mike Sebastian,
Nick,Sebek,Nick Sebek,
Sam,Sebo,Sam Sebo,
Herman,Seborg,Herman Seborg,
Walt,Sechrist,Walt Sechrist,
Joe,Secord,Joe Secord,
Scott,Secules,Scott Secules,
Len,Sedbrook,Len Sedbrook,
Tim,Seder,Tim Seder,
Robert,Sedlock,Robert Sedlock,
Chris,Sedoris,Chris Sedoris,
John,Seedborg,John Seedborg,
Frank,Seeds,Frank Seeds,
George,Seeman,George Seeman,
Jenkins,,Jenkins ,
Maury,Segal,Maury Segal,
Rocky,Segretta,Rocky Segretta,
Jason,Sehorn,Jason Sehorn,
Austin,Seibert,Austin Seibert,
Ed,Seibert,Ed Seibert,
Ed,Seibert,Ed Seibert,
Champ,Seibold,Champ Seibold,
Red,Seick,Red Seick,
Red,Seidelson,Red Seidelson,
Mike,Seidman,Mike Seidman,
Mike,Seifert,Mike Seifert,
Dexter,Seigler,Dexter Seigler,
Richard,Seigler,Richard Seigler,
Paul,Seiler,Paul Seiler,
Larry,Seiple,Larry Seiple,
Mohammed,Seisay,Mohammed Seisay,
Warren,Seitz,Warren Seitz,
Gene,Selawski,Gene Selawski,
Rob,Selby,Rob Selby,
Ron,Selesky,Ron Selesky,
Clarence,Self,Clarence Self,
Andy,Selfridge,Andy Selfridge,
Frank,Seliger,Frank Seliger,
Goldie,Sellers,Goldie Sellers,
Lance,Sellers,Lance Sellers,
Mike,Sellers,Mike Sellers,
Ron,Sellers,Ron Sellers,
Dewey,Selmon,Dewey Selmon,
Lee,Roy,Lee Roy,
Harry,Seltzer,Harry Seltzer,
George,Selvie,George Selvie,
Bernie,Semes,Bernie Semes,
Tony,Semple,Tony Semple,
Deadrin,Senat,Deadrin Senat,
Greg,Senat,Greg Senat,
Andrew,Sendejo,Andrew Sendejo,
Lyle,Sendlein,Lyle Sendlein,
Robin,Sendlein,Robin Sendlein,
Bill,Senn,Bill Senn,
Jordan,Senn,Jordan Senn,
Frank,Seno,Frank Seno,
Coty,Sensabaugh,Coty Sensabaugh,
Gerald,Sensabaugh,Gerald Sensabaugh,
Dean,Sensanbaugher,Dean Sensanbaugher,
Joe,Senser,Joe Senser,
Mike,Sensibaugh,Mike Sensibaugh,
Rafael,Septien,Rafael Septien,
Daniel,Sepulveda,Daniel Sepulveda,
George,Sergienko,George Sergienko,
Wash,Serini,Wash Serini,
Trey,Sermon,Trey Sermon,
Kato,Serwanga,Kato Serwanga,
Wasswa,Serwanga,Wasswa Serwanga,
Clint,Session,Clint Session,
Tom,Sestak,Tom Sestak,
Joe,Setcavage,Joe Setcavage,
Joe,Setron,Joe Setron,
Mark,Setterstrom,Mark Setterstrom,
John,Settle,John Settle,
Tim,Settle,Tim Settle,
Tawambi,Settles,Tawambi Settles,
Tony,Settles,Tony Settles,
Bobby,Setzer,Bobby Setzer,
Rich,Seubert,Rich Seubert,
Isaac,Seumalo,Isaac Seumalo,
Frank,Seurer,Frank Seurer,
Jeff,Severson,Jeff Severson,
Jeff,Sevy,Jeff Sevy,
Adam,Seward,Adam Seward,
Harley,Sewell,Harley Sewell,
Nephi,Sewell,Nephi Sewell,
Noah,Sewell,Noah Sewell,
Penei,Sewell,Penei Sewell,
Steve,Sewell,Steve Sewell,
Brent,Sexton,Brent Sexton,
Lin,Sexton,Lin Sexton,
Frank,Seyboth,Frank Seyboth,
Si,Seyfrit,Si Seyfrit,
Bob,Seymour,Bob Seymour,
Jim,Seymour,Jim Seymour,
Kevon,Seymour,Kevon Seymour,
Paul,Seymour,Paul Seymour,
Richard,Seymour+,Richard Seymour+,
Ryan,Seymour,Ryan Seymour,
Hajj,Shabazz,Hajj Shabazz,
Siddeeq,Shabazz,Siddeeq Shabazz,
Don,Shackelford,Don Shackelford,
Sam,Shade,Sam Shade,
Craig,Shaffer,Craig Shaffer,
George,Shaffer,George Shaffer,
Kevin,Shaffer,Kevin Shaffer,
Lee,Shaffer,Lee Shaffer,
Rashid,Shaheed,Rashid Shaheed,
Adam,Shaheen,Adam Shaheen,
Stanley,Shakespeare,Stanley Shakespeare,
Khalil,Shakir,Khalil Shakir,
Aaron,Shampklin,Aaron Shampklin,
Henry,Shank,Henry Shank,
Ron,Shanklin,Ron Shanklin,
Simon,Shanks,Simon Shanks,
Scott,Shanle,Scott Shanle,
Shanley,,Shanley ,
Jim,Shanley,Jim Shanley,
Bob,Shann,Bob Shann,
Carver,Shannon,Carver Shannon,
John,Shannon,John Shannon,
Larry,Shannon,Larry Shannon,
Randy,Shannon,Randy Shannon,
Jack,Shapiro,Jack Shapiro,
Nate,Share,Nate Share,
Ed,Sharkey,Ed Sharkey,
Ed,Sharockman,Ed Sharockman,
Dan,Sharp,Dan Sharp,
Ev,Sharp,Ev Sharp,
Hunter,Sharp,Hunter Sharp,
Rick,Sharp,Rick Sharp,
David,Sharpe,David Sharpe,
Luis,Sharpe,Luis Sharpe,
Montique,Sharpe,Montique Sharpe,
Shannon,Sharpe+,Shannon Sharpe+,
Sterling,Sharpe+,Sterling Sharpe+,
Tajae,Sharpe,Tajae Sharpe,
Darren,Sharper,Darren Sharper,
Jamie,Sharper,Jamie Sharper,
Darryl,Sharpton,Darryl Sharpton,
Tyler,Shatley,Tyler Shatley,
Harry,Shaub,Harry Shaub,
Matt,Shaughnessy,Matt Shaughnessy,
Tyrell,Shavers,Tyrell Shavers,
Tyrone,Shavers,Tyrone Shavers,
Ben,Shaw,Ben Shaw,
Billy,Shaw+,Billy Shaw+,
Bob,Shaw,Bob Shaw,
Bob,Shaw,Bob Shaw,
Bobby,Shaw,Bobby Shaw,
Charlie,Shaw,Charlie Shaw,
Connor,Shaw,Connor Shaw,
Dennis,Shaw,Dennis Shaw,
Ed,Shaw,Ed Shaw,
Eric,Shaw,Eric Shaw,
George,Shaw,George Shaw,
Glenn,Shaw,Glenn Shaw,
Harold,Shaw,Harold Shaw,
Jesse,Shaw,Jesse Shaw,
Josh,Shaw,Josh Shaw,
Josh,Shaw,Josh Shaw,
Nate,Shaw,Nate Shaw,
Pete,Shaw,Pete Shaw,
Ricky,Shaw,Ricky Shaw,
Robert,Shaw,Robert Shaw,
Scott,Shaw,Scott Shaw,
Sedrick,Shaw,Sedrick Shaw,
Terrance,Shaw,Terrance Shaw,
Tim,Shaw,Tim Shaw,
Jerry,Shay,Jerry Shay,
Ryan,Shazier,Ryan Shazier,
Ernest,Shazor,Ernest Shazor,
Aaron,Shea,Aaron Shea,
Pat,Shea,Pat Shea,
DeShawn,Shead,DeShawn Shead,
Jabaal,Sheard,Jabaal Sheard,
Shag,Sheard,Shag Sheard,
Brad,Shearer,Brad Shearer,
Ronald,Shearer,Ronald Shearer,
Joe,Shearin,Joe Shearin,
Larry,Shears,Larry Shears,
Kenny,Shedd,Kenny Shedd,
Ed,Shedlosky,Ed Shedlosky,
Fred,Sheehan,Fred Sheehan,
Paul,Sheeks,Paul Sheeks,
Kory,Sheets,Kory Sheets,
Cameron,Sheffield,Cameron Sheffield,
Chris,Sheffield,Chris Sheffield,
Kendall,Sheffield,Kendall Sheffield,
Ron,Shegog,Ron Shegog,
Rashaan,Shehee,Rashaan Shehee,
Vincent,Shekleton,Vincent Shekleton,
John,Shelburne,John Shelburne,
Derrick,Shelby,Derrick Shelby,
Ty,Shelby,Ty Shelby,
Willie,Shelby,Willie Shelby,
Brady,Sheldon,Brady Sheldon,
James,Sheldon,James Sheldon,
Mike,Sheldon,Mike Sheldon,
Art,Shell+,Art Shell+,
Brandon,Shell,Brandon Shell,
Donnie,Shell+,Donnie Shell+,
Todd,Shell,Todd Shell,
Deck,Shelley,Deck Shelley,
Duke,Shelley,Duke Shelley,
Elbert,Shelley,Elbert Shelley,
Jonathan,Shelley,Jonathan Shelley,
Chris,Shelling,Chris Shelling,
Kendel,Shello,Kendel Shello,
Alec,Shellogg,Alec Shellogg,
Anthony,Shelton,Anthony Shelton,
Coleman,Shelton,Coleman Shelton,
Daimon,Shelton,Daimon Shelton,
Danny,Shelton,Danny Shelton,
Eric,Shelton,Eric Shelton,
L.J.,Shelton,L.J. Shelton,
Murray,Shelton,Murray Shelton,
Richard,Shelton,Richard Shelton,
Tyler,Shelvin,Tyler Shelvin,
Prince,Shembo,Prince Shembo,
Laviska,Shenault,Laviska Shenault,
Paul,Shenefelt,Paul Shenefelt,
John,Samuel,John Samuel,
Charlie,Shepard,Charlie Shepard,
Derrick,Shepard,Derrick Shepard,
Russell,Shepard,Russell Shepard,
Sterling,Shepard,Sterling Shepard,
Austin,Shepherd,Austin Shepherd,
Bill,Shepherd,Bill Shepherd,
Darrius,Shepherd,Darrius Shepherd,
Edell,Shepherd,Edell Shepherd,
Gannon,Shepherd,Gannon Shepherd,
Jacoby,Shepherd,Jacoby Shepherd,
JaCorey,Shepherd,JaCorey Shepherd,
Johnny,Shepherd,Johnny Shepherd,
Leslie,Shepherd,Leslie Shepherd,
Nathan,Shepherd,Nathan Shepherd,
Dakoda,Shepley,Dakoda Shepley,
Ashley,Sheppard,Ashley Sheppard,
Henry,Sheppard,Henry Sheppard,
Kelvin,Sheppard,Kelvin Sheppard,
Lito,Sheppard,Lito Sheppard,
Malcolm,Sheppard,Malcolm Sheppard,
Marcus,Sherels,Marcus Sherels,
Dave,Sherer,Dave Sherer,
Trent,Sherfield,Trent Sherfield,
Jamie,Sheriff,Jamie Sheriff,
Stan,Sheriff,Stan Sheriff,
Jerry,Sherk,Jerry Sherk,
Bob,Sherlag,Bob Sherlag,
Allie,Sherman,Allie Sherman,
Anthony,Sherman,Anthony Sherman,
Bob,Sherman,Bob Sherman,
Heath,Sherman,Heath Sherman,
Richard,Sherman,Richard Sherman,
Rod,Sherman,Rod Sherman,
Solly,Sherman,Solly Sherman,
Tom,Sherman,Tom Sherman,
Will,Sherman,Will Sherman,
William,Sherman,William Sherman,
Mike,Sherrard,Mike Sherrard,
Bud,Sherrod,Bud Sherrod,
Derek,Sherrod,Derek Sherrod,
Gerry,Sherry,Gerry Sherry,
Tim,Sherwin,Tim Sherwin,
Jamien,Sherwood,Jamien Sherwood,
Rhoten,Shetley,Rhoten Shetley,
Visanthe,Shiancoe,Visanthe Shiancoe,
James,Shibest,James Shibest,
Joe,Shield,Joe Shield,
Billy,Shields,Billy Shields,
Burrell,Shields,Burrell Shields,
Jon,Shields,Jon Shields,
Lebron,Shields,Lebron Shields,
Paul,Shields,Paul Shields,
Sam,Shields,Sam Shields,
Scott,Shields,Scott Shields,
Will,Shields+,Will Shields+,
Dick,Shiner,Dick Shiner,
John,Shinners,John Shinners,
Don,Shinnick,Don Shinnick,
Jerry,Shipkey,Jerry Shipkey,
A.Q.,Shipley,A.Q. Shipley,
Jordan,Shipley,Jordan Shipley,
Will,Shipley,Will Shipley,
Billy,Shipp,Billy Shipp,
Jackie,Shipp,Jackie Shipp,
Joe,Shipp,Joe Shipp,
Marcel,Shipp,Marcel Shipp,
Abe,Shires,Abe Shires,
Fred,Shirey,Fred Shirey,
Gary,Shirk,Gary Shirk,
John,Shirk,John Shirk,
George,Shirkey,George Shirkey,
Jason,Shirley,Jason Shirley,
Josh,Shirley,Josh Shirley,
Marion,Shirley,Marion Shirley,
Clay,Shiver,Clay Shiver,
Rex,Shiver,Rex Shiver,
Sanders,Shiver,Sanders Shiver,
Jason,Shivers,Jason Shivers,
Roy,Shivers,Roy Shivers,
Wes,Shivers,Wes Shivers,
Boris,Shlapak,Boris Shlapak,
Roger,Shoals,Roger Shoals,
Jeff,Shoate,Jeff Shoate,
Rod,Shoate,Rod Shoate,
Jeremy,Shockey,Jeremy Shockey,
Arnie,Shockley,Arnie Shockley,
Bill,Shockley,Bill Shockley,
Hub,Shoemake,Hub Shoemake,
Hal,Shoener,Hal Shoener,
Herb,Shoener,Herb Shoener,
Del,Shofner,Del Shofner,
Jim,Shofner,Jim Shofner,
John,Shonk,John Shonk,
Chuck,Shonta,Chuck Shonta,
Al,Shook,Al Shook,
Frederick,Shook,Frederick Shook,
Brandon,Short,Brandon Short,
Jason,Short,Jason Short,
Kawann,Short,Kawann Short,
Laval,Short,Laval Short,
Jim,Shorter,Jim Shorter,
Justin,Shorter,Justin Shorter,
George,Shorthose,George Shorthose,
Cecil,Shorts,Cecil Shorts,
Peter,Shorts,Peter Shorts,
Darin,Shoulders,Darin Shoulders,
Paul,Shoults,Paul Shoults,
Spencer,Shrader,Spencer Shrader,
Darrell,Shropshire,Darrell Shropshire,
Caleb,Shudak,Caleb Shudak,
Pete,Shufelt,Pete Shufelt,
Clyde,Shugart,Clyde Shugart,
Bret,Shugarts,Bret Shugarts,
David,Shula,David Shula,
Don,Shula+,Don Shula+,
Heath,Shuler,Heath Shuler,
Mickey,Shuler,Mickey Shuler,
Mickey,Shuler,Mickey Shuler,
Steve,Shull,Steve Shull,
Johnny,Shultz,Johnny Shultz,
Mike,Shumann,Mike Shumann,
Mark,Shumate,Mark Shumate,
Ron,Shumon,Ron Shumon,
Mark,Shupe,Mark Shupe,
Marshall,Shurnas,Marshall Shurnas,
Bert,Shurtleff,Bert Shurtleff,
Red,Shurtliffe,Red Shurtliffe,
Hubert,Shurtz,Hubert Shurtz,
Don,Shy,Don Shy,
Les,Shy,Les Shy,
Mike,Siani,Mike Siani,
Mike,Siano,Mike Siano,
Tony,Siano,Tony Siano,
Junior,Siavii,Junior Siavii,
Garrett,Sickels,Garrett Sickels,
Lawrence,Sidbury,Lawrence Sidbury,
Jimmy,Sidle,Jimmy Sidle,
Dainon,Sidney,Dainon Sidney,
Alex,Sidorik,Alex Sidorik,
Wally,Sieb,Wally Sieb,
Trent,Sieg,Trent Sieg,
John,Siegal,John Siegal,
Herb,Siegert,Herb Siegert,
Wayne,Siegert,Wayne Siegert,
Orville,Siegfried,Orville Siegfried,
Jules,Siegle,Jules Siegle,
Zach,Sieler,Zach Sieler,
Larry,Siemering,Larry Siemering,
Trevor,Siemian,Trevor Siemian,
Chuck,Sieminski,Chuck Sieminski,
Jeff,Siemon,Jeff Siemon,
Troy,Sienkiewicz,Troy Sienkiewicz,
Stan,Sieracki,Stan Sieracki,
Stephen,Sieradzki,Stephen Sieradzki,
Steve,Sierocinski,Steve Sierocinski,
Herb,Sies,Herb Sies,
Eric,Sievers,Eric Sievers,
Dom,Sigillo,Dom Sigillo,
Ricky,Siglar,Ricky Siglar,
Joe,Signaigo,Joe Signaigo,
Sig,Sigurdson,Sig Sigurdson,
Vai,Sikahema,Vai Sikahema,
Mike,Sikich,Mike Sikich,
Rudy,Sikich,Rudy Sikich,
Mike,Sikora,Mike Sikora,
Sam,Silas,Sam Silas,
Amini,Silatolu,Amini Silatolu,
Ian,Silberman,Ian Silberman,
Dan,Sileo,Dan Sileo,
Brandon,Siler,Brandon Siler,
Rich,Siler,Rich Siler,
Sealver,Siliga,Sealver Siliga,
Joe,Silipo,Joe Silipo,
Frank,Sillin,Frank Sillin,
David,Sills,David Sills,
Josh,Sills,Josh Sills,
Jamie,Silva,Jamie Silva,
Mana,Silva,Mana Silva,
Ricardo,Silva,Ricardo Silva,
Nilo,Silvan,Nilo Silvan,
Nesta,Jade,Nesta Jade,
Carl,Silvestri,Carl Silvestri,
Don,Silvestri,Don Silvestri,
Alex,Silvestro,Alex Silvestro,
Butch,Simas,Butch Simas,
Ken,Simendinger,Ken Simendinger,
Don,Simensen,Don Simensen,
John,Simerson,John Simerson,
Tracy,Simien,Tracy Simien,
Milt,Simington,Milt Simington,
Arnie,Simkus,Arnie Simkus,
Mike,Simmonds,Mike Simmonds,
Anthony,Simmons,Anthony Simmons,
Bob,Simmons,Bob Simmons,
Brian,Simmons,Brian Simmons,
Cleo,Simmons,Cleo Simmons,
Clyde,Simmons,Clyde Simmons,
Dave,Simmons,Dave Simmons,
Dave,Simmons,Dave Simmons,
Ed,Simmons,Ed Simmons,
Floyd,Simmons,Floyd Simmons,
Isaiah,Simmons,Isaiah Simmons,
Jack,Simmons,Jack Simmons,
Jason,Simmons,Jason Simmons,
Jeff,Simmons,Jeff Simmons,
Jeffery,Simmons,Jeffery Simmons,
Jerry,Simmons,Jerry Simmons,
Jim,Simmons,Jim Simmons,
John,Simmons,John Simmons,
Jordan,Simmons,Jordan Simmons,
Justin,Simmons,Justin Simmons,
Kendall,Simmons,Kendall Simmons,
King,Simmons,King Simmons,
Lachavious,Simmons,Lachavious Simmons,
Leon,Simmons,Leon Simmons,
Marcello,Simmons,Marcello Simmons,
Michael,Simmons,Michael Simmons,
Roy,Simmons,Roy Simmons,
Sam,Simmons,Sam Simmons,
Stacey,Simmons,Stacey Simmons,
Terrance,Simmons,Terrance Simmons,
Tony,Simmons,Tony Simmons,
Tony,Simmons,Tony Simmons,
Victor,Simmons,Victor Simmons,
Wayne,Simmons,Wayne Simmons,
Bob,Simms,Bob Simms,
Chris,Simms,Chris Simms,
Matt,Simms,Matt Simms,
Phil,Simms,Phil Simms,
Corey,Simon,Corey Simon,
Deon,Simon,Deon Simon,
Jim,Simon,Jim Simon,
John,Simon,John Simon,
John,Simon,John Simon,
Tharold,Simon,Tharold Simon,
Mike,Simone,Mike Simone,
Mark,Simoneau,Mark Simoneau,
Lenny,Simonetti,Lenny Simonetti,
Ed,Simonini,Ed Simonini,
John,Simons,John Simons,
Keith,Simons,Keith Simons,
Kevin,Simons,Kevin Simons,
Dave,Simonson,Dave Simonson,
Scott,Simonson,Scott Simonson,
Ken,Simonton,Ken Simonton,
Maurice,Simpkins,Maurice Simpkins,
Ron,Simpkins,Ron Simpkins,
Al,Simpson,Al Simpson,
Antoine,Simpson,Antoine Simpson,
Bill,Simpson,Bill Simpson,
Bob,Simpson,Bob Simpson,
Carl,Simpson,Carl Simpson,
Chad,Simpson,Chad Simpson,
Eber,Simpson,Eber Simpson,
Howard,Simpson,Howard Simpson,
Jackie,Simpson,Jackie Simpson,
Jackie,Simpson,Jackie Simpson,
Jerome,Simpson,Jerome Simpson,
Jimmy,Simpson,Jimmy Simpson,
John,Simpson,John Simpson,
Keith,Simpson,Keith Simpson,
Ko,Simpson,Ko Simpson,
Mike,Simpson,Mike Simpson,
Nate,Simpson,Nate Simpson,
O.J.,Simpson+,O.J. Simpson+,
Tim,Simpson,Tim Simpson,
Travis,Simpson,Travis Simpson,
Trenton,Simpson,Trenton Simpson,
Willie,Simpson,Willie Simpson,
Barry,Sims,Barry Sims,
Ben,Sims,Ben Sims,
Billy,Sims,Billy Sims,
Cam,Sims,Cam Sims,
Charles,Sims,Charles Sims,
Darryl,Sims,Darryl Sims,
David,Sims,David Sims,
David,Sims,David Sims,
Dion,Sims,Dion Sims,
Ernie,Sims,Ernie Sims,
Eugene,Sims,Eugene Sims,
George,Sims,George Sims,
Jack,Sims,Jack Sims,
James,Sims,James Sims,
Jim,Sims,Jim Sims,
Joe,Sims,Joe Sims,
Keith,Sims,Keith Sims,
Ken,Sims,Ken Sims,
Kenneth,Sims,Kenneth Sims,
LeShaun,Sims,LeShaun Sims,
Marvin,Sims,Marvin Sims,
Mickey,Sims,Mickey Sims,
Pat,Sims,Pat Sims,
Reggie,Sims,Reggie Sims,
Rob,Sims,Rob Sims,
Ryan,Sims,Ryan Sims,
Steven,Sims,Steven Sims,
Tom,Sims,Tom Sims,
Tommy,Sims,Tommy Sims,
Wes,Sims,Wes Sims,
William,Sims,William Sims,
Walker,,Walker ,
Kaseem,Sinceno,Kaseem Sinceno,
Matt,Sinclair,Matt Sinclair,
Michael,Sinclair,Michael Sinclair,
Curt,Singer,Curt Singer,
Karl,Singer,Karl Singer,
Walt,Singer,Walt Singer,
Bill,Singletary,Bill Singletary,
Devin,Singletary,Devin Singletary,
Mike,Singletary+,Mike Singletary+,
Reggie,Singletary,Reggie Singletary,
Alex,Singleton,Alex Singleton,
Alshermond,Singleton,Alshermond Singleton,
Bill,Singleton,Bill Singleton,
Chris,Singleton,Chris Singleton,
John,Singleton,John Singleton,
Nate,Singleton,Nate Singleton,
Ron,Singleton,Ron Singleton,
Steve,Sinko,Steve Sinko,
Frank,Sinkovitz,Frank Sinkovitz,
Frankie,Sinkwich,Frankie Sinkwich,
Ben,Sinnott,Ben Sinnott,
Greg,Sinnott,Greg Sinnott,
John,Sinnott,John Sinnott,
Clint,Sintim,Clint Sintim,
Brian,Sipe,Brian Sipe,
Arryn,Siposs,Arryn Siposs,
Bobby,Sippio,Bobby Sippio,
Tony,Siragusa,Tony Siragusa,
Jeremiah,Sirles,Jeremiah Sirles,
Peter,Sirmon,Peter Sirmon,
George,Sirochman,George Sirochman,
Jerry,Sisemore,Jerry Sisemore,
John,Sisk,John Sisk,
Johnny,Sisk,Johnny Sisk,
Brian,Sisley,Brian Sisley,
Scott,Sisson,Scott Sisson,
Manny,Sistrunk,Manny Sistrunk,
Otis,Sistrunk,Otis Sistrunk,
Vinnie,Sites,Vinnie Sites,
Emil,Sitko,Emil Sitko,
Josh,Sitton,Josh Sitton,
Jim,Sivell,Jim Sivell,
Mike,Siwek,Mike Siwek,
Deyon,Sizer,Deyon Sizer,
Jim,Skaggs,Jim Skaggs,
Justin,Skaggs,Justin Skaggs,
Paul,Skansi,Paul Skansi,
Daryle,Skaugstad,Daryle Skaugstad,
Gil,Skeate,Gil Skeate,
John,Skelton,John Skelton,
Doug,Skene,Doug Skene,
Joe,Skibinski,Joe Skibinski,
John,Skibinski,John Skibinski,
Deontae,Skinner,Deontae Skinner,
Gerald,Skinner,Gerald Skinner,
JL,Skinner,JL Skinner,
Lew,Skinner,Lew Skinner,
Dan,Skipper,Dan Skipper,
Tuzar,Skipper,Tuzar Skipper,
Joe,Skladany,Joe Skladany,
Leo,Skladany,Leo Skladany,
Tom,Skladany,Tom Skladany,
John,Sklopan,John Sklopan,
Stan,Skoczen,Stan Skoczen,
Bob,Skoglund,Bob Skoglund,
Nick,Skorich,Nick Skorich,
Bob,Skoronski,Bob Skoronski,
Ed,Skoronski,Ed Skoronski,
Peter,Skoronski,Peter Skoronski,
John,Skorupan,John Skorupan,
Shayne,Skov,Shayne Skov,
Jim,Skow,Jim Skow,
Ben,Skowronek,Ben Skowronek,
Greg,Skrepenak,Greg Skrepenak,
Buster,Skrine,Buster Skrine,
Dave,Skudin,Dave Skudin,
Justin,Skule,Justin Skule,
Matt,Skura,Matt Skura,
Dan,Skuta,Dan Skuta,
Lou,Slaby,Lou Slaby,
Fritz,Slackford,Fritz Slackford,
Chad,Slade,Chad Slade,
Chris,Slade,Chris Slade,
George,Slagle,George Slagle,
Duke,Slater+,Duke Slater+,
Howie,Slater,Howie Slater,
Jackie,Slater+,Jackie Slater+,
Mark,Slater,Mark Slater,
Matthew,Slater,Matthew Slater,
Rashawn,Slater,Rashawn Slater,
Walt,Slater,Walt Slater,
Mike,Slaton,Mike Slaton,
Steve,Slaton,Steve Slaton,
Tedarrell,Slaton,Tedarrell Slaton,
Tony,Slaton,Tony Slaton,
Chad,Slaughter,Chad Slaughter,
Chuck,Slaughter,Chuck Slaughter,
Mickey,Slaughter,Mickey Slaughter,
T.J.,Slaughter,T.J. Slaughter,
Webster,Slaughter,Webster Slaughter,
Matt,Slauson,Matt Slauson,
Darius,Slay,Darius Slay,
Henry,Slay,Henry Slay,
Darius,Slayton,Darius Slayton,
Jeremy,Slechta,Jeremy Slechta,
Leroy,Sledge,Leroy Sledge,
Red,Sleight,Red Sleight,
Richard,Sligh,Richard Sligh,
Steve,Slivinski,Steve Slivinski,
Bonnie,Sloan,Bonnie Sloan,
David,Sloan,David Sloan,
Dwight,Sloan,Dwight Sloan,
Steve,Sloan,Steve Sloan,
Sam,Sloman,Sam Sloman,
Pete,Slone,Pete Slone,
Phil,Slosburg,Phil Slosburg,
Elmer,Slough,Elmer Slough,
Greg,Slough,Greg Slough,
Emil,Slovacek,Emil Slovacek,
Marty,Slovak,Marty Slovak,
Scott,Slutzker,Scott Slutzker,
Joey,Slye,Joey Slye,
Bill,Slyker,Bill Slyker,
Stan,Smagala,Stan Smagala,
Alex,Smail,Alex Smail,
Donovan,Small,Donovan Small,
Eldridge,Small,Eldridge Small,
Fred,Small,Fred Small,
George,Small,George Small,
Gerald,Small,Gerald Small,
Jessie,Small,Jessie Small,
John,Small,John Small,
Kiero,Small,Kiero Small,
O.J.,Small,O.J. Small,
Torrance,Small,Torrance Small,
Fred,Smalls,Fred Smalls,
Wendell,Smallwood,Wendell Smallwood,
Ian,Smart,Ian Smart,
Rod,Smart,Rod Smart,
Tanzel,Smart,Tanzel Smart,
Stone,Smartt,Stone Smartt,
Metz,Smeach,Metz Smeach,
Eric,Smedley,Eric Smedley,
Joel,Smeenge,Joel Smeenge,
Rudy,Smeja,Rudy Smeja,
Brad,Smelley,Brad Smelley,
DeAndre,Smelter,DeAndre Smelter,
Don,Smerek,Don Smerek,
Fred,Smerlas,Fred Smerlas,
Dave,Smigelsky,Dave Smigelsky,
Branko,Smilanich,Branko Smilanich,
Justin,Smiley,Justin Smiley,
Tommie,Smiley,Tommie Smiley,
Aaron,Smith,Aaron Smith,
Aaron,Smith,Aaron Smith,
Ainias,Smith,Ainias Smith,
Akili,Smith,Akili Smith,
Al,Smith,Al Smith,
Aldon,Smith,Aldon Smith,
Alex,Smith,Alex Smith,
Alex,Smith,Alex Smith,
Alfonso,Smith,Alfonso Smith,
Allen,Smith,Allen Smith,
Allen,Smith,Allen Smith,
Allen,Smith,Allen Smith,
Alphonso,Smith,Alphonso Smith,
Andre,Smith,Andre Smith,
Andre,Smith,Andre Smith,
Andre,Smith,Andre Smith,
Anthony,Smith,Anthony Smith,
Anthony,Smith,Anthony Smith,
Antone,Smith,Antone Smith,
Antonio,Smith,Antonio Smith,
Antowain,Smith,Antowain Smith,
Armond,Smith,Armond Smith,
Art,Smith,Art Smith,
Artie,Smith,Artie Smith,
Barry,Smith,Barry Smith,
Barty,Smith,Barty Smith,
Ben,Smith,Ben Smith,
Ben,Smith,Ben Smith,
Bill,Smith,Bill Smith,
Bill,Smith,Bill Smith,
Billy,Ray,Billy Ray,
Billy,Ray,Billy Ray,
Blane,Smith,Blane Smith,
Bob,Smith,Bob Smith,
Bob,Smith,Bob Smith,
Bob,Smith,Bob Smith,
Bob,Smith,Bob Smith,
Bobby,Smith,Bobby Smith,
Bobby,Smith,Bobby Smith,
Brad,Smith,Brad Smith,
Brad,Smith,Brad Smith,
Braden,Smith,Braden Smith,
Brady,Smith,Brady Smith,
Brandon,Smith,Brandon Smith,
Brandon,Smith,Brandon Smith,
Brandon,Smith,Brandon Smith,
Brent,Smith,Brent Smith,
Brian,Smith,Brian Smith,
Brian,Smith,Brian Smith,
Bruce,Smith,Bruce Smith,
Bruce,Smith+,Bruce Smith+,
Bryan,Smith,Bryan Smith,
Bubba,Smith,Bubba Smith,
Byron,Smith,Byron Smith,
C.J.,Smith,C.J. Smith,
Cam,Smith,Cam Smith,
Cameron,Smith,Cameron Smith,
Carl,Smith,Carl Smith,
Cedric,Smith,Cedric Smith,
Charles,Smith,Charles Smith,
Charlie,Smith,Charlie Smith,
Charlie,Smith,Charlie Smith,
Charlie,Smith,Charlie Smith,
Chris,Smith,Chris Smith,
Chris,Smith,Chris Smith,
Chris,Smith,Chris Smith,
Chris,Smith,Chris Smith,
Christopher,Smith,Christopher Smith,
Chuck,Smith,Chuck Smith,
Clifton,Smith,Clifton Smith,
Clifton,Smith,Clifton Smith,
Clyde,Smith,Clyde Smith,
Corey,Smith,Corey Smith,
Ante,Smith,Ante Smith,
Anthony,Smith,Anthony Smith,
Joun,Smith,Joun Smith,
D.J.,Smith,D.J. Smith,
Dallis,Smith,Dallis Smith,
Dan,Smith,Dan Smith,
Darrin,Smith,Darrin Smith,
Daryl,Smith,Daryl Smith,
Daryl,Smith,Daryl Smith,
Daryle,Smith,Daryle Smith,
Dave,Smith,Dave Smith,
Dave,Smith,Dave Smith,
Dave,Smith,Dave Smith,
Dave,Smith,Dave Smith,
Veon,Smith,Veon Smith,
DeAngelo,Smith,DeAngelo Smith,
Dennis,Smith,Dennis Smith,
Dennis,Smith,Dennis Smith,
Derek,Smith,Derek Smith,
Derron,Smith,Derron Smith,
Detron,Smith,Detron Smith,
Devin,Smith,Devin Smith,
DeVonta,Smith,DeVonta Smith,
Dick,Smith,Dick Smith,
Dick,Smith,Dick Smith,
Don,Smith,Don Smith,
Don,Smith,Don Smith,
Don,Smith,Don Smith,
Don,Smith,Don Smith,
Donald,Smith,Donald Smith,
Donnell,Smith,Donnell Smith,
Donovan,Smith,Donovan Smith,
Doug,Smith,Doug Smith,
Doug,Smith,Doug Smith,
Doug,Smith,Doug Smith,
Dreamius,Smith,Dreamius Smith,
Dwight,Smith,Dwight Smith,
Ed,Smith,Ed Smith,
Ed,Smith,Ed Smith,
Ed,Smith,Ed Smith,
Ed,Smith,Ed Smith,
Ed,Smith,Ed Smith,
Elerson,Smith,Elerson Smith,
Elliot,Smith,Elliot Smith,
Emanuel,Smith,Emanuel Smith,
Emmanuel,Smith,Emmanuel Smith,
Emmitt,Smith+,Emmitt Smith+,
Eric,Smith,Eric Smith,
Eric,Smith,Eric Smith,
Eric,Smith,Eric Smith,
Eric,Smith,Eric Smith,
Ernie,Smith,Ernie Smith,
Ernie,Smith,Ernie Smith,
Fernando,Smith,Fernando Smith,
Fletcher,Smith,Fletcher Smith,
Frankie,Smith,Frankie Smith,
Franky,Smith,Franky Smith,
Garrison,Smith,Garrison Smith,
Gary,Smith,Gary Smith,
Gaylon,Smith,Gaylon Smith,
Gene,Smith,Gene Smith,
Geno,Smith,Geno Smith,
George,Smith,George Smith,
George,Smith,George Smith,
Gordie,Smith,Gordie Smith,
Greg,Smith,Greg Smith,
Hal,Smith,Hal Smith,
Hank,Smith,Hank Smith,
Harrison,Smith,Harrison Smith,
Harry,Smith,Harry Smith,
Hayden,Smith,Hayden Smith,
Herman,Smith,Herman Smith,
Holden,Smith,Holden Smith,
Hugh,Smith,Hugh Smith,
Hunter,Smith,Hunter Smith,
Irv,Smith,Irv Smith,
Irv,Smith,Irv Smith,
Ito,Smith,Ito Smith,
J.D.,Smith,J.D. Smith,
J.D.,Smith,J.D. Smith,
J.D.,Smith,J.D. Smith,
J.T.,Smith,J.T. Smith,
Jack,Smith,Jack Smith,
Jack,Smith,Jack Smith,
Jackie,Smith+,Jackie Smith+,
Jacquies,Smith,Jacquies Smith,
Jason,Smith,Jason Smith,
Jaylon,Smith,Jaylon Smith,
Jeff,Smith,Jeff Smith,
Jeff,Smith,Jeff Smith,
Jeff,Smith,Jeff Smith,
Jeff,Smith,Jeff Smith,
Jeff,Smith,Jeff Smith,
Jeff,Smith,Jeff Smith,
Jermaine,Smith,Jermaine Smith,
Jerome,Smith,Jerome Smith,
Jerry,Smith,Jerry Smith,
Jerry,Smith,Jerry Smith,
Jim,Smith,Jim Smith,
Jim,Smith,Jim Smith,
Jim,Smith,Jim Smith,
Jim,Ray,Jim Ray,
Jimmy,Smith,Jimmy Smith,
Jimmy,Smith,Jimmy Smith,
Jimmy,Smith,Jimmy Smith,
Jimmy,Smith,Jimmy Smith,
Joe,Smith,Joe Smith,
Joey,Smith,Joey Smith,
John,Smith,John Smith,
John,Smith,John Smith,
John,Smith,John Smith,
Johnny,Ray,Johnny Ray,
Jonathan,Smith,Jonathan Smith,
Jonnu,Smith,Jonnu Smith,
Jordan,Smith,Jordan Smith,
Justin,Smith,Justin Smith,
Justin,Smith,Justin Smith,
Kaden,Smith,Kaden Smith,
Keidron,Smith,Keidron Smith,
Keith,Smith,Keith Smith,
Keith,Smith,Keith Smith,
Kelvin,Smith,Kelvin Smith,
Ken,Smith,Ken Smith,
Ken,Smith,Ken Smith,
Kendal,Smith,Kendal Smith,
Kenny,Smith,Kenny Smith,
Kevin,Smith,Kevin Smith,
Kevin,Smith,Kevin Smith,
Kevin,Smith,Kevin Smith,
Kevin,Smith,Kevin Smith,
Kevin,Smith,Kevin Smith,
Khreem,Smith,Khreem Smith,
Kion,Smith,Kion Smith,
Kolby,Smith,Kolby Smith,
L.J.,Smith,L.J. Smith,
Lamar,Smith,Lamar Smith,
Lance,Smith,Lance Smith,
Larry,Smith,Larry Smith,
Larry,Smith,Larry Smith,
Larry,Smith,Larry Smith,
Laverne,Smith,Laverne Smith,
Lawrence,Smith,Lawrence Smith,
Le,Kevin,Le Kevin,
Lecitus,Smith,Lecitus Smith,
Lee,Smith,Lee Smith,
Len,Smith,Len Smith,
Leonard,Smith,Leonard Smith,
Lucious,Smith,Lucious Smith,
Lyman,Smith,Lyman Smith,
Maason,Smith,Maason Smith,
Malcolm,Smith,Malcolm Smith,
Marcus,Smith,Marcus Smith,
Marcus,Smith,Marcus Smith,
Mark,Smith,Mark Smith,
Marquis,Smith,Marquis Smith,
Marty,Smith,Marty Smith,
Marv,Smith,Marv Smith,
Marvel,Smith,Marvel Smith,
Matt,Smith,Matt Smith,
Maurice,Smith,Maurice Smith,
Maurice,Smith,Maurice Smith,
Mazi,Smith,Mazi Smith,
Michael,Smith,Michael Smith,
Michael,Smith,Michael Smith,
Mike,Smith,Mike Smith,
Mike,Smith,Mike Smith,
Mike,Smith,Mike Smith,
Milt,Smith,Milt Smith,
Monte,Smith,Monte Smith,
Musa,Smith,Musa Smith,
Neil,Smith,Neil Smith,
Nolan,Smith,Nolan Smith,
Noland,Smith,Noland Smith,
Oak,Smith,Oak Smith,
Olin,Smith,Olin Smith,
Ollie,Smith,Ollie Smith,
Omar,Smith,Omar Smith,
Onterrio,Smith,Onterrio Smith,
Orland,Smith,Orland Smith,
Oscar,Smith,Oscar Smith,
Otis,Smith,Otis Smith,
Pat,Smith,Pat Smith,
Paul,Smith,Paul Smith,
Paul,Smith,Paul Smith,
Perry,Smith,Perry Smith,
Phil,Smith,Phil Smith,
Preston,Smith,Preston Smith,
Quanterus,Smith,Quanterus Smith,
Quintin,Smith,Quintin Smith,
Ralph,Smith,Ralph Smith,
Raonall,Smith,Raonall Smith,
Rashad,Smith,Rashad Smith,
Ray,Smith,Ray Smith,
Ray,Gene,Ray Gene,
Red,Smith,Red Smith,
Reggie,Smith,Reggie Smith,
Reggie,Smith,Reggie Smith,
Reggie,Smith,Reggie Smith,
Rex,Smith,Rex Smith,
Richard,Smith,Richard Smith,
Ricky,Smith,Ricky Smith,
Rico,Smith,Rico Smith,
Riley,Smith,Riley Smith,
Rob,Smith,Rob Smith,
Robaire,Smith,Robaire Smith,
Robert,Smith,Robert Smith,
Robert,Smith,Robert Smith,
Rod,Smith,Rod Smith,
Rod,Smith,Rod Smith,
Rod,Smith,Rod Smith,
Rodney,Smith,Rodney Smith,
Rodney,Smith,Rodney Smith,
Ron,Smith,Ron Smith,
Ron,Smith,Ron Smith,
Ron,Smith,Ron Smith,
Ron,Smith,Ron Smith,
Roquan,Smith,Roquan Smith,
Royce,Smith,Royce Smith,
Russ,Smith,Russ Smith,
Russ,Smith,Russ Smith,
Rusty,Smith,Rusty Smith,
Ryan,Smith,Ryan Smith,
Saivion,Smith,Saivion Smith,
Sammie,Smith,Sammie Smith,
Sean,Smith,Sean Smith,
Sean,Smith,Sean Smith,
Sean,Smith,Sean Smith,
Shane,Smith,Shane Smith,
Shaun,Smith,Shaun Smith,
Shelley,Smith,Shelley Smith,
Sherman,Smith,Sherman Smith,
Shevin,Smith,Shevin Smith,
Shi,Smith,Shi Smith,
Sid,Smith,Sid Smith,
Steve,Smith,Steve Smith,
Steve,Smith,Steve Smith,
Steve,Smith,Steve Smith,
Steve,Smith,Steve Smith,
Steve,Smith,Steve Smith,
Struggy,Smith,Struggy Smith,
Stu,Smith,Stu Smith,
Sutton,Smith,Sutton Smith,
T.J.,Smith,T.J. Smith,
Taj,Smith,Taj Smith,
Telvin,Smith,Telvin Smith,
Terell,Smith,Terell Smith,
Terrance,Smith,Terrance Smith,
Terrelle,Smith,Terrelle Smith,
Tevaun,Smith,Tevaun Smith,
Thomas,Smith,Thomas Smith,
Thomas,Smith,Thomas Smith,
Tim,Smith,Tim Smith,
Timmy,Smith,Timmy Smith,
Tody,Smith,Tody Smith,
Tommie,Smith,Tommie Smith,
Tony,Smith,Tony Smith,
Torin,Smith,Torin Smith,
Torrey,Smith,Torrey Smith,
Travian,Smith,Travian Smith,
Quan,Smith,Quan Smith,
Tremon,Smith,Tremon Smith,
Trent,Smith,Trent Smith,
Trey,Smith,Trey Smith,
Troy,Smith,Troy Smith,
Troy,Smith,Troy Smith,
Truett,Smith,Truett Smith,
Tye,Smith,Tye Smith,
Tykee,Smith,Tykee Smith,
Tyler,Smith,Tyler Smith,
Tyreke,Smith,Tyreke Smith,
Tyron,Smith,Tyron Smith,
Tyson,Smith,Tyson Smith,
Vernice,Smith,Vernice Smith,
Vinson,Smith,Vinson Smith,
Vitamin,Smith,Vitamin Smith,
Vyncint,Smith,Vyncint Smith,
Waddell,Smith,Waddell Smith,
Wade,Smith,Wade Smith,
Warren,Smith,Warren Smith,
Wayne,Smith,Wayne Smith,
Wee,Willie,Wee Willie,
Wes,Smith,Wes Smith,
Wilfred,Smith,Wilfred Smith,
Will,Smith,Will Smith,
Willie,Smith,Willie Smith,
Willie,Smith,Willie Smith,
Willie,Smith,Willie Smith,
Xavier,Smith,Xavier Smith,
Darius,Smith,Darius Smith,
Zeke,Smith,Zeke Smith,
Zuriel,Smith,Zuriel Smith,
Marsette,,Marsette ,
Njigba,,Njigba ,
Schuster,,Schuster ,
Wade,,Wade ,
Williams,,Williams ,
Fish,Smithson,Fish Smithson,
Mark,Smolinski,Mark Smolinski,
Isaac,Smolko,Isaac Smolko,
Dawuane,Smoot,Dawuane Smoot,
Fred,Smoot,Fred Smoot,
Raymond,Smoot,Raymond Smoot,
Dave,Smukler,Dave Smukler,
Bill,Smyth,Bill Smyth,
Lou,Smyth,Lou Smyth,
Durham,Smythe,Durham Smythe,
Norm,Snead,Norm Snead,
Willie,Snead,Willie Snead,
Bob,Sneddon,Bob Sneddon,
Chris,Snee,Chris Snee,
Jarius,Sneed,Jarius Sneed,
Benny,Snell,Benny Snell,
Donald,Snell,Donald Snell,
George,Snell,George Snell,
Matt,Snell,Matt Snell,
Ray,Snell,Ray Snell,
Jason,Snelling,Jason Snelling,
Ken,Snelling,Ken Snelling,
Jim,Sniadecki,Jim Sniadecki,
Mal,Snider,Mal Snider,
Matt,Snider,Matt Snider,
Ron,Snidow,Ron Snidow,
Angelo,Snipes,Angelo Snipes,
Lee,Snoots,Lee Snoots,
Matt,Snorton,Matt Snorton,
David,Snow,David Snow,
Jack,Snow,Jack Snow,
Justin,Snow,Justin Snow,
Percy,Snow,Percy Snow,
Cal,Snowden,Cal Snowden,
Charles,Snowden,Charles Snowden,
Jim,Snowden,Jim Snowden,
Adam,Snyder,Adam Snyder,
Al,Snyder,Al Snyder,
Bob,Snyder,Bob Snyder,
Bull,Snyder,Bull Snyder,
Jim,Snyder,Jim Snyder,
Kevin,Snyder,Kevin Snyder,
Loren,Snyder,Loren Snyder,
Lum,Snyder,Lum Snyder,
Pat,Snyder,Pat Snyder,
Snitz,Snyder,Snitz Snyder,
Todd,Snyder,Todd Snyder,
oto,,oto ,
Hank,Soar,Hank Soar,
Ben,Sobieski,Ben Sobieski,
Phil,Sobocinski,Phil Sobocinski,
Joe,Soboleski,Joe Soboleski,
Olaniyi,Sobomehin,Olaniyi Sobomehin,
Brian,Sochia,Brian Sochia,
John,Sodaski,John Sodaski,
Alec,Sofish,Alec Sofish,
Ben,Sohn,Ben Sohn,
Benny,Sohn,Benny Sohn,
Kurt,Sohn,Kurt Sohn,
Matt,Sokol,Matt Sokol,
Kristjan,Sokoli,Kristjan Sokoli,
John,Sokolosky,John Sokolosky,
Nate,Solder,Nate Solder,
Robert,Soleau,Robert Soleau,
Paul,Soliai,Paul Soliai,
Jake,Soliday,Jake Soliday,
Ariel,Solomon,Ariel Solomon,
Freddie,Solomon,Freddie Solomon,
Freddie,Solomon,Freddie Solomon,
Javon,Solomon,Javon Solomon,
Jesse,Solomon,Jesse Solomon,
Roland,Solomon,Roland Solomon,
Scott,Solomon,Scott Solomon,
Ron,Solt,Ron Solt,
Gordie,Soltau,Gordie Soltau,
Bob,Soltis,Bob Soltis,
Mike,Solwold,Mike Solwold,
George,Somers,George Somers,
Don,Sommer,Don Sommer,
Mike,Sommer,Mike Sommer,
Jack,Sommers,Jack Sommers,
Butch,Songin,Butch Songin,
Treg,Songy,Treg Songy,
Gus,Sonnenberg,Gus Sonnenberg,
Isaac,Sopoaga,Isaac Sopoaga,
Ross,Sorce,Ross Sorce,
Daniel,Sorensen,Daniel Sorensen,
Nick,Sorensen,Nick Sorensen,
Glen,Sorenson,Glen Sorenson,
Jim,Sorey,Jim Sorey,
Revie,Sorey,Revie Sorey,
Jim,Sorgi,Jim Sorgi,
Henry,Sorrell,Henry Sorrell,
Colby,Sorsdal,Colby Sorsdal,
Bill,Sortet,Bill Sortet,
Rick,Sortun,Rick Sortun,
Lou,Sossamon,Lou Sossamon,
Frank,Souchak,Frank Souchak,
Cecil,Souders,Cecil Souders,
Ronnie,Lee,Ronnie Lee,
Tom,Southard,Tom Southard,
Dezmen,Southward,Dezmen Southward,
Sidy,Sow,Sidy Sow,
R.,Jay,R. Jay,
Bradley,Sowell,Bradley Sowell,
Jerald,Sowell,Jerald Sowell,
Robert,Sowell,Robert Sowell,
Isaac,Sowells,Isaac Sowells,
Rich,Sowells,Rich Sowells,
Stephen,Spach,Stephen Spach,
Vic,Spadaccini,Vic Spadaccini,
Ryan,Spadola,Ryan Spadola,
Matt,Spaeth,Matt Spaeth,
Butch,Spagna,Butch Spagna,
John,Spagnola,John Spagnola,
Martrell,Spaight,Martrell Spaight,
Dick,Spain,Dick Spain,
Quinton,Spain,Quinton Spain,
Gene,Spangler,Gene Spangler,
Gary,Spani,Gary Spani,
Frank,Spaniel,Frank Spaniel,
Antwain,Spann,Antwain Spann,
Chad,Spann,Chad Spann,
Gary,Spann,Gary Spann,
Ford,,Ford ,
Dave,Sparenberg,Dave Sparenberg,
Al,Sparkman,Al Sparkman,
Dave,Sparks,Dave Sparks,
Phillippi,Sparks,Phillippi Sparks,
Al,Sparlis,Al Sparlis,
Ed,Sparr,Ed Sparr,
Jim,Spavital,Jim Spavital,
Breeland,Speaks,Breeland Speaks,
Glen,Spear,Glen Spear,
Armegis,Spearman,Armegis Spearman,
Anthony,Spears,Anthony Spears,
Ernest,Spears,Ernest Spears,
Marcus,Spears,Marcus Spears,
Marcus,Spears,Marcus Spears,
Quinton,Spears,Quinton Spears,
Ron,Spears,Ron Spears,
Tyjae,Spears,Tyjae Spears,
Robert,Specht,Robert Specht,
Dutch,Speck,Dutch Speck,
Baylon,Spector,Baylon Spector,
Ameer,Speed,Ameer Speed,
E.J.,Speed,E.J. Speed,
Mac,Speedie+,Mac Speedie+,
Cliff,Speegle,Cliff Speegle,
Nick,Speegle,Nick Speegle,
Harry,Speelman,Harry Speelman,
Del,Speer,Del Speer,
Dick,Speights,Dick Speights,
Omar,Speights,Omar Speights,
Jeff,Spek,Jeff Spek,
Frank,Spellacy,Frank Spellacy,
Alonzo,Spellman,Alonzo Spellman,
Jack,Spellman,Jack Spellman,
Akeem,Spence,Akeem Spence,
Blake,Spence,Blake Spence,
Julian,Spence,Julian Spence,
Noah,Spence,Noah Spence,
Sean,Spence,Sean Spence,
Anthony,Spencer,Anthony Spencer,
Charles,Spencer,Charles Spencer,
Chris,Spencer,Chris Spencer,
Cody,Spencer,Cody Spencer,
Darryl,Spencer,Darryl Spencer,
Diontae,Spencer,Diontae Spencer,
Evan,Spencer,Evan Spencer,
Herb,Spencer,Herb Spencer,
Jim,Spencer,Jim Spencer,
Jimmy,Spencer,Jimmy Spencer,
Joe,Spencer,Joe Spencer,
Marquiss,Spencer,Marquiss Spencer,
Mo,Spencer,Mo Spencer,
Ollie,Spencer,Ollie Spencer,
Shawntae,Spencer,Shawntae Spencer,
Tim,Spencer,Tim Spencer,
Todd,Spencer,Todd Spencer,
Willie,Spencer,Willie Spencer,
Kory,Sperry,Kory Sperry,
George,Speth,George Speth,
Cotton,Speyrer,Cotton Speyrer,
Paul,Spicer,Paul Spicer,
Rob,Spicer,Rob Spicer,
Adolph,Spiegel,Adolph Spiegel,
Chris,Spielman,Chris Spielman,
Bob,Spiers,Bob Spiers,
Amari,Spievey,Amari Spievey,
Brandon,Spikes,Brandon Spikes,
Cameron,Spikes,Cameron Spikes,
Irving,Spikes,Irving Spikes,
Jack,Spikes,Jack Spikes,
Takeo,Spikes,Takeo Spikes,
John,Spilis,John Spilis,
Robert,Spillane,Robert Spillane,
C.J.,Spiller,C.J. Spiller,
Isaiah,Spiller,Isaiah Spiller,
Philip,Spiller,Philip Spiller,
Ray,Spillers,Ray Spillers,
C.J.,Spillman,C.J. Spillman,
Marc,Spindler,Marc Spindler,
Jack,Spinks,Jack Spinks,
Art,Spinney,Art Spinney,
Greg,Spires,Greg Spires,
Johnny,Spirida,Johnny Spirida,
Austin,Spitler,Austin Spitler,
Bob,Spitulski,Bob Spitulski,
Jason,Spitz,Jason Spitz,
Andy,Spiva,Andy Spiva,
Mike,Spivey,Mike Spivey,
Sebron,Spivey,Sebron Spivey,
Bob,Sponaugle,Bob Sponaugle,
Brandon,Spoon,Brandon Spoon,
Danny,Spradlin,Danny Spradlin,
Donnie,Spragan,Donnie Spragan,
Jason,Spriggs,Jason Spriggs,
Marcus,Spriggs,Marcus Spriggs,
Marcus,Spriggs,Marcus Spriggs,
Hal,Springer,Hal Springer,
Kirk,Springs,Kirk Springs,
Ron,Springs,Ron Springs,
Shawn,Springs,Shawn Springs,
Bill,Springsteen,Bill Springsteen,
Ed,Sprinkle+,Ed Sprinkle+,
Hugh,Sprinkle,Hugh Sprinkle,
Jeremy,Sprinkle,Jeremy Sprinkle,
Darren,Sproles,Darren Sproles,
Jimmy,Sprotte,Jimmy Sprotte,
Dennis,Sproul,Dennis Sproul,
Jim,Spruill,Jim Spruill,
Micheal,Spurlock,Micheal Spurlock,
Steve,Spurrier,Steve Spurrier,
Damion,Square,Damion Square,
Jack,Squirek,Jack Squirek,
Seaman,Squyres,Seaman Squyres,
Juste,,Juste ,
Ra,St.,Ra St.,
Equanimeous,St.,Equanimeous St.,
Bob,St.,Bob St.,
John,St.,John St.,
Mike,St.,Mike St.,
Ted,St.,Ted St.,
Len,St.,Len St.,
Herb,St.,Herb St.,
Brad,St.,Brad St.,
Tyree,St.,Tyree St.,
Brian,St.,Brian St.,
Jeremy,Staat,Jeremy Staat,
Brian,Stablein,Brian Stablein,
Ken,Stabler+,Ken Stabler+,
Ed,Stacco,Ed Stacco,
Dave,Stachelski,Dave Stachelski,
Ray,Stachowicz,Ray Stachowicz,
Rich,Stachowski,Rich Stachowski,
Charles,Stackhouse,Charles Stackhouse,
Jack,Stackpool,Jack Stackpool,
Billy,Stacy,Billy Stacy,
Red,Stacy,Red Stacy,
Siran,Stacy,Siran Stacy,
Zac,Stacy,Zac Stacy,
John,Stadnik,John Stadnik,
Spike,Staff,Spike Staff,
Daimion,Stafford,Daimion Stafford,
Dick,Stafford,Dick Stafford,
Harry,Stafford,Harry Stafford,
Matthew,Stafford,Matthew Stafford,
Jon,Staggers,Jon Staggers,
Jeff,Staggs,Jeff Staggs,
Jake,Stahl,Jake Stahl,
Dick,Stahlman,Dick Stahlman,
Brenden,Stai,Brenden Stai,
Isaiah,Stalbird,Isaiah Stalbird,
Jerry,Stalcup,Jerry Stalcup,
Bill,Staley,Bill Staley,
Duce,Staley,Duce Staley,
Joe,Staley,Joe Staley,
Dennis,Stallings,Dennis Stallings,
Don,Stallings,Don Stallings,
Larry,Stallings,Larry Stallings,
Ramondo,Stallings,Ramondo Stallings,
Robert,Stallings,Robert Stallings,
Tre,Stallings,Tre Stallings,
Dave,Stalls,Dave Stalls,
Stallworth,,Stallworth ,
John,Stallworth+,John Stallworth+,
Ron,Stallworth,Ron Stallworth,
Taylor,Stallworth,Taylor Stallworth,
Tim,Stallworth,Tim Stallworth,
Josh,Stamer,Josh Stamer,
John,Stamper,John Stamper,
Sylvester,Stamps,Sylvester Stamps,
Frank,Stams,Frank Stams,
Harry,Stanback,Harry Stanback,
Haskel,Stanback,Haskel Stanback,
Isaiah,Stanback,Isaiah Stanback,
Jeff,Stanciel,Jeff Stanciel,
John,Standeford,John Standeford,
Norm,Standlee,Norm Standlee,
Dick,Stanfel+,Dick Stanfel+,
Bill,Stanfill,Bill Stanfill,
Julian,Stanford,Julian Stanford,
R.J.,Stanford,R.J. Stanford,
Scott,Stankavage,Scott Stankavage,
Basil,Stanley,Basil Stanley,
C.B.,Stanley,C.B. Stanley,
Chad,Stanley,Chad Stanley,
Derek,Stanley,Derek Stanley,
Israel,Stanley,Israel Stanley,
Jayson,Stanley,Jayson Stanley,
Matt,Stanley,Matt Stanley,
Montavious,Stanley,Montavious Stanley,
Ronald,Stanley,Ronald Stanley,
Ronnie,Stanley,Ronnie Stanley,
Sylvester,Stanley,Sylvester Stanley,
Walter,Stanley,Walter Stanley,
Don,Stansauk,Don Stansauk,
Ed,Stansbury,Ed Stansbury,
Bill,Stanton,Bill Stanton,
Drew,Stanton,Drew Stanton,
Henry,Stanton,Henry Stanton,
Jack,Stanton,Jack Stanton,
Johnny,Stanton,Johnny Stanton,
Justin,Staples,Justin Staples,
Darnell,Stapleton,Darnell Stapleton,
Ken,Starch,Ken Starch,
Tony,Stargell,Tony Stargell,
Chad,Stark,Chad Stark,
Howard,Stark,Howard Stark,
Rohn,Stark,Rohn Stark,
George,Starke,George Starke,
Jason,Starkey,Jason Starkey,
Duane,Starks,Duane Starks,
James,Starks,James Starks,
Marshall,Starks,Marshall Starks,
Max,Starks,Max Starks,
Randy,Starks,Randy Starks,
Scott,Starks,Scott Starks,
Timothy,Starks,Timothy Starks,
Jawanza,Starling,Jawanza Starling,
Kendrick,Starling,Kendrick Starling,
John,Starnes,John Starnes,
Paul,Staroba,Paul Staroba,
Bart,Starr+,Bart Starr+,
Tyler,Starr,Tyler Starr,
Ben,Starret,Ben Starret,
Stephen,Starring,Stephen Starring,
Leo,Stasica,Leo Stasica,
Stan,Stasica,Stan Stasica,
Ralph,Staten,Ralph Staten,
Randy,Staten,Randy Staten,
Robert,Staten,Robert Staten,
Larry,Station,Larry Station,
Jim,Staton,Jim Staton,
Art,Statuto,Art Statuto,
Roger,Staubach+,Roger Staubach+,
Scott,Stauch,Scott Stauch,
Jason,Staurovsky,Jason Staurovsky,
Jerry,Stautberg,Jerry Stautberg,
Ernie,Stautner+,Ernie Stautner+,
Odell,Stautzenberger,Odell Stautzenberger,
Joe,Staysniak,Joe Staysniak,
John,Steber,John Steber,
Aaron,Stecker,Aaron Stecker,
Jordan,Steckler,Jordan Steckler,
Troy,Stedman,Troy Stedman,
Joel,Steed,Joel Steed,
Ben,Steele,Ben Steele,
Carson,Steele,Carson Steele,
Chuck,Steele,Chuck Steele,
Cliff,Steele,Cliff Steele,
Ernie,Steele,Ernie Steele,
Glen,Steele,Glen Steele,
Larry,Steele,Larry Steele,
Markus,Steele,Markus Steele,
Red,Steele,Red Steele,
Robert,Steele,Robert Steele,
Terence,Steele,Terence Steele,
Anthony,Steels,Anthony Steels,
Anthony,Steen,Anthony Steen,
Frank,Steen,Frank Steen,
Jim,Steen,Jim Steen,
Tyler,Steen,Tyler Steen,
Robert,Steeples,Robert Steeples,
Dick,Steere,Dick Steere,
Jim,Steffen,Jim Steffen,
Bob,Stefik,Bob Stefik,
Milt,Stegall,Milt Stegall,
Larry,Stegent,Larry Stegent,
Pete,Steger,Pete Steger,
Ron,Stehouwer,Ron Stehouwer,
Bill,Stein,Bill Stein,
Bob,Stein,Bob Stein,
Herb,Stein,Herb Stein,
Russ,Stein,Russ Stein,
Sammy,Stein,Sammy Stein,
Eric,Steinbach,Eric Steinbach,
Larry,Steinbach,Larry Steinbach,
Don,Steinbrunner,Don Steinbrunner,
Rebel,Steiner,Rebel Steiner,
Al,Steinfeld,Al Steinfeld,
Fred,Steinfort,Fred Steinfort,
Gil,Steinke,Gil Steinke,
Bill,Steinkemper,Bill Steinkemper,
Dean,Steinkuhler,Dean Steinkuhler,
David,Steinmetz,David Steinmetz,
Ken,Steinmetz,Ken Steinmetz,
Craig,Steltz,Craig Steltz,
Kevin,Stemke,Kevin Stemke,
Greg,Stemrick,Greg Stemrick,
Logan,Stenberg,Logan Stenberg,
Jan,Stenerud+,Jan Stenerud+,
Brian,Stenger,Brian Stenger,
Paul,Stenn,Paul Stenn,
Stud,Stennett,Stud Stennett,
Mike,Stensrud,Mike Stensrud,
Steve,Stenstrom,Steve Stenstrom,
Joe,Stepanek,Joe Stepanek,
Alex,Stepanovich,Alex Stepanovich,
Scott,Stephen,Scott Stephen,
Shamar,Stephen,Shamar Stephen,
Bill,Stephens,Bill Stephens,
Brandon,Stephens,Brandon Stephens,
Bruce,Stephens,Bruce Stephens,
Calvin,Stephens,Calvin Stephens,
Darnell,Stephens,Darnell Stephens,
Emmanuel,Stephens,Emmanuel Stephens,
Hal,Stephens,Hal Stephens,
Harold,Stephens,Harold Stephens,
Jamain,Stephens,Jamain Stephens,
John,Stephens,John Stephens,
Johnny,Stephens,Johnny Stephens,
Larry,Stephens,Larry Stephens,
Leonard,Stephens,Leonard Stephens,
Linden,Stephens,Linden Stephens,
Mac,Stephens,Mac Stephens,
Ray,Stephens,Ray Stephens,
Red,Stephens,Red Stephens,
Reggie,Stephens,Reggie Stephens,
Richard,Stephens,Richard Stephens,
Rod,Stephens,Rod Stephens,
Santo,Stephens,Santo Stephens,
Steve,Stephens,Steve Stephens,
Thomas,Stephens,Thomas Stephens,
Travis,Stephens,Travis Stephens,
Tremayne,Stephens,Tremayne Stephens,
Howling,,Howling ,
Dave,Stephenson,Dave Stephenson,
Donald,Stephenson,Donald Stephenson,
Dwight,Stephenson+,Dwight Stephenson+,
Kay,Stephenson,Kay Stephenson,
Mark,Stepnoski,Mark Stepnoski,
Mike,Steponovich,Mike Steponovich,
Tony,Steponovich,Tony Steponovich,
Jack,Steptoe,Jack Steptoe,
Syndric,Steptoe,Syndric Steptoe,
John,Sterling,John Sterling,
Neal,Sterling,Neal Sterling,
Dutch,Sternaman,Dutch Sternaman,
Joey,Sternaman,Joey Sternaman,
Jace,Sternberger,Jace Sternberger,
Caden,Sterns,Caden Sterns,
Gil,Sterr,Gil Sterr,
Zach,Sterup,Zach Sterup,
Bill,Stetz,Bill Stetz,
Bob,Steuber,Bob Steuber,
Todd,Steussie,Todd Steussie,
Billy,Stevens,Billy Stevens,
Craig,Stevens,Craig Stevens,
Dick,Stevens,Dick Stevens,
Don,Stevens,Don Stevens,
Howard,Stevens,Howard Stevens,
JaCoby,Stevens,JaCoby Stevens,
Jerramy,Stevens,Jerramy Stevens,
Larry,Stevens,Larry Stevens,
Mark,Stevens,Mark Stevens,
Matt,Stevens,Matt Stevens,
Matt,Stevens,Matt Stevens,
Pete,Stevens,Pete Stevens,
Tommy,Stevens,Tommy Stevens,
Art,Stevenson,Art Stevenson,
Dominique,Stevenson,Dominique Stevenson,
Mark,Stevenson,Mark Stevenson,
Mark,Stevenson,Mark Stevenson,
Marquez,Stevenson,Marquez Stevenson,
Ralph,Stevenson,Ralph Stevenson,
Rhamondre,Stevenson,Rhamondre Stevenson,
Ricky,Stevenson,Ricky Stevenson,
Tyrique,Stevenson,Tyrique Stevenson,
Norris,Steverson,Norris Steverson,
Dean,Steward,Dean Steward,
Reddy,Steward,Reddy Steward,
Tony,Steward,Tony Steward,
Andrew,Stewart,Andrew Stewart,
ArDarius,Stewart,ArDarius Stewart,
Charlie,Stewart,Charlie Stewart,
Curtis,Stewart,Curtis Stewart,
Daleroy,Stewart,Daleroy Stewart,
Darian,Stewart,Darian Stewart,
David,Stewart,David Stewart,
Grover,Stewart,Grover Stewart,
James,Stewart,James Stewart,
James,Stewart,James Stewart,
Jason,Stewart,Jason Stewart,
Jeremy,Stewart,Jeremy Stewart,
Jimmy,Stewart,Jimmy Stewart,
Joe,Stewart,Joe Stewart,
Jonathan,Stewart,Jonathan Stewart,
Kordell,Stewart,Kordell Stewart,
M.J.,Stewart,M.J. Stewart,
Mark,Stewart,Mark Stewart,
Matt,Stewart,Matt Stewart,
Michael,Stewart,Michael Stewart,
Quincy,Stewart,Quincy Stewart,
Ralph,Stewart,Ralph Stewart,
Rayna,Stewart,Rayna Stewart,
Ryan,Stewart,Ryan Stewart,
Steve,Stewart,Steve Stewart,
Tony,Stewart,Tony Stewart,
Vaughn,Stewart,Vaughn Stewart,
Wayne,Stewart,Wayne Stewart,
Easton,Stick,Easton Stick,
Clint,Stickdorn,Clint Stickdorn,
Walt,Stickel,Walt Stickel,
Monty,Stickles,Monty Stickles,
Howard,Stidham,Howard Stidham,
Jarrett,Stidham,Jarrett Stidham,
Dave,Stief,Dave Stief,
Jim,Stienke,Jim Stienke,
Terry,Stieve,Terry Stieve,
Jim,Stifler,Jim Stifler,
Jim,Stiger,Jim Stiger,
tez,Stiggers,tez Stiggers,
Art,Still,Art Still,
Bryan,Still,Bryan Still,
Devon,Still,Devon Still,
Jim,Still,Jim Still,
Tarheeb,Still,Tarheeb Still,
Ben,Stille,Ben Stille,
Dante,Stills,Dante Stills,
Gary,Stills,Gary Stills,
Ken,Stills,Ken Stills,
Kenny,Stills,Kenny Stills,
Roger,Stillwell,Roger Stillwell,
Jon,Stinchcomb,Jon Stinchcomb,
Matt,Stinchcomb,Matt Stinchcomb,
Pete,Stinchcomb,Pete Stinchcomb,
Thomas,Stincic,Thomas Stincic,
Byron,Stingily,Byron Stingily,
Darryl,Stingley,Darryl Stingley,
Derek,Stingley,Derek Stingley,
James,Stinnette,James Stinnette,
Aaron,Stinnie,Aaron Stinnie,
Ed,Stinson,Ed Stinson,
Lemuel,Stinson,Lemuel Stinson,
Carel,Stith,Carel Stith,
Howie,Stith,Howie Stith,
Shyrone,Stith,Shyrone Stith,
Bill,Stits,Bill Stits,
Clint,Stitser,Clint Stitser,
Bill,Stobbs,Bill Stobbs,
Herb,Stock,Herb Stock,
John,Stock,John Stock,
Mark,Stock,Mark Stock,
Ralph,Stockemer,Ralph Stockemer,
Luke,Stocker,Luke Stocker,
Hust,Stockton,Hust Stockton,
Mule,Stockton,Mule Stockton,
Eric,Stocz,Eric Stocz,
Earl,Stoecklein,Earl Stoecklein,
Terry,Stoepel,Terry Stoepel,
Clint,Stoerner,Clint Stoerner,
John,Stofa,John Stofa,
Ken,Stofer,Ken Stofer,
Ed,Stofko,Ed Stofko,
Frank,Stojack,Frank Stojack,
Barry,Stokes,Barry Stokes,
Dixie,Stokes,Dixie Stokes,
Eric,Stokes,Eric Stokes,
Eric,Stokes,Eric Stokes,
Eric,Stokes,Eric Stokes,
Fred,Stokes,Fred Stokes,
J.J.,Stokes,J.J. Stokes,
Jesse,Stokes,Jesse Stokes,
Sims,Stokes,Sims Stokes,
Tim,Stokes,Tim Stokes,
Brandon,Stokley,Brandon Stokley,
Anton,Stolfa,Anton Stolfa,
Tom,Stolhandske,Tom Stolhandske,
Chris,Stoll,Chris Stoll,
Jack,Stoll,Jack Stoll,
Bryan,Stoltenberg,Bryan Stoltenberg,
Avatus,Stone,Avatus Stone,
Billy,Stone,Billy Stone,
Daren,Stone,Daren Stone,
Donnie,Stone,Donnie Stone,
Dwight,Stone,Dwight Stone,
Geno,Stone,Geno Stone,
Jack,Stone,Jack Stone,
James,Stone,James Stone,
John,Stone,John Stone,
Ken,Stone,Ken Stone,
Michael,Stone,Michael Stone,
Ron,Stone,Ron Stone,
John,Stonebraker,John Stonebraker,
Mike,Stonebreaker,Mike Stonebreaker,
Steve,Stonebreaker,Steve Stonebreaker,
Jake,Stoneburner,Jake Stoneburner,
Ryan,Stonehouse,Ryan Stonehouse,
Dillon,Stoner,Dillon Stoner,
Don,Stonesifer,Don Stonesifer,
Mike,Stoops,Mike Stoops,
Byron,Storer,Byron Storer,
Jack,Storer,Jack Storer,
Bryan,Stork,Bryan Stork,
Ed,Storm,Ed Storm,
Greg,Storr,Greg Storr,
Bill,Story,Bill Story,
Erik,Storz,Erik Storz,
Hal,Stotsbery,Hal Stotsbery,
Richard,Stotter,Richard Stotter,
Cliff,Stoudt,Cliff Stoudt,
Kelly,Stouffer,Kelly Stouffer,
Glen,Stough,Glen Stough,
Jordan,Stout,Jordan Stout,
Pete,Stout,Pete Stout,
Omar,Stoutmire,Omar Stoutmire,
Dick,Stovall,Dick Stovall,
Jerry,Stovall,Jerry Stovall,
Maurice,Stovall,Maurice Stovall,
Cade,Stover,Cade Stover,
Jeff,Stover,Jeff Stover,
Matt,Stover,Matt Stover,
Smokey,Stover,Smokey Stover,
Otto,Stowe,Otto Stowe,
Tyronne,Stowe,Tyronne Stowe,
Tommie,Stowers,Tommie Stowers,
Pete,Stoyanovich,Pete Stoyanovich,
Connor,Strachan,Connor Strachan,
Mike,Strachan,Mike Strachan,
Mike,Strachan,Mike Strachan,
Steve,Strachan,Steve Strachan,
Charlie,Strack,Charlie Strack,
Tim,Stracka,Tim Stracka,
John,Strada,John Strada,
Red,Strader,Red Strader,
Troy,Stradford,Troy Stradford,
Art,Strahan,Art Strahan,
Michael,Strahan+,Michael Strahan+,
Derrick,Strait,Derrick Strait,
Clem,Stralka,Clem Stralka,
Mike,Stramiello,Mike Stramiello,
Eli,Strand,Eli Strand,
Leif,Strand,Leif Strand,
Brenton,Strange,Brenton Strange,
Cole,Strange,Cole Strange,
Bob,Stransky,Bob Stransky,
Dutch,Strassner,Dutch Strassner,
Mike,Stratton,Mike Stratton,
Jimmy,Strausbaugh,Jimmy Strausbaugh,
Dutch,Strauss,Dutch Strauss,
Thomas,Strauthers,Thomas Strauthers,
Don,Straw,Don Straw,
Les,Strayhorn,Les Strayhorn,
Eric,Streater,Eric Streater,
Rod,Streater,Rod Streater,
Devin,Street,Devin Street,
Kentavius,Street,Kentavius Street,
George,Streeter,George Streeter,
Tommy,Streeter,Tommy Streeter,
Tai,Streets,Tai Streets,
Rich,Strenger,Rich Strenger,
Chris,Streveler,Chris Streveler,
Bill,Stribling,Bill Stribling,
Tony,Stricker,Tony Stricker,
Bill,Strickland,Bill Strickland,
Bishop,Strickland,Bishop Strickland,
Dave,Strickland,Dave Strickland,
Donald,Strickland,Donald Strickland,
Fred,Strickland,Fred Strickland,
Larry,Strickland,Larry Strickland,
Loren,Strickland,Loren Strickland,
Zach,Strief,Zach Strief,
Bill,Striegel,Bill Striegel,
Art,Stringer,Art Stringer,
Bob,Stringer,Bob Stringer,
Gene,Stringer,Gene Stringer,
Korey,Stringer,Korey Stringer,
Scott,Stringer,Scott Stringer,
Hal,Stringert,Hal Stringert,
Joe,Stringfellow,Joe Stringfellow,
Justin,Strnad,Justin Strnad,
Don,Strock,Don Strock,
Woody,Strode,Woody Strode,
Mike,Strofolino,Mike Strofolino,
George,Strohmeyer,George Strohmeyer,
Frank,Strom,Frank Strom,
Rick,Strom,Rick Strom,
Greg,Stroman,Greg Stroman,
Michael,Stromberg,Michael Stromberg,
Ricky,Stromberg,Ricky Stromberg,
Darrell,Strong,Darrell Strong,
Frank,Strong,Frank Strong,
Jaelen,Strong,Jaelen Strong,
Jim,Strong,Jim Strong,
Ken,Strong+,Ken Strong+,
Kevin,Strong,Kevin Strong,
Mack,Strong,Mack Strong,
Pierre,Strong,Pierre Strong,
Ray,Strong,Ray Strong,
William,Strong,William Strong,
James,Stroschein,James Stroschein,
Aubrey,Strosnider,Aubrey Strosnider,
Vince,Stroth,Vince Stroth,
Billy,Strother,Billy Strother,
Deon,Strother,Deon Strother,
C.J.,Stroud,C.J. Stroud,
Jack,Stroud,Jack Stroud,
Marcus,Stroud,Marcus Stroud,
Morris,Stroud,Morris Stroud,
Sammie,Stroughter,Sammie Stroughter,
Jason,Strowbridge,Jason Strowbridge,
Art,Strozier,Art Strozier,
Wilbur,Strozier,Wilbur Strozier,
George,Strugar,George Strugar,
Art,Strutt,Art Strutt,
Dan,Stryzinski,Dan Stryzinski,
Justin,Strzelczyk,Justin Strzelczyk,
Johnny,Strzykalski,Johnny Strzykalski,
Grant,Stuard,Grant Stuard,
Jim,Stuart,Jim Stuart,
Roy,Stuart,Roy Stuart,
Dana,Stubblefield,Dana Stubblefield,
Danny,Stubbs,Danny Stubbs,
Chansi,Stuckey,Chansi Stuckey,
Darrell,Stuckey,Darrell Stuckey,
Henry,Stuckey,Henry Stuckey,
Jim,Stuckey,Jim Stuckey,
Shawn,Stuckey,Shawn Stuckey,
Mark,Studaway,Mark Studaway,
Dave,Studdard,Dave Studdard,
Kasey,Studdard,Kasey Studdard,
Les,Studdard,Les Studdard,
Vern,Studdard,Vern Studdard,
Andy,Studebaker,Andy Studebaker,
Darren,Studstill,Darren Studstill,
Pat,Studstill,Pat Studstill,
Scott,Studwell,Scott Studwell,
Andrew,Stueber,Andrew Stueber,
Mel,Stuessy,Mel Stuessy,
Harry,Stuhldreher,Harry Stuhldreher,
Charlie,Stukes,Charlie Stukes,
Jonathan,Stupar,Jonathan Stupar,
Nathan,Stupar,Nathan Stupar,
Cecil,Sturgeon,Cecil Sturgeon,
Lyle,Sturgeon,Lyle Sturgeon,
Caleb,Sturgis,Caleb Sturgis,
Oscar,Sturgis,Oscar Sturgis,
Jerry,Sturm,Jerry Sturm,
Fred,Sturt,Fred Sturt,
Dick,Sturtridge,Dick Sturtridge,
Boone,Stutz,Boone Stutz,
Russell,Stuvaints,Russell Stuvaints,
Joe,Stydahar+,Joe Stydahar+,
Lorenzo,Styles,Lorenzo Styles,
Andy,Stynchula,Andy Stynchula,
Filo,,Filo ,
Nicky,Sualua,Nicky Sualua,
Kingsley,Suamataia,Kingsley Suamataia,
Nick,Subis,Nick Subis,
Ryan,Succop,Ryan Succop,
Larry,Suchy,Larry Suchy,
Paul,Suchy,Paul Suchy,
Bob,Suci,Bob Suci,
Steve,Sucic,Steve Sucic,
Nate,Sudfeld,Nate Sudfeld,
Zach,Sudfeld,Zach Sudfeld,
Ray,Suess,Ray Suess,
Bob,Suffridge,Bob Suffridge,
Leo,Sugar,Leo Sugar,
Lee,Suggs,Lee Suggs,
Shafer,Suggs,Shafer Suggs,
Terrell,Suggs,Terrell Suggs,
Walt,Suggs,Walt Suggs,
Ndamukong,Suh,Ndamukong Suh,
Matt,Suhey,Matt Suhey,
Steve,Suhey,Steve Suhey,
Shaun,Suisham,Shaun Suisham,
Joe,Sulaitis,Joe Sulaitis,
Alex,Sulfsted,Alex Sulfsted,
George,Sulima,George Sulima,
John,Sullins,John Sullins,
Sullivan,,Sullivan ,
Bob,Sullivan,Bob Sullivan,
Bob,Sullivan,Bob Sullivan,
Carl,Sullivan,Carl Sullivan,
Chandon,Sullivan,Chandon Sullivan,
Chris,Sullivan,Chris Sullivan,
Dan,Sullivan,Dan Sullivan,
Dave,Sullivan,Dave Sullivan,
Frank,Sullivan,Frank Sullivan,
George,Sullivan,George Sullivan,
George,Sullivan,George Sullivan,
Gerry,Sullivan,Gerry Sullivan,
Hew,Sullivan,Hew Sullivan,
Jack,Sullivan,Jack Sullivan,
Jack,Sullivan,Jack Sullivan,
Jim,Sullivan,Jim Sullivan,
John,Sullivan,John Sullivan,
John,Sullivan,John Sullivan,
John,Sullivan,John Sullivan,
Johnathan,Sullivan,Johnathan Sullivan,
Kent,Sullivan,Kent Sullivan,
Marques,Sullivan,Marques Sullivan,
Mike,Sullivan,Mike Sullivan,
Pat,Sullivan,Pat Sullivan,
Stephen,Sullivan,Stephen Sullivan,
Steve,Sullivan,Steve Sullivan,
Tom,Sullivan,Tom Sullivan,
Tre,Sullivan,Tre Sullivan,
Ivory,Sully,Ivory Sully,
Dave,Suminski,Dave Suminski,
Tony,Sumler,Tony Sumler,
Pat,Summerall,Pat Summerall,
Carl,Summerell,Carl Summerell,
Bob,Summerhays,Bob Summerhays,
Don,Summers,Don Summers,
Frank,Summers,Frank Summers,
Freddie,Summers,Freddie Summers,
Jim,Summers,Jim Summers,
Ty,Summers,Ty Summers,
Wilbur,Summers,Wilbur Summers,
Charlie,Sumner,Charlie Sumner,
Walt,Sumner,Walt Sumner,
Tony,Sumpter,Tony Sumpter,
Rex,Sunahara,Rex Sunahara,
Nick,Sundberg,Nick Sundberg,
Milt,Sunde,Milt Sunde,
Jalen,Sundell,Jalen Sundell,
Vinnie,Sunseri,Vinnie Sunseri,
Ian,Sunter,Ian Sunter,
Steve,Superick,Steve Superick,
Kywin,Supernaw,Kywin Supernaw,
Phillip,Supernaw,Phillip Supernaw,
Len,Supulski,Len Supulski,
Chazz,Surratt,Chazz Surratt,
Patrick,Surtain,Patrick Surtain,
Patrick,Surtain,Patrick Surtain,
Nick,Susoeff,Nick Susoeff,
Ed,Sustersic,Ed Sustersic,
George,Sutch,George Sutch,
Don,Sutherin,Don Sutherin,
Doug,Sutherland,Doug Sutherland,
Keaton,Sutherland,Keaton Sutherland,
Vinny,Sutherland,Vinny Sutherland,
John,Sutro,John Sutro,
Eddie,Sutter,Eddie Sutter,
Ryan,Sutter,Ryan Sutter,
Jason,Suttle,Jason Suttle,
Archie,Sutton,Archie Sutton,
Cameron,Sutton,Cameron Sutton,
Courtland,Sutton,Courtland Sutton,
Ed,Sutton,Ed Sutton,
Eric,Sutton,Eric Sutton,
Frank,Sutton,Frank Sutton,
Joe,Sutton,Joe Sutton,
Jon,Sutton,Jon Sutton,
Mickey,Sutton,Mickey Sutton,
Mickey,Sutton,Mickey Sutton,
Mike,Sutton,Mike Sutton,
Mitch,Sutton,Mitch Sutton,
Reggie,Sutton,Reggie Sutton,
Ricky,Sutton,Ricky Sutton,
Tyrell,Sutton,Tyrell Sutton,
Will,Sutton,Will Sutton,
Harland,Svare,Harland Svare,
Bud,Svendsen,Bud Svendsen,
George,Svendsen,George Svendsen,
Paul,Sverchek,Paul Sverchek,
Bob,Svihus,Bob Svihus,
Will,Svitek,Will Svitek,
Bill,Svoboda,Bill Svoboda,
Geoff,Swaim,Geoff Swaim,
Al,Swain,Al Swain,
Bill,Swain,Bill Swain,
Brett,Swain,Brett Swain,
Freddie,Swain,Freddie Swain,
John,Swain,John Swain,
Russ,Swan,Russ Swan,
Bill,Swancutt,Bill Swancutt,
Karl,Swanke,Karl Swanke,
Charles,Swann,Charles Swann,
Damian,Swann,Damian Swann,
Eric,Swann,Eric Swann,
Lynn,Swann+,Lynn Swann+,
Eric,Swanson,Eric Swanson,
Evar,Swanson,Evar Swanson,
Pete,Swanson,Pete Swanson,
Shane,Swanson,Shane Swanson,
Terry,Swanson,Terry Swanson,
Travis,Swanson,Travis Swanson,
George,Swarn,George Swarn,
Gregg,Swartwoudt,Gregg Swartwoudt,
Richard,Swatland,Richard Swatland,
Shawn,Swayda,Shawn Swayda,
Harry,Swayne,Harry Swayne,
Kevin,Swayne,Kevin Swayne,
D.J.,Swearinger,D.J. Swearinger,
Josh,Sweat,Josh Sweat,
Montez,Sweat,Montez Sweat,
Vondre,Sweat,Vondre Sweat,
Limas,Sweed,Limas Sweed,
Calvin,Sweeney,Calvin Sweeney,
Jake,Sweeney,Jake Sweeney,
Jim,Sweeney,Jim Sweeney,
Kevin,Sweeney,Kevin Sweeney,
Neal,Sweeney,Neal Sweeney,
Steve,Sweeney,Steve Sweeney,
Tommy,Sweeney,Tommy Sweeney,
Walt,Sweeney,Walt Sweeney,
Fred,Sweet,Fred Sweet,
Joe,Sweet,Joe Sweet,
Tony,Sweet,Tony Sweet,
Karl,Sweetan,Karl Sweetan,
Rod,Sweeting,Rod Sweeting,
Fred,Sweetland,Fred Sweetland,
J.R.,Sweezy,J.R. Sweezy,
Bob,Sweiger,Bob Sweiger,
Bob,Swenson,Bob Swenson,
Bill,Swiacki,Bill Swiacki,
Phil,Swiadon,Phil Swiadon,
Larry,Swider,Larry Swider,
Andre,Swift,Andre Swift,
Doug,Swift,Doug Swift,
Justin,Swift,Justin Swift,
Michael,Swift,Michael Swift,
Dennis,Swilley,Dennis Swilley,
Pat,Swilling,Pat Swilling,
Tre,Swilling,Tre Swilling,
Erwin,Swiney,Erwin Swiney,
Wayne,Swinford,Wayne Swinford,
Rashod,Swinger,Rashod Swinger,
Jim,Swink,Jim Swink,
Clovis,Swinney,Clovis Swinney,
Reggie,Swinton,Reggie Swinton,
Bob,Swisher,Bob Swisher,
Mike,Swistowicz,Mike Swistowicz,
Marvin,Switzer,Marvin Switzer,
Ryan,Switzer,Ryan Switzer,
Veryl,Switzer,Veryl Switzer,
Craig,Swoope,Craig Swoope,
Erik,Swoope,Erik Swoope,
Pat,Swoopes,Pat Swoopes,
Tyrone,Swoopes,Tyrone Swoopes,
Sam,Sword,Sam Sword,
Jeff,Sydner,Jeff Sydner,
Harry,Sydney,Harry Sydney,
Willie,Sydnor,Willie Sydnor,
Alfred,Sykes,Alfred Sykes,
Bob,Sykes,Bob Sykes,
Eugene,Sykes,Eugene Sykes,
Jashon,Sykes,Jashon Sykes,
Joe,Sykes,Joe Sykes,
John,Sykes,John Sykes,
Rudy,Sylvan,Rudy Sylvan,
John,Sylvester,John Sylvester,
Steve,Sylvester,Steve Sylvester,
Stevenson,Sylvester,Stevenson Sylvester,
John,Symank,John Symank,
Josh,Symonette,Josh Symonette,
John,Synhorst,John Synhorst,
Quinn,Sypniewski,Quinn Sypniewski,
Stan,Sytsma,Stan Sytsma,
J.J.,Syvrud,J.J. Syvrud,
Len,Szafaryn,Len Szafaryn,
Paul,Szakash,Paul Szakash,
Thatcher,Szalay,Thatcher Szalay,
Rich,Szaro,Rich Szaro,
Joe,Szczecko,Joe Szczecko,
Walt,Szot,Walt Szot,
Dave,Szott,Dave Szott,
Dave,Szymakowski,Dave Szymakowski,
Dick,Szymanski,Dick Szymanski,
Frank,Szymanski,Frank Szymanski,
Jim,Szymanski,Jim Szymanski,
amu,,amu ,
ou,,ou ,
Paul,Tabor,Paul Tabor,
Phil,Tabor,Phil Tabor,
Teez,Tabor,Teez Tabor,
Doyle,Tackett,Doyle Tackett,
Cookie,Tackwell,Cookie Tackwell,
Joe,Taffoni,Joe Taffoni,
Joe,Tafoya,Joe Tafoya,
Jerry,Tagge,Jerry Tagge,
John,Tagliaferri,John Tagliaferri,
Tua,Tagovailoa,Tua Tagovailoa,
Naufahu,Tahi,Naufahu Tahi,
Joe,Taibi,Joe Taibi,
Taki,Taimani,Taki Taimani,
Art,Tait,Art Tait,
John,Tait,John Tait,
Sione,Takitaki,Sione Takitaki,
Bob,Talamini,Bob Talamini,
Kelly,Talavou,Kelly Talavou,
Diron,Talbert,Diron Talbert,
Don,Talbert,Don Talbert,
John,Talbot,John Talbot,
Jim,Talbott,Jim Talbott,
Don,Talcott,Don Talcott,
George,Taliaferro,George Taliaferro,
Lorenzo,Taliaferro,Lorenzo Taliaferro,
Mike,Taliaferro,Mike Taliaferro,
Aqib,Talib,Aqib Talib,
Dave,Tallant,Dave Tallant,
Ben,Talley,Ben Talley,
Darryl,Talley,Darryl Talley,
John,Talley,John Talley,
Julian,Talley,Julian Talley,
Ronald,Talley,Ronald Talley,
Stan,Talley,Stan Talley,
Charlie,Tallman,Charlie Tallman,
Ken,Talton,Ken Talton,
Tyree,Talton,Tyree Talton,
Ben,Tamburello,Ben Tamburello,
Sam,Tamburo,Sam Tamburo,
Ralph,Tamm,Ralph Tamm,
Jacob,Tamme,Jacob Tamme,
T.J.,Tampa,T.J. Tampa,
George,Tandy,George Tandy,
Keith,Tandy,Keith Tandy,
Bill,Tanguay,Bill Tanguay,
Cordrea,Tankersley,Cordrea Tankersley,
Ryan,Tannehill,Ryan Tannehill,
Steve,Tannen,Steve Tannen,
Barron,Tanner,Barron Tanner,
Bob,Tanner,Bob Tanner,
Hamp,Tanner,Hamp Tanner,
John,Tanner,John Tanner,
John,Tanner,John Tanner,
Phillip,Tanner,Phillip Tanner,
Alex,Tanney,Alex Tanney,
Jay,Tant,Jay Tant,
Maa,Tanuvasa,Maa Tanuvasa,
Thomas,Tapeh,Thomas Tapeh,
Darryl,Tapp,Darryl Tapp,
Charles,Tapper,Charles Tapper,
George,Tarasovic,George Tarasovic,
Bruce,Tarbox,Bruce Tarbox,
Richard,Tardits,Richard Tardits,
Fran,Tarkenton+,Fran Tarkenton+,
Jim,Tarle,Jim Tarle,
Jeff,Tarpinian,Jeff Tarpinian,
A.J.,Tarpley,A.J. Tarpley,
Jerry,Tarr,Jerry Tarr,
Jim,Tarr,Jim Tarr,
Bob,Tarrant,Bob Tarrant,
Jimmy,Tarrant,Jimmy Tarrant,
Teair,Tart,Teair Tart,
Jaquiski,Tartt,Jaquiski Tartt,
John,Tarver,John Tarver,
Carl,Taseff,Carl Taseff,
Pasoni,Tasini,Pasoni Tasini,
Steve,Tasker,Steve Tasker,
Damon,Tassos,Damon Tassos,
Bob,Tatarek,Bob Tatarek,
Auden,Tate,Auden Tate,
Ben,Tate,Ben Tate,
Brandon,Tate,Brandon Tate,
David,Tate,David Tate,
Franklin,Tate,Franklin Tate,
Golden,Tate,Golden Tate,
John,Tate,John Tate,
Lars,Tate,Lars Tate,
Robert,Tate,Robert Tate,
Rodney,Tate,Rodney Tate,
Willy,Tate,Willy Tate,
Pete,Tatman,Pete Tatman,
Jack,Tatum,Jack Tatum,
Jess,Tatum,Jess Tatum,
Kinnon,Tatum,Kinnon Tatum,
Lofa,Tatupu,Lofa Tatupu,
Mosi,Tatupu,Mosi Tatupu,
Josiah,Tauaefa,Josiah Tauaefa,
Biff,Taugher,Biff Taugher,
Pita,Taumoepenu,Pita Taumoepenu,
Terry,Tausch,Terry Tausch,
Mark,Tauscher,Mark Tauscher,
Junior,Tautalatasi,Junior Tautalatasi,
John,Tautolo,John Tautolo,
Terry,Tautolo,Terry Tautolo,
J.R.,Tavai,J.R. Tavai,
Jahlani,Tavai,Jahlani Tavai,
Giorgio,Tavecchio,Giorgio Tavecchio,
John,Tavener,John Tavener,
Josh,Taves,Josh Taves,
Aaron,Taylor,Aaron Taylor,
Adarius,Taylor,Adarius Taylor,
Alontae,Taylor,Alontae Taylor,
Alphonso,Taylor,Alphonso Taylor,
Altie,Taylor,Altie Taylor,
Ben,Taylor,Ben Taylor,
Billy,Taylor,Billy Taylor,
Bob,Taylor,Bob Taylor,
Bobby,Taylor,Bobby Taylor,
Brandon,Taylor,Brandon Taylor,
Brian,Taylor,Brian Taylor,
Bruce,Taylor,Bruce Taylor,
Charley,Taylor+,Charley Taylor+,
Chester,Taylor,Chester Taylor,
Chris,Taylor,Chris Taylor,
Chuck,Taylor,Chuck Taylor,
Chuck,Taylor,Chuck Taylor,
Cliff,Taylor,Cliff Taylor,
Cooper,Taylor,Cooper Taylor,
Cordell,Taylor,Cordell Taylor,
Corky,Taylor,Corky Taylor,
Courtney,Taylor,Courtney Taylor,
Craig,Taylor,Craig Taylor,
Curtis,Taylor,Curtis Taylor,
Darrell,Taylor,Darrell Taylor,
Dave,Taylor,Dave Taylor,
Davion,Taylor,Davion Taylor,
Demetrius,Taylor,Demetrius Taylor,
Derrick,Taylor,Derrick Taylor,
Devin,Taylor,Devin Taylor,
Ed,Taylor,Ed Taylor,
Eric,Taylor,Eric Taylor,
Erk,Taylor,Erk Taylor,
Fred,Taylor,Fred Taylor,
Gene,Taylor,Gene Taylor,
Greg,Taylor,Greg Taylor,
Henry,Taylor,Henry Taylor,
Herbert,Taylor,Herbert Taylor,
Hilee,Taylor,Hilee Taylor,
Hosea,Taylor,Hosea Taylor,
Hugh,Taylor,Hugh Taylor,
Ike,Taylor,Ike Taylor,
J.J.,Taylor,J.J. Taylor,
J.T.,Taylor,J.T. Taylor,
Sir,Taylor,Sir Taylor,
Jamaar,Taylor,Jamaar Taylor,
Jamar,Taylor,Jamar Taylor,
Jason,Taylor+,Jason Taylor+,
Jason,Taylor,Jason Taylor,
Jawaan,Taylor,Jawaan Taylor,
Jay,Taylor,Jay Taylor,
Jay,Taylor,Jay Taylor,
Jesse,Taylor,Jesse Taylor,
Jim,Taylor,Jim Taylor,
Jim,Taylor+,Jim Taylor+,
Jim,Bob,Jim Bob,
Joe,Taylor,Joe Taylor,
John,Taylor,John Taylor,
Johnny,Taylor,Johnny Taylor,
Jonathan,Taylor,Jonathan Taylor,
Jordan,Taylor,Jordan Taylor,
Jullian,Taylor,Jullian Taylor,
Keith,Taylor,Keith Taylor,
Keith,Taylor,Keith Taylor,
Ken,Taylor,Ken Taylor,
Kerry,Taylor,Kerry Taylor,
Kitrick,Taylor,Kitrick Taylor,
Lane,Taylor,Lane Taylor,
Lawrence,Taylor+,Lawrence Taylor+,
Leland,Taylor,Leland Taylor,
Lenny,Taylor,Lenny Taylor,
Leonard,Taylor,Leonard Taylor,
Lionel,Taylor,Lionel Taylor,
Malcolm,Taylor,Malcolm Taylor,
Malik,Taylor,Malik Taylor,
Michael,Taylor,Michael Taylor,
Mike,Taylor,Mike Taylor,
Otis,Taylor,Otis Taylor,
Patrick,Taylor,Patrick Taylor,
Phil,Taylor,Phil Taylor,
Reese,Taylor,Reese Taylor,
Rob,Taylor,Rob Taylor,
Roger,Taylor,Roger Taylor,
Rosey,Taylor,Rosey Taylor,
Ryan,Taylor,Ryan Taylor,
Ryan,Taylor,Ryan Taylor,
Sammie,Taylor,Sammie Taylor,
Sean,Taylor,Sean Taylor,
Shakial,Taylor,Shakial Taylor,
Shannon,Taylor,Shannon Taylor,
Stepfan,Taylor,Stepfan Taylor,
Steve,Taylor,Steve Taylor,
Tarzan,Taylor,Tarzan Taylor,
Taywan,Taylor,Taywan Taylor,
Terry,Taylor,Terry Taylor,
Tom,Taylor,Tom Taylor,
Tony,Taylor,Tony Taylor,
Tony,Taylor,Tony Taylor,
Tory,Taylor,Tory Taylor,
Travis,Taylor,Travis Taylor,
Trent,Taylor,Trent Taylor,
Trey,Taylor,Trey Taylor,
Troy,Taylor,Troy Taylor,
Tyrod,Taylor,Tyrod Taylor,
Vincent,Taylor,Vincent Taylor,
Willie,Taylor,Willie Taylor,
Britt,,Britt ,
Demerson,,Demerson ,
Prioleau,,Prioleau ,
Jimmy,Tays,Jimmy Tays,
o,,o ,
Nesheim,,Nesheim ,
Guy,Teafatiller,Guy Teafatiller,
George,Teague,George Teague,
Matthew,Teague,Matthew Teague,
Pat,Teague,Pat Teague,
Trey,Teague,Trey Teague,
Jim,Teal,Jim Teal,
Jimmy,Teal,Jimmy Teal,
Quinton,Teal,Quinton Teal,
Willie,Teal,Willie Teal,
Roderic,Teamer,Roderic Teamer,
Larry,Tearry,Larry Tearry,
Gus,Tebell,Gus Tebell,
Tim,Tebow,Tim Tebow,
Sam,Tecklenburg,Sam Tecklenburg,
John,Teerlinck,John Teerlinck,
Al,Teeter,Al Teeter,
Mike,Teeter,Mike Teeter,
Len,Teeuws,Len Teeuws,
Lance,Teichelman,Lance Teichelman,
Mike,Teifke,Mike Teifke,
Randall,Telfer,Randall Telfer,
Kadeem,Telfort,Kadeem Telfort,
Marvell,Tell,Marvell Tell,
Wyatt,Teller,Wyatt Teller,
John,Teltschik,John Teltschik,
Jim,Temp,Jim Temp,
Mark,Temple,Mark Temple,
Garth,Ten,Garth Ten,
Matt,Tennant,Matt Tennant,
Derek,Tennell,Derek Tennell,
Bob,Tenner,Bob Tenner,
Steve,Tensi,Steve Tensi,
Luke,Tenuta,Luke Tenuta,
Lou,Tepe,Lou Tepe,
Mike,Tepper,Mike Tepper,
Scott,Tercero,Scott Tercero,
Tony,Teresa,Tony Teresa,
Joe,Tereshinski,Joe Tereshinski,
George,Terlep,George Terlep,
AJ,Terrell,AJ Terrell,
Claude,Terrell,Claude Terrell,
Daryl,Terrell,Daryl Terrell,
David,Terrell,David Terrell,
David,Terrell,David Terrell,
Marvin,Terrell,Marvin Terrell,
Pat,Terrell,Pat Terrell,
Ray,Terrell,Ray Terrell,
Steven,Terrell,Steven Terrell,
Craig,Terrill,Craig Terrill,
Adam,Terry,Adam Terry,
Chris,Terry,Chris Terry,
Corey,Terry,Corey Terry,
Doug,Terry,Doug Terry,
Jeb,Terry,Jeb Terry,
Joe,Terry,Joe Terry,
Nat,Terry,Nat Terry,
Rick,Terry,Rick Terry,
Ryan,Terry,Ryan Terry,
Tim,Terry,Tim Terry,
Rudy,Tersch,Rudy Tersch,
Ray,Tesser,Ray Tesser,
Vinny,Testaverde,Vinny Testaverde,
Don,Testerman,Don Testerman,
Deral,Teteak,Deral Teteak,
Martin,Tevaseu,Martin Tevaseu,
Sam,Tevi,Sam Tevi,
Lee,Tevis,Lee Tevis,
Lowell,Tew,Lowell Tew,
Al,Thacker,Al Thacker,
Corky,Tharp,Corky Tharp,
Larry,Tharpe,Larry Tharpe,
Richard,Tharpe,Richard Tharpe,
Galand,Thaxton,Galand Thaxton,
Jim,Thaxton,Jim Thaxton,
Harry,Thayer,Harry Thayer,
Tom,Thayer,Tom Thayer,
Joe,Theismann,Joe Theismann,
Ryan,Thelwell,Ryan Thelwell,
Harry,Theofiledes,Harry Theofiledes,
Robenson,Therezie,Robenson Therezie,
John,Theus,John Theus,
Jim,Thibaut,Jim Thibaut,
Jim,Thibert,Jim Thibert,
Kayvon,Thibodeaux,Kayvon Thibodeaux,
Keith,Thibodeaux,Keith Thibodeaux,
Dutch,Thiele,Dutch Thiele,
R.C.,Thielemann,R.C. Thielemann,
Adam,Thielen,Adam Thielen,
Karl,Thielscher,Karl Thielscher,
John,Thierry,John Thierry,
Marcus,Thigpen,Marcus Thigpen,
Tyler,Thigpen,Tyler Thigpen,
Yancey,Thigpen,Yancey Thigpen,
A.J.,Thomas,A.J. Thomas,
Aaron,Thomas,Aaron Thomas,
Adalius,Thomas,Adalius Thomas,
Ahmad,Thomas,Ahmad Thomas,
Ambry,Thomas,Ambry Thomas,
Andre,Thomas,Andre Thomas,
Andrew,Thomas,Andrew Thomas,
Anthony,Thomas,Anthony Thomas,
Ben,Thomas,Ben Thomas,
Bill,Thomas,Bill Thomas,
Blair,Thomas,Blair Thomas,
Bob,Thomas,Bob Thomas,
Bob,Thomas,Bob Thomas,
Brayden,Thomas,Brayden Thomas,
Brian,Thomas,Brian Thomas,
Broderick,Thomas,Broderick Thomas,
Bryan,Thomas,Bryan Thomas,
Cal,Thomas,Cal Thomas,
Calvin,Thomas,Calvin Thomas,
Cam,Thomas,Cam Thomas,
Cameron,Thomas,Cameron Thomas,
Carl,Thomas,Carl Thomas,
Carlton,Thomas,Carlton Thomas,
Chad,Thomas,Chad Thomas,
Charlie,Thomas,Charlie Thomas,
Charlie,Thomas,Charlie Thomas,
Chase,Thomas,Chase Thomas,
Chris,Thomas,Chris Thomas,
Chuck,Thomas,Chuck Thomas,
Clendon,Thomas,Clendon Thomas,
Corey,Thomas,Corey Thomas,
Cornell,Thomas,Cornell Thomas,
Curtland,Thomas,Curtland Thomas,
Dallas,Thomas,Dallas Thomas,
Damon,Thomas,Damon Thomas,
Daniel,Thomas,Daniel Thomas,
Daniel,Thomas,Daniel Thomas,
Dave,Thomas,Dave Thomas,
David,Thomas,David Thomas,
Anthony,Thomas,Anthony Thomas,
Dee,Thomas,Dee Thomas,
Demaryius,Thomas,Demaryius Thomas,
Derrick,Thomas,Derrick Thomas,
Derrick,Thomas+,Derrick Thomas+,
Devin,Thomas,Devin Thomas,
Donald,Thomas,Donald Thomas,
Donnie,Thomas,Donnie Thomas,
Dontarrious,Thomas,Dontarrious Thomas,
Doug,Thomas,Doug Thomas,
Drake,Thomas,Drake Thomas,
Duane,Thomas,Duane Thomas,
Dymonte,Thomas,Dymonte Thomas,
Earl,Thomas,Earl Thomas,
Earl,Thomas,Earl Thomas,
Earlie,Thomas,Earlie Thomas,
Ed,Thomas,Ed Thomas,
Edward,Thomas,Edward Thomas,
Emmitt,Thomas+,Emmitt Thomas+,
Enid,Thomas,Enid Thomas,
Eric,Thomas,Eric Thomas,
Fred,Thomas,Fred Thomas,
Garth,Thomas,Garth Thomas,
Gene,Thomas,Gene Thomas,
George,Thomas,George Thomas,
George,Thomas,George Thomas,
Henry,Thomas,Henry Thomas,
Henry,Thomas,Henry Thomas,
Hollis,Thomas,Hollis Thomas,
Ian,Thomas,Ian Thomas,
Ike,Thomas,Ike Thomas,
Isaiah,Thomas,Isaiah Thomas,
J.T.,Thomas,J.T. Thomas,
J.T.,Thomas,J.T. Thomas,
J.T.,Thomas,J.T. Thomas,
Jaimie,Thomas,Jaimie Thomas,
Jason,Thomas,Jason Thomas,
Jaylon,Thomas,Jaylon Thomas,
Jemea,Thomas,Jemea Thomas,
Jesse,Thomas,Jesse Thomas,
Jewerl,Thomas,Jewerl Thomas,
Jim,Thomas,Jim Thomas,
Jimmy,Thomas,Jimmy Thomas,
Joe,Thomas,Joe Thomas,
Joe,Thomas+,Joe Thomas+,
Joe,Thomas,Joe Thomas,
Joey,Thomas,Joey Thomas,
John,Thomas,John Thomas,
John,Thomas,John Thomas,
John,Thomas,John Thomas,
Johnny,Thomas,Johnny Thomas,
Jordan,Thomas,Jordan Thomas,
Josh,Thomas,Josh Thomas,
Josh,Thomas,Josh Thomas,
Josh,Thomas,Josh Thomas,
Juanyeh,Thomas,Juanyeh Thomas,
Julius,Thomas,Julius Thomas,
Keir,Thomas,Keir Thomas,
Kelly,Thomas,Kelly Thomas,
Ken,Thomas,Ken Thomas,
Kevin,Thomas,Kevin Thomas,
Kevin,Thomas,Kevin Thomas,
Kevin,Thomas,Kevin Thomas,
Kiondre,Thomas,Kiondre Thomas,
Kiwaukee,Thomas,Kiwaukee Thomas,
Lamaar,Thomas,Lamaar Thomas,
Lamar,Thomas,Lamar Thomas,
Lavale,Thomas,Lavale Thomas,
Lawrence,Thomas,Lawrence Thomas,
Lee,Thomas,Lee Thomas,
Logan,Thomas,Logan Thomas,
Lynn,Thomas,Lynn Thomas,
Marcus,Thomas,Marcus Thomas,
Marcus,Thomas,Marcus Thomas,
Mark,Thomas,Mark Thomas,
Mark,Thomas,Mark Thomas,
Marvin,Thomas,Marvin Thomas,
Matthew,Thomas,Matthew Thomas,
Michael,Thomas,Michael Thomas,
Michael,Thomas,Michael Thomas,
Mike,Thomas,Mike Thomas,
Mike,Thomas,Mike Thomas,
Mike,Thomas,Mike Thomas,
Norris,Thomas,Norris Thomas,
Orlando,Thomas,Orlando Thomas,
Pat,Thomas,Pat Thomas,
Pat,Thomas,Pat Thomas,
Phillip,Thomas,Phillip Thomas,
Pierre,Thomas,Pierre Thomas,
Ralph,Thomas,Ralph Thomas,
Randy,Thomas,Randy Thomas,
Ratcliff,Thomas,Ratcliff Thomas,
Rex,Thomas,Rex Thomas,
Ricky,Thomas,Ricky Thomas,
Robb,Thomas,Robb Thomas,
Robert,Thomas,Robert Thomas,
Robert,Thomas,Robert Thomas,
Robert,Thomas,Robert Thomas,
Roc,Thomas,Roc Thomas,
Rodell,Thomas,Rodell Thomas,
Rodney,Thomas,Rodney Thomas,
Rodney,Thomas,Rodney Thomas,
Rodney,Thomas,Rodney Thomas,
Russ,Thomas,Russ Thomas,
Santonio,Thomas,Santonio Thomas,
Sean,Thomas,Sean Thomas,
Shamarko,Thomas,Shamarko Thomas,
Simeon,Thomas,Simeon Thomas,
Skip,Thomas,Skip Thomas,
Sloan,Thomas,Sloan Thomas,
Solomon,Thomas,Solomon Thomas,
Speedy,Thomas,Speedy Thomas,
Spencer,Thomas,Spencer Thomas,
Stan,Thomas,Stan Thomas,
Starling,Thomas,Starling Thomas,
Tavierre,Thomas,Tavierre Thomas,
Terrell,Thomas,Terrell Thomas,
Thurman,Thomas+,Thurman Thomas+,
Todd,Thomas,Todd Thomas,
Tra,Thomas,Tra Thomas,
Tre,Thomas,Tre Thomas,
Vern,Thomas,Vern Thomas,
Whitey,Thomas,Whitey Thomas,
William,Thomas,William Thomas,
Xavier,Thomas,Xavier Thomas,
Zach,Thomas,Zach Thomas,
Zach,Thomas+,Zach Thomas+,
Zachary,Thomas,Zachary Thomas,
Oliver,,Oliver ,
Rich,Thomaselli,Rich Thomaselli,
Bobby,Thomason,Bobby Thomason,
Jeff,Thomason,Jeff Thomason,
Jim,Thomason,Jim Thomason,
Stumpy,Thomason,Stumpy Thomason,
Leon,Thomasson,Leon Thomasson,
Chris,Thome,Chris Thome,
Deven,Thompkins,Deven Thompkins,
Kenbrell,Thompkins,Kenbrell Thompkins,
Alvie,Thompson,Alvie Thompson,
Anthony,Thompson,Anthony Thompson,
Anthony,Thompson,Anthony Thompson,
Arland,Thompson,Arland Thompson,
Aundra,Thompson,Aundra Thompson,
Bennie,Thompson,Bennie Thompson,
Bill,Thompson,Bill Thompson,
Bill,Thompson,Bill Thompson,
BJ,Thompson,BJ Thompson,
Bob,Thompson,Bob Thompson,
Bobby,Thompson,Bobby Thompson,
Bobby,Thompson,Bobby Thompson,
Brandon,Thompson,Brandon Thompson,
Brandyn,Thompson,Brandyn Thompson,
Broderick,Thompson,Broderick Thompson,
Bryce,Thompson,Bryce Thompson,
Carlos,Thompson,Carlos Thompson,
Chaun,Thompson,Chaun Thompson,
Chris,Thompson,Chris Thompson,
Chris,Thompson,Chris Thompson,
Chris,Thompson,Chris Thompson,
Christian,Thompson,Christian Thompson,
Cody,Thompson,Cody Thompson,
Colin,Thompson,Colin Thompson,
Corey,Thompson,Corey Thompson,
Craig,Thompson,Craig Thompson,
Darian,Thompson,Darian Thompson,
Darrell,Thompson,Darrell Thompson,
Darwin,Thompson,Darwin Thompson,
Dave,Thompson,Dave Thompson,
Dave,Thompson,Dave Thompson,
David,Thompson,David Thompson,
Deionte,Thompson,Deionte Thompson,
Del,Thompson,Del Thompson,
Deonte,Thompson,Deonte Thompson,
Derrius,Thompson,Derrius Thompson,
Dominique,Thompson,Dominique Thompson,
Don,Thompson,Don Thompson,
Don,Thompson,Don Thompson,
Donnel,Thompson,Donnel Thompson,
Donnell,Thompson,Donnell Thompson,
Emmuel,Thompson,Emmuel Thompson,
Ernie,Thompson,Ernie Thompson,
Gary,Thompson,Gary Thompson,
George,Thompson,George Thompson,
Hal,Thompson,Hal Thompson,
Harry,Thompson,Harry Thompson,
Jack,Thompson,Jack Thompson,
Jalen,Thompson,Jalen Thompson,
James,Thompson,James Thompson,
Jamie,Thompson,Jamie Thompson,
Jeremy,Thompson,Jeremy Thompson,
Jesse,Thompson,Jesse Thompson,
Jim,Thompson,Jim Thompson,
John,Thompson,John Thompson,
Johnny,Thompson,Johnny Thompson,
Jordan,Thompson,Jordan Thompson,
Josh,Thompson,Josh Thompson,
Juwan,Thompson,Juwan Thompson,
Ken,Thompson,Ken Thompson,
Kevin,Thompson,Kevin Thompson,
Lamont,Thompson,Lamont Thompson,
Leonard,Thompson,Leonard Thompson,
Leroy,Thompson,Leroy Thompson,
Marty,Thompson,Marty Thompson,
Michael,Thompson,Michael Thompson,
Mike,Thompson,Mike Thompson,
Mykkele,Thompson,Mykkele Thompson,
NaJee,Thompson,NaJee Thompson,
Norm,Thompson,Norm Thompson,
Peyton,Thompson,Peyton Thompson,
Pinky,Thompson,Pinky Thompson,
Raynoch,Thompson,Raynoch Thompson,
Reyna,Thompson,Reyna Thompson,
Ricky,Thompson,Ricky Thompson,
Robert,Thompson,Robert Thompson,
Rocky,Thompson,Rocky Thompson,
Russ,Thompson,Russ Thompson,
SaRodorick,Thompson,SaRodorick Thompson,
Shaq,Thompson,Shaq Thompson,
Skylar,Thompson,Skylar Thompson,
Steve,Thompson,Steve Thompson,
Steve,Thompson,Steve Thompson,
Quan,Thompson,Quan Thompson,
Taylor,Thompson,Taylor Thompson,
Ted,Thompson,Ted Thompson,
Tedric,Thompson,Tedric Thompson,
Tiny,Thompson,Tiny Thompson,
Tom,Thompson,Tom Thompson,
Tommy,Thompson,Tommy Thompson,
Tommy,Thompson,Tommy Thompson,
Tommy,Thompson,Tommy Thompson,
Trenton,Thompson,Trenton Thompson,
Tuffy,Thompson,Tuffy Thompson,
Tyson,Thompson,Tyson Thompson,
Vince,Thompson,Vince Thompson,
Warren,Thompson,Warren Thompson,
Weegie,Thompson,Weegie Thompson,
Woody,Thompson,Woody Thompson,
Robinson,,Robinson ,
Art,Thoms,Art Thoms,
Fred,Thomsen,Fred Thomsen,
Andy,Thorn,Andy Thorn,
Bob,Thornbladh,Bob Thornbladh,
Jeremy,Thornburg,Jeremy Thornburg,
Josh,Thornhill,Josh Thornhill,
Juan,Thornhill,Juan Thornhill,
Tiny,Thornhill,Tiny Thornhill,
Bill,Thornton,Bill Thornton,
Bruce,Thornton,Bruce Thornton,
Bruce,Thornton,Bruce Thornton,
Bubba,Thornton,Bubba Thornton,
Cedric,Thornton,Cedric Thornton,
David,Thornton,David Thornton,
Dick,Thornton,Dick Thornton,
George,Thornton,George Thornton,
Hugh,Thornton,Hugh Thornton,
Jack,Thornton,Jack Thornton,
James,Thornton,James Thornton,
John,Thornton,John Thornton,
John,Thornton,John Thornton,
Kalen,Thornton,Kalen Thornton,
Khyri,Thornton,Khyri Thornton,
Reggie,Thornton,Reggie Thornton,
Rupe,Thornton,Rupe Thornton,
Sidney,Thornton,Sidney Thornton,
Tyquan,Thornton,Tyquan Thornton,
Don,Thorp,Don Thorp,
Craphonso,Thorpe,Craphonso Thorpe,
Jack,Thorpe,Jack Thorpe,
Jim,Thorpe+,Jim Thorpe+,
Neiko,Thorpe,Neiko Thorpe,
Wilfred,Thorpe,Wilfred Thorpe,
Jamari,Thrash,Jamari Thrash,
James,Thrash,James Thrash,
Bruce,Threadgill,Bruce Threadgill,
Jabbar,Threats,Jabbar Threats,
Cliff,Thrift,Cliff Thrift,
Calvin,Throckmorton,Calvin Throckmorton,
Jim,Thrower,Jim Thrower,
Willie,Thrower,Willie Thrower,
Owen,Thuerk,Owen Thuerk,
Baptiste,Thunder,Baptiste Thunder,
Joe,Thuney,Joe Thuney,
Bob,Thurbon,Bob Thurbon,
Brian,Thure,Brian Thure,
Steve,Thurlow,Steve Thurlow,
Andrae,Thurman,Andrae Thurman,
Dennis,Thurman,Dennis Thurman,
John,Thurman,John Thurman,
Junior,Thurman,Junior Thurman,
Nick,Thurman,Nick Thurman,
Odell,Thurman,Odell Thurman,
Walter,Thurmond,Walter Thurmond,
Fuzzy,Thurston,Fuzzy Thurston,
Byron,Thweatt,Byron Thweatt,
D.J.,Tialavea,D.J. Tialavea,
John,Tice,John Tice,
Mike,Tice,Mike Tice,
Glenn,Tidd,Glenn Tidd,
Sam,Tidmore,Sam Tidmore,
Billy,Tidwell,Billy Tidwell,
Travis,Tidwell,Travis Tidwell,
Festus,Tierney,Festus Tierney,
Leo,Tierney,Leo Tierney,
Van,Tiffin,Van Tiffin,
Mark,Tigges,Mark Tigges,
Calvin,Tiggle,Calvin Tiggle,
Mike,Tilleman,Mike Tilleman,
Andrew,Tiller,Andrew Tiller,
Jim,Tiller,Jim Tiller,
Morgan,Tiller,Morgan Tiller,
Jerry,Tillery,Jerry Tillery,
Emmett,Tilley,Emmett Tilley,
Pat,Tilley,Pat Tilley,
Ed,Tillison,Ed Tillison,
Andre,Tillman,Andre Tillman,
Cedric,Tillman,Cedric Tillman,
Cedric,Tillman,Cedric Tillman,
Charles,Tillman,Charles Tillman,
Dondrea,Tillman,Dondrea Tillman,
Faddie,Tillman,Faddie Tillman,
Lawyer,Tillman,Lawyer Tillman,
Lewis,Tillman,Lewis Tillman,
Pat,Tillman,Pat Tillman,
Pete,Tillman,Pete Tillman,
Rusty,Tillman,Rusty Tillman,
Spencer,Tillman,Spencer Tillman,
Travares,Tillman,Travares Tillman,
Tony,Tillmon,Tony Tillmon,
Ron,Tilton,Ron Tilton,
Bob,Timberlake,Bob Timberlake,
George,Timberlake,George Timberlake,
Ken,Times,Ken Times,
Kirk,Timmer,Kirk Timmer,
Adam,Timmerman,Adam Timmerman,
Charlie,Timmons,Charlie Timmons,
Lawrence,Timmons,Lawrence Timmons,
Michael,Timpson,Michael Timpson,
John,Timu,John Timu,
Tim,Tindale,Tim Tindale,
Channing,Tindall,Channing Tindall,
Mick,Tingelhoff+,Mick Tingelhoff+,
Carson,Tinker,Carson Tinker,
Gerald,Tinker,Gerald Tinker,
Pisa,Tinoisamoa,Pisa Tinoisamoa,
Buddy,Tinsley,Buddy Tinsley,
Gaynell,Tinsley,Gaynell Tinsley,
Jess,Tinsley,Jess Tinsley,
Keith,Tinsley,Keith Tinsley,
Mitchell,Tinsley,Mitchell Tinsley,
Pete,Tinsley,Pete Tinsley,
Scott,Tinsley,Scott Tinsley,
Sid,Tinsley,Sid Tinsley,
Andre,Tippett+,Andre Tippett+,
Ken,Tippins,Ken Tippins,
Joe,Tippmann,Joe Tippmann,
Dave,Tipton,Dave Tipton,
David,Tipton,David Tipton,
Howie,Tipton,Howie Tipton,
Mason,Tipton,Mason Tipton,
Rico,Tipton,Rico Tipton,
Zurlon,Tipton,Zurlon Tipton,
Bob,Titchenal,Bob Titchenal,
Glen,Titensor,Glen Titensor,
Herb,Titmas,Herb Titmas,
Y.A.,Tittle+,Y.A. Tittle+,
George,Titus,George Titus,
Si,Titus,Si Titus,
Casey,Tiumalu,Casey Tiumalu,
o,,o ,
Robbie,Tobeck,Robbie Tobeck,
Dave,Tobey,Dave Tobey,
Bill,Tobin,Bill Tobin,
Elgie,Tobin,Elgie Tobin,
George,Tobin,George Tobin,
Leo,Tobin,Leo Tobin,
Matt,Tobin,Matt Tobin,
Rex,Tobin,Rex Tobin,
Steve,Tobin,Steve Tobin,
Nelson,Toburen,Nelson Toburen,
Dick,Todd,Dick Todd,
Jim,Todd,Jim Todd,
Joe,Todd,Joe Todd,
Larry,Todd,Larry Todd,
Richard,Todd,Richard Todd,
Jordan,Todman,Jordan Todman,
Matt,Toeaina,Matt Toeaina,
LaBrandon,Toefield,LaBrandon Toefield,
Jeff,Toews,Jeff Toews,
Loren,Toews,Loren Toews,
Joe,Tofflemire,Joe Tofflemire,
Joe,Tofil,Joe Tofil,
Pago,Togafau,Pago Togafau,
Noah,Togiai,Noah Togiai,
Tommy,Togiai,Tommy Togiai,
Brendan,Toibin,Brendan Toibin,
Levine,Toilolo,Levine Toilolo,
Charley,Tolar,Charley Tolar,
Jalen,Tolbert,Jalen Tolbert,
Jim,Tolbert,Jim Tolbert,
Mike,Tolbert,Mike Tolbert,
Tony,Tolbert,Tony Tolbert,
Greg,Toler,Greg Toler,
Ken,Toler,Ken Toler,
Alvin,Toles,Alvin Toles,
Kevin,Toliver,Kevin Toliver,
Stuart,Tolle,Stuart Tolle,
Chuck,Tollefson,Chuck Tollefson,
Dave,Tollefson,Dave Tollefson,
Tommy,Tolleson,Tommy Tolleson,
Ed,Tolley,Ed Tolley,
Billy,Joe,Billy Joe,
Jalen,Tolliver,Jalen Tolliver,
Scott,Tolzien,Scott Tolzien,
Cameron,Tom,Cameron Tom,
Mel,Tom,Mel Tom,
Zach,Tom,Zach Tom,
Army,Tomaini,Army Tomaini,
Johnny,Tomaini,Johnny Tomaini,
Carl,Tomasello,Carl Tomasello,
Lou,Tomasetti,Lou Tomasetti,
Andy,Tomasic,Andy Tomasic,
Pat,Tomberlin,Pat Tomberlin,
Mike,Tomczak,Mike Tomczak,
Jared,Tomich,Jared Tomich,
Tommy,Tomlin,Tommy Tomlin,
Dalvin,Tomlinson,Dalvin Tomlinson,
Dick,Tomlinson,Dick Tomlinson,
Eric,Tomlinson,Eric Tomlinson,
LaDainian,Tomlinson+,LaDainian Tomlinson+,
Laken,Tomlinson,Laken Tomlinson,
Vius,Tomlinson,Vius Tomlinson,
Clarence,Tommerson,Clarence Tommerson,
Bob,Toneff,Bob Toneff,
Mario,Tonelli,Mario Tonelli,
Tony,Tonelli,Tony Tonelli,
Cole,Toner,Cole Toner,
Ed,Toner,Ed Toner,
Ed,Toner,Ed Toner,
Tom,Toner,Tom Toner,
Anthony,Toney,Anthony Toney,
Kadarius,Toney,Kadarius Toney,
Shaka,Toney,Shaka Toney,
Khyiris,Tonga,Khyiris Tonga,
Manase,Tonga,Manase Tonga,
Jake,Tonges,Jake Tonges,
Marco,Tongue,Marco Tongue,
Reggie,Tongue,Reggie Tongue,
Clayton,Tonnemaker,Clayton Tonnemaker,
Robert,Tonyan,Robert Tonyan,
Charlie,Toogood,Charlie Toogood,
Casey,Toohill,Casey Toohill,
Pat,Toomay,Pat Toomay,
Amani,Toomer,Amani Toomer,
Korey,Toomer,Korey Toomer,
Al,Toon,Al Toon,
Nick,Toon,Nick Toon,
Spencer,Toone,Spencer Toone,
Meyer,Toorock,Meyer Toorock,
Jeff,Tootle,Jeff Tootle,
Ted,Topor,Ted Topor,
Bob,Topp,Bob Topp,
Ryan,Torain,Ryan Torain,
Stacey,Toran,Stacey Toran,
Reggie,Torbor,Reggie Torbor,
LaVerne,Torczon,LaVerne Torczon,
LaVern,Torgeson,LaVern Torgeson,
Anthony,Toribio,Anthony Toribio,
Eric,Torkelson,Eric Torkelson,
Jack,Torrance,Jack Torrance,
Leigh,Torrence,Leigh Torrence,
Cyrus,Torrence,Cyrus Torrence,
Gino,Torretta,Gino Torretta,
Bob,Torrey,Bob Torrey,
Bud,Toscani,Bud Toscani,
Flavio,Tosi,Flavio Tosi,
John,Tosi,John Tosi,
Mao,Tosi,Mao Tosi,
Keith,Toston,Keith Toston,
Brett,Toth,Brett Toth,
Jon,Toth,Jon Toth,
Tom,Toth,Tom Toth,
Zollie,Toth,Zollie Toth,
Erik,Totten,Erik Totten,
Willie,Totten,Willie Totten,
Michael,Toudouze,Michael Toudouze,
Samori,Toure,Samori Toure,
Darrel,Toussaint,Darrel Toussaint,
Fitzgerald,Toussaint,Fitzgerald Toussaint,
Steve,Tovar,Steve Tovar,
Steve,Towle,Steve Towle,
Thurston,Towle,Thurston Towle,
Dan,Towler,Dan Towler,
Willie,Townes,Willie Townes,
Bobby,Towns,Bobby Towns,
Lester,Towns,Lester Towns,
Morris,Towns,Morris Towns,
Derrick,Townsel,Derrick Townsel,
Jo,Townsell,Jo Townsell,
Andre,Townsend,Andre Townsend,
Brian,Townsend,Brian Townsend,
Curtis,Townsend,Curtis Townsend,
Deshea,Townsend,Deshea Townsend,
Greg,Townsend,Greg Townsend,
Johnny,Townsend,Johnny Townsend,
Otto,Townsend,Otto Townsend,
Tommy,Townsend,Tommy Townsend,
John,Tracey,John Tracey,
Adrian,Tracy,Adrian Tracy,
Tom,Tracy,Tom Tracy,
Tyrone,Tracy,Tyrone Tracy,
Rod,Trafford,Rod Trafford,
George,Trafton+,George Trafton+,
John,Trahan,John Trahan,
Patrick,Trahan,Patrick Trahan,
Lynden,Trail,Lynden Trail,
Mike,Trainor,Mike Trainor,
Allen,Trammel,Allen Trammel,
Austin,Trammell,Austin Trammell,
Drue,Tranquill,Drue Tranquill,
Badara,Traore,Badara Traore,
Steve,Trapilo,Steve Trapilo,
James,Trapp,James Trapp,
Richard,Trapp,Richard Trapp,
Kyle,Trask,Kyle Trask,
Orville,Trask,Orville Trask,
Justin,Trattou,Justin Trattou,
Adam,Trautman,Adam Trautman,
Phil,Trautwein,Phil Trautwein,
Herb,Travenio,Herb Travenio,
Brick,Travis,Brick Travis,
John,Travis,John Travis,
Mack,Travis,Mack Travis,
Ross,Travis,Ross Travis,
Brynden,Trawick,Brynden Trawick,
Austin,Traylor,Austin Traylor,
Keith,Traylor,Keith Traylor,
Jerry,Traynham,Jerry Traynham,
Wade,Traynham,Wade Traynham,
Barney,Traynor,Barney Traynor,
Mark,Traynowicz,Mark Traynowicz,
John,Treadaway,John Treadaway,
David,Treadwell,David Treadwell,
Laquon,Treadwell,Laquon Treadwell,
Ahmad,Treaudo,Ahmad Treaudo,
Buzz,Trebotich,Buzz Trebotich,
Brian,Treggs,Brian Treggs,
Bryce,Treggs,Bryce Treggs,
Stephen,Trejo,Stephen Trejo,
Brycen,Tremayne,Brycen Tremayne,
Greg,Tremble,Greg Tremble,
Tommy,Tremble,Tommy Tremble,
Morgan,Trent,Morgan Trent,
Sebastian,Tretola,Sebastian Tretola,
J.C.,Tretter,J.C. Tretter,
Adam,Treu,Adam Treu,
Danny,Trevathan,Danny Trevathan,
Cory,Trice,Cory Trice,
Jack,Triggs,Jack Triggs,
Frank,Trigilio,Frank Trigilio,
Steve,Trimble,Steve Trimble,
Wayne,Trimble,Wayne Trimble,
Zach,Triner,Zach Triner,
Bill,Triplett,Bill Triplett,
Mel,Triplett,Mel Triplett,
Nate,Triplett,Nate Triplett,
Wally,Triplett,Wally Triplett,
Paul,Tripoli,Paul Tripoli,
Jordan,Tripp,Jordan Tripp,
Kiante,Tripp,Kiante Tripp,
Charley,Trippi+,Charley Trippi+,
Larry,Tripplett,Larry Tripplett,
John,Tripson,John Tripson,
Frank,Tripucka,Frank Tripucka,
Rick,Trocano,Rick Trocano,
Bob,Trocolor,Bob Trocolor,
Gene,Trosch,Gene Trosch,
Milt,Trost,Milt Trost,
Jeremiah,Trotter,Jeremiah Trotter,
Jeremiah,Trotter,Jeremiah Trotter,
Bill,Troup,Bill Troup,
Torell,Troup,Torell Troup,
Ben,Troupe,Ben Troupe,
David,Trout,David Trout,
Johnnie,Troutman,Johnnie Troutman,
Ray,Trowbridge,Ray Trowbridge,
Billy,Truax,Billy Truax,
Dalton,Truax,Dalton Truax,
Mitchell,Trubisky,Mitchell Trubisky,
Jack,Trudeau,Jack Trudeau,
Jeremy,Trueblood,Jeremy Trueblood,
Hal,Truesdell,Hal Truesdell,
Desmond,Trufant,Desmond Trufant,
Isaiah,Trufant,Isaiah Trufant,
Marcus,Trufant,Marcus Trufant,
Dave,Truitt,Dave Truitt,
Greg,Truitt,Greg Truitt,
Olanda,Truitt,Olanda Truitt,
Don,Trull,Don Trull,
Kal,Truluck,Kal Truluck,
Bob,Trumpy,Bob Trumpy,
Jason,Trusnik,Jason Trusnik,
Eric,Truvillion,Eric Truvillion,
Eddie,Tryon,Eddie Tryon,
Justin,Tryon,Justin Tryon,
Shoyinka,,Shoyinka ,
Chalmers,Tschappat,Chalmers Tschappat,
Lou,Tsoutsouvas,Lou Tsoutsouvas,
Sam,Tsoutsouvas,Sam Tsoutsouvas,
Esera,Tuaolo,Esera Tuaolo,
Natu,Tuatagaloa,Natu Tuatagaloa,
Jerry,Tubbs,Jerry Tubbs,
Marcus,Tubbs,Marcus Tubbs,
Winfred,Tubbs,Winfred Tubbs,
Justin,Tuck,Justin Tuck,
B.J.,Tucker,B.J. Tucker,
Bill,Tucker,Bill Tucker,
Bob,Tucker,Bob Tucker,
Casey,Tucker,Casey Tucker,
Dalton,Tucker,Dalton Tucker,
Erroll,Tucker,Erroll Tucker,
Gary,Tucker,Gary Tucker,
Jason,Tucker,Jason Tucker,
Justin,Tucker,Justin Tucker,
Jyles,Tucker,Jyles Tucker,
Mark,Tucker,Mark Tucker,
Matthew,Tucker,Matthew Tucker,
Rex,Tucker,Rex Tucker,
Ross,Tucker,Ross Tucker,
Ryan,Tucker,Ryan Tucker,
Sean,Tucker,Sean Tucker,
Torrin,Tucker,Torrin Tucker,
Travis,Tucker,Travis Tucker,
Tre,Tucker,Tre Tucker,
Verran,Tucker,Verran Tucker,
Wendell,Tucker,Wendell Tucker,
Phil,Tuckett,Phil Tuckett,
Dick,Tuckey,Dick Tuckey,
Jeff,Tuel,Jeff Tuel,
Max,Tuerk,Max Tuerk,
Jay,Tufele,Jay Tufele,
Sean,Tufts,Sean Tufts,
Anthony,Tuggle,Anthony Tuggle,
Jessie,Tuggle,Jessie Tuggle,
John,Tuggle,John Tuggle,
Justin,Tuggle,Justin Tuggle,
Manu,Tuiasosopo,Manu Tuiasosopo,
Marques,Tuiasosopo,Marques Tuiasosopo,
Navy,Tuiasosopo,Navy Tuiasosopo,
Mark,Tuinei,Mark Tuinei,
Tom,Tuinei,Tom Tuinei,
Van,Tuinei,Van Tuinei,
Mariner,,Mariner ,
Joe,Tuipala,Joe Tuipala,
Marlon,Tuipulotu,Marlon Tuipulotu,
Peter,Tuipulotu,Peter Tuipulotu,
Tuli,Tuipulotu,Tuli Tuipulotu,
Maugaula,Tuitele,Maugaula Tuitele,
Stephon,Tuitt,Stephon Tuitt,
Will,Tukuafu,Will Tukuafu,
Walter,Tullis,Walter Tullis,
Willie,Tullis,Willie Tullis,
Stephen,Tulloch,Stephen Tulloch,
Darrell,Tully,Darrell Tully,
George,Tully,George Tully,
Jerame,Tuman,Jerame Tuman,
Tom,Tumulty,Tom Tumulty,
Clayton,Tune,Clayton Tune,
Emlen,Tunnell+,Emlen Tunnell+,
Laremy,Tunsil,Laremy Tunsil,
Tom,Tupa,Tom Tupa,
Christian,Tupou,Christian Tupou,
Josh,Tupou,Josh Tupou,
Tani,Tupou,Tani Tupou,
Jeff,Tupper,Jeff Tupper,
Kemoko,Turay,Kemoko Turay,
Frank,Turbert,Frank Turbert,
Robert,Turbin,Robert Turbin,
Woodny,Turenne,Woodny Turenne,
Dan,Turk,Dan Turk,
Godwin,Turk,Godwin Turk,
Matt,Turk,Matt Turk,
Doug,Turley,Doug Turley,
John,Turley,John Turley,
Kyle,Turley,Kyle Turley,
Guy,Turnbow,Guy Turnbow,
Jesse,Turnbow,Jesse Turnbow,
Nick,Turnbull,Nick Turnbull,
Renaldo,Turnbull,Renaldo Turnbull,
Bake,Turner,Bake Turner,
Barry,Turner,Barry Turner,
Bill,Turner,Bill Turner,
Billy,Turner,Billy Turner,
Buff,Turner,Buff Turner,
Bulldog,Turner+,Bulldog Turner+,
Calvin,Turner,Calvin Turner,
Cecil,Turner,Cecil Turner,
Clem,Turner,Clem Turner,
Cole,Turner,Cole Turner,
Dallas,Turner,Dallas Turner,
Daryl,Turner,Daryl Turner,
Lance,Turner,Lance Turner,
Deacon,Turner,Deacon Turner,
DJ,Turner,DJ Turner,
DJ,Turner,DJ Turner,
Dwaine,Turner,Dwaine Turner,
Eric,Turner,Eric Turner,
Floyd,Turner,Floyd Turner,
Hal,Turner,Hal Turner,
Herschel,Turner,Herschel Turner,
J.T.,Turner,J.T. Turner,
Jay,Turner,Jay Turner,
Jim,Turner,Jim Turner,
Jim,Turner,Jim Turner,
Jim,Turner,Jim Turner,
Jimmie,Turner,Jimmie Turner,
Jimmy,Turner,Jimmy Turner,
John,Turner,John Turner,
Keena,Turner,Keena Turner,
Kevin,Turner,Kevin Turner,
Kevin,Turner,Kevin Turner,
Kobie,Turner,Kobie Turner,
Landon,Turner,Landon Turner,
Larry,Turner,Larry Turner,
Malik,Turner,Malik Turner,
Marcus,Turner,Marcus Turner,
Maurice,Turner,Maurice Turner,
Michael,Turner,Michael Turner,
Mike,Turner,Mike Turner,
Nate,Turner,Nate Turner,
Nate,Turner,Nate Turner,
Nolan,Turner,Nolan Turner,
Odessa,Turner,Odessa Turner,
Patrick,Turner,Patrick Turner,
Paul,Turner,Paul Turner,
Payton,Turner,Payton Turner,
Richard,Turner,Richard Turner,
Ricky,Turner,Ricky Turner,
Robert,Turner,Robert Turner,
Robert,Turner,Robert Turner,
Rocky,Turner,Rocky Turner,
Sam,Turner,Sam Turner,
Scott,Turner,Scott Turner,
T.J.,Turner,T.J. Turner,
T.J.,Turner,T.J. Turner,
Tiny,Turner,Tiny Turner,
Trai,Turner,Trai Turner,
Vernon,Turner,Vernon Turner,
Vince,Turner,Vince Turner,
Wylie,Turner,Wylie Turner,
Zeke,Turner,Zeke Turner,
Yell,,Yell ,
Tom,Turnure,Tom Turnure,
KaVontae,Turpin,KaVontae Turpin,
Miles,Turpin,Miles Turpin,
Willie,Turral,Willie Turral,
Andrew,Turzilli,Andrew Turzilli,
Derrek,Tuszka,Derrek Tuszka,
Melvin,Tuten,Melvin Tuten,
Rick,Tuten,Rick Tuten,
James,Tuthill,James Tuthill,
Tom,Tutson,Tom Tutson,
Stacy,Tutt,Stacy Tutt,
George,Tuttle,George Tuttle,
Orville,Tuttle,Orville Tuttle,
Perry,Tuttle,Perry Tuttle,
Shy,Tuttle,Shy Tuttle,
Frank,Twedell,Frank Twedell,
Rodney,Tweet,Rodney Tweet,
Howard,Twilley,Howard Twilley,
Darren,Twombly,Darren Twombly,
Gunnard,Twyner,Gunnard Twyner,
Will,Tye,Will Tye,
Andre,Tyler,Andre Tyler,
Maurice,Tyler,Maurice Tyler,
Pete,Tyler,Pete Tyler,
Robert,Tyler,Robert Tyler,
Tank,Tyler,Tank Tyler,
Toussaint,Tyler,Toussaint Tyler,
Wendell,Tyler,Wendell Tyler,
Rich,Tylski,Rich Tylski,
Brian,Tyms,Brian Tyms,
Scott,Tyner,Scott Tyner,
Buddy,Tynes,Buddy Tynes,
Lawrence,Tynes,Lawrence Tynes,
David,Tyree,David Tyree,
Jim,Tyree,Jim Tyree,
Jim,Tyrer,Jim Tyrer,
Joe,Tyrrell,Joe Tyrrell,
Tim,Tyrrell,Tim Tyrrell,
DeAngelo,Tyson,DeAngelo Tyson,
Dick,Tyson,Dick Tyson,
Michael,Tyson,Michael Tyson,
Josh,Uche,Josh Uche,
Mitch,Ucovich,Mitch Ucovich,
Kenechi,Udeze,Kenechi Udeze,
Oli,Udoh,Oli Udoh,
Keith,Uecker,Keith Uecker,
Tony,Ugoh,Tony Ugoh,
Rocky,Uguccioni,Rocky Uguccioni,
Jeff,Uhlenhake,Jeff Uhlenhake,
Steven,Uhrinyak,Steven Uhrinyak,
George,Uko,George Uko,
Isaac,Ukwu,Isaac Ukwu,
Jeff,Ulbrich,Jeff Ulbrich,
Ed,Ulinski,Ed Ulinski,
Harry,Ulinski,Harry Ulinski,
Jiggs,Ullery,Jiggs Ullery,
Artie,Ulmer,Artie Ulmer,
Mike,Ulmer,Mike Ulmer,
Edefuan,Ulofoshio,Edefuan Ulofoshio,
Chuck,Ulrich,Chuck Ulrich,
Hub,Ulrich,Hub Ulrich,
Matt,Ulrich,Matt Ulrich,
Mike,Ulufale,Mike Ulufale,
Osi,Umenyiora,Osi Umenyiora,
Frank,Umont,Frank Umont,
Rich,Umphrey,Rich Umphrey,
Mason,Unck,Mason Unck,
Brandon,Underwood,Brandon Underwood,
Dimitrius,Underwood,Dimitrius Underwood,
Jack,Underwood,Jack Underwood,
John,Underwood,John Underwood,
Marviel,Underwood,Marviel Underwood,
Olen,Underwood,Olen Underwood,
Tiquan,Underwood,Tiquan Underwood,
Wayne,Underwood,Wayne Underwood,
J.J.,Unga,J.J. Unga,
Uani,Unga,Uani Unga,
Max,Unger,Max Unger,
Joe,Ungerer,Joe Ungerer,
Johnny,Unitas+,Johnny Unitas+,
Pong,Unitas,Pong Unitas,
Mitch,Unrein,Mitch Unrein,
Terry,Unrein,Terry Unrein,
Morris,Unutoa,Morris Unutoa,
Eric,Unverzagt,Eric Unverzagt,
Rick,Upchurch,Rick Upchurch,
Tuufuli,Uperesa,Tuufuli Uperesa,
Courtney,Upshaw,Courtney Upshaw,
Gene,Upshaw+,Gene Upshaw+,
Marvin,Upshaw,Marvin Upshaw,
Regan,Upshaw,Regan Upshaw,
Andy,Uram,Andy Uram,
Alex,Urban,Alex Urban,
Brent,Urban,Brent Urban,
Gasper,Urban,Gasper Urban,
Jerheme,Urban,Jerheme Urban,
Luke,Urban,Luke Urban,
Jim,Urbanek,Jim Urbanek,
Kraig,Urbik,Kraig Urbik,
Scott,Urch,Scott Urch,
Emil,Uremovich,Emil Uremovich,
Herman,Urenda,Herman Urenda,
Brian,Urlacher+,Brian Urlacher+,
John,Urschel,John Urschel,
Rube,Ursella,Rube Ursella,
John,Ursua,John Ursua,
Darryl,Usher,Darryl Usher,
Eddie,Usher,Eddie Usher,
Lou,Usher,Lou Usher,
Ben,Utecht,Ben Utecht,
Mike,Utley,Mike Utley,
Ben,Utt,Ben Utt,
Iheanyi,Uwaezuoke,Iheanyi Uwaezuoke,
Eyioma,Uwazurike,Eyioma Uwazurike,
Walt,Uzdavinis,Walt Uzdavinis,
C.J.,Uzomah,C.J. Uzomah,
Sam,Vacanti,Sam Vacanti,
Kenny,Vaccaro,Kenny Vaccaro,
Ted,Vactor,Ted Vactor,
Destiny,Vaeao,Destiny Vaeao,
Pete,Vainowski,Pete Vainowski,
Dom,Vairo,Dom Vairo,
Halapoulivaati,Vaitai,Halapoulivaati Vaitai,
Sione,Vaki,Sione Vaki,
Scantling,,Scantling ,
Vern,Valdez,Vern Valdez,
Carrington,Valentine,Carrington Valentine,
Ira,Valentine,Ira Valentine,
Vincent,Valentine,Vincent Valentine,
Zack,Valentine,Zack Valentine,
Joe,Valerio,Joe Valerio,
Xazavian,Valladay,Xazavian Valladay,
Tanner,Vallejo,Tanner Vallejo,
Hakeem,Valles,Hakeem Valles,
Emilio,Vallez,Emilio Vallez,
Steve,Vallos,Steve Vallos,
Jeremiah,Valoaga,Jeremiah Valoaga,
Norm,Van,Norm Van,
Courtney,Van,Courtney Van,
Ebert,Van,Ebert Van,
Steve,Van,Steve Van,
Ryan,Van,Ryan Van,
Randy,Van,Randy Van,
Bob,Van,Bob Van,
Bob,Van,Bob Van,
Alex,Van,Alex Van,
Bruce,Van,Bruce Van,
DeMarcus,Van,DeMarcus Van,
Jimmy,Van,Jimmy Van,
Ralph,Van,Ralph Van,
Chase,Van,Chase Van,
Mark,van,Mark van,
Hal,Van,Hal Van,
Tim,Van,Tim Van,
Andrew,Van,Andrew Van,
Billy,Van,Billy Van,
Charlie,Van,Charlie Van,
Doug,Van,Doug Van,
Keith,Van,Keith Van,
Cole,Van,Cole Van,
Ed,Van,Ed Van,
Lukas,Van,Lukas Van,
Jeff,Van,Jeff Van,
Kyle,Van,Kyle Van,
Alex,Van,Alex Van,
Brad,Van,Brad Van,
Bradlee,Van,Bradlee Van,
Granger,,Granger ,
Dick,Van,Dick Van,
Jeff,Van,Jeff Van,
Greg,Van,Greg Van,
Clyde,Van,Clyde Van,
Art,Van,Art Van,
Pete,Van,Pete Van,
Jim,Van,Jim Van,
Eric,Vance,Eric Vance,
Joe,Vance,Joe Vance,
Kyle,Vanden,Kyle Vanden,
Leighton,Vander,Leighton Vander,
Ron,Vander,Ron Vander,
Jason,Vander,Jason Vander,
Mark,Vander,Mark Vander,
Matt,Vanderbeek,Matt Vanderbeek,
Skip,Vanderbundt,Skip Vanderbundt,
Eddie,Vanderdoes,Eddie Vanderdoes,
Mike,Vanderjagt,Mike Vanderjagt,
Viv,Vanderloo,Viv Vanderloo,
Phil,Vandersea,Phil Vandersea,
Julian,Vandervelde,Julian Vandervelde,
Al,Vandeweghe,Al Vandeweghe,
Sean,Vanhorse,Sean Vanhorse,
Norwood,Vann,Norwood Vann,
Nick,Vannett,Nick Vannett,
Tamarick,Vanover,Tamarick Vanover,
Vern,Vanoy,Vern Vanoy,
Ben,VanSumeren,Ben VanSumeren,
Fred,Vant,Fred Vant,
Zach,VanValkenburg,Zach VanValkenburg,
Fred,Vanzo,Fred Vanzo,
Mike,Varajon,Mike Varajon,
Tommy,Vardell,Tommy Vardell,
Johnny,Vardian,Johnny Vardian,
Tyler,Varga,Tyler Varga,
Larry,Vargo,Larry Vargo,
Frank,Varrichione,Frank Varrichione,
Mike,Varty,Mike Varty,
Nathan,Vasher,Nathan Vasher,
Vic,Vasicek,Vic Vasicek,
Louis,Vasquez,Louis Vasquez,
Roy,Vassau,Roy Vassau,
Arunas,Vasys,Arunas Vasys,
Randy,Vataha,Randy Vataha,
Charles,Vatterott,Charles Vatterott,
Harp,Vaughan,Harp Vaughan,
Josh,Vaughan,Josh Vaughan,
Pug,Vaughan,Pug Vaughan,
Ruben,Vaughan,Ruben Vaughan,
Bill,Vaughn,Bill Vaughn,
Bob,Vaughn,Bob Vaughn,
Cassius,Vaughn,Cassius Vaughn,
Chip,Vaughn,Chip Vaughn,
Clarence,Vaughn,Clarence Vaughn,
Darrick,Vaughn,Darrick Vaughn,
Deuce,Vaughn,Deuce Vaughn,
Jon,Vaughn,Jon Vaughn,
Shawn,Vaughn,Shawn Vaughn,
Khaleed,Vaughn,Khaleed Vaughn,
Tom,Vaughn,Tom Vaughn,
Ted,Vaught,Ted Vaught,
James,Vaughters,James Vaughters,
Vita,Vea,Vita Vea,
Walt,Veach,Walt Veach,
Demetrin,Veal,Demetrin Veal,
Elton,Veals,Elton Veals,
Craig,Veasey,Craig Veasey,
Jordan,Veasy,Jordan Veasy,
Lou,Vedder,Lou Vedder,
Kaare,Vedvik,Kaare Vedvik,
Jason,Vega,Jason Vega,
David,Veikune,David Veikune,
Alan,Veingrad,Alan Veingrad,
Tony,Veland,Tony Veland,
Fernando,Velasco,Fernando Velasco,
Jared,Veldheer,Jared Veldheer,
Matt,Veldman,Matt Veldman,
Devaughn,Vele,Devaughn Vele,
John,Vella,John Vella,
Joe,Vellano,Joe Vellano,
Jim,Vellone,Jim Vellone,
Justin,Veltung,Justin Veltung,
Winston,Venable,Winston Venable,
Raymond,Ventrone,Raymond Ventrone,
Ross,Ventrone,Ross Ventrone,
Fred,Venturelli,Fred Venturelli,
Sam,Venuto,Sam Venuto,
Tucker,,Tucker ,
Ross,Verba,Ross Verba,
Clarence,Verdin,Clarence Verdin,
Jimmy,Verdon,Jimmy Verdon,
Ed,Vereb,Ed Vereb,
Brock,Vereen,Brock Vereen,
Carl,Vereen,Carl Vereen,
Shane,Vereen,Shane Vereen,
George,Vergara,George Vergara,
Chris,Verhulst,Chris Verhulst,
Garin,Veris,Garin Veris,
Alterraun,Verner,Alterraun Verner,
Olivier,Vernon,Olivier Vernon,
Jason,Verrett,Jason Verrett,
Norm,Verry,Norm Verry,
Jared,Verse,Jared Verse,
David,Verser,David Verser,
Mike,Verstegen,Mike Verstegen,
Brian,Vertefeuille,Brian Vertefeuille,
Billy,Vessels,Billy Vessels,
John,Vesser,John Vesser,
Joe,Vetrano,Joe Vetrano,
Jack,Vetter,Jack Vetter,
Roy,Vexall,Roy Vexall,
Walt,Vezmar,Walt Vezmar,
David,Viaene,David Viaene,
Dick,Vick,Dick Vick,
Ernie,Vick,Ernie Vick,
Marcus,Vick,Marcus Vick,
Michael,Vick,Michael Vick,
Roger,Vick,Roger Vick,
Kendal,Vickers,Kendal Vickers,
Kipp,Vickers,Kipp Vickers,
Lawrence,Vickers,Lawrence Vickers,
Lee,Vickers,Lee Vickers,
Kevin,Vickerson,Kevin Vickerson,
Binjimen,Victor,Binjimen Victor,
Josh,Victorian,Josh Victorian,
Gene,Vidal,Gene Vidal,
Kimani,Vidal,Kimani Vidal,
Vic,Vidoni,Vic Vidoni,
Nick,Vigil,Nick Vigil,
Zach,Vigil,Zach Vigil,
Tommy,Vigorito,Tommy Vigorito,
Luiji,Vilain,Luiji Vilain,
Kindle,Vildor,Kindle Vildor,
Danny,Villa,Danny Villa,
Vince,Villanucci,Vince Villanucci,
Alejandro,Villanueva,Alejandro Villanueva,
Danny,Villanueva,Danny Villanueva,
Phil,Villapiano,Phil Villapiano,
Chris,Villarrial,Chris Villarrial,
Jonathan,Vilma,Jonathan Vilma,
Theophile,Viltz,Theophile Viltz,
Adam,Vinatieri,Adam Vinatieri,
Ralph,Vince,Ralph Vince,
Kary,Vincent,Kary Vincent,
Keydrick,Vincent,Keydrick Vincent,
Shawn,Vincent,Shawn Vincent,
Ted,Vincent,Ted Vincent,
Troy,Vincent,Troy Vincent,
Scottie,Vines,Scottie Vines,
Darius,Vinnett,Darius Vinnett,
Paul,Vinnola,Paul Vinnola,
Fernandus,Vinson,Fernandus Vinson,
Fred,Vinson,Fred Vinson,
Tony,Vinson,Tony Vinson,
Ken,Vinyard,Ken Vinyard,
Jalen,Virgil,Jalen Virgil,
Lawrence,Virgil,Lawrence Virgil,
Dee,Virgin,Dee Virgin,
Scott,Virkus,Scott Virkus,
George,Visger,George Visger,
Larry,Visnic,Larry Visnic,
Lionel,Vital,Lionel Vital,
Danny,Vitale,Danny Vitale,
Sandro,Vitiello,Sandro Vitiello,
Tristan,Vizcaino,Tristan Vizcaino,
Mark,Vlasic,Mark Vlasic,
David,Vobora,David Vobora,
Joe,Vodicka,Joe Vodicka,
Evan,Vogds,Evan Vogds,
Bob,Vogel,Bob Vogel,
Justin,Vogel,Justin Vogel,
Paul,Vogel,Paul Vogel,
Carroll,Vogelaar,Carroll Vogelaar,
Tim,Vogler,Tim Vogler,
Bob,Voight,Bob Voight,
Mike,Voight,Mike Voight,
Walter,Voight,Walter Voight,
Stu,Voigt,Stu Voigt,
Otto,Vokaty,Otto Vokaty,
Travis,Vokolek,Travis Vokolek,
Billy,Volek,Billy Volek,
Elmer,Volgenau,Elmer Volgenau,
Rick,Volk,Rick Volk,
Jim,Vollenweider,Jim Vollenweider,
Kurt,Vollers,Kurt Vollers,
Sebastian,Vollmer,Sebastian Vollmer,
Billy,Volok,Billy Volok,
Cordell,Volson,Cordell Volson,
Pete,Volz,Pete Volz,
Wilbur,Volz,Wilbur Volz,
Scott,Von,Scott Von,Ahe
Kimo,von,Kimo von,
Uwe,von,Uwe von,
Andy,Von,Andy Von,
Andrew,Vorhees,Andrew Vorhees,
Don,Vosberg,Don Vosberg,
Doc,Voss,Doc Voss,
Lloyd,Voss,Lloyd Voss,
Tillie,Voss,Tillie Voss,
Ed,Voytek,Ed Voytek,
Mike,Vrabel,Mike Vrabel,
Tyler,Vrabel,Tyler Vrabel,
Milt,Vucinich,Milt Vucinich,
Jeremy,Vujnovich,Jeremy Vujnovich,
Michael,Waddell,Michael Waddell,
Reggie,Waddell,Reggie Waddell,
Jaylen,Waddle,Jaylen Waddle,
LaAdrian,Waddle,LaAdrian Waddle,
Tom,Waddle,Tom Waddle,
Billy,Waddy,Billy Waddy,
Jude,Waddy,Jude Waddy,
Ray,Waddy,Ray Waddy,
Barrington,Wade,Barrington Wade,
Billy,Wade,Billy Wade,
Bob,Wade,Bob Wade,
Bobby,Wade,Bobby Wade,
Charlie,Wade,Charlie Wade,
Jim,Wade,Jim Wade,
John,Wade,John Wade,
Jonathan,Wade,Jonathan Wade,
Shaun,Wade,Shaun Wade,
Todd,Wade,Todd Wade,
Tommy,Wade,Tommy Wade,
Trevin,Wade,Trevin Wade,
Colby,Wadman,Colby Wadman,
Andre,Wadsworth,Andre Wadsworth,
Henry,Waechter,Henry Waechter,
John,Waerig,John Waerig,
Carl,Wafer,Carl Wafer,
Clint,Wager,Clint Wager,
John,Wager,John Wager,
Harmon,Wages,Harmon Wages,
Barry,Wagner,Barry Wagner,
Bobby,Wagner,Bobby Wagner,
Bryan,Wagner,Bryan Wagner,
Buff,Wagner,Buff Wagner,
Lowell,Wagner,Lowell Wagner,
Mike,Wagner,Mike Wagner,
Ray,Wagner,Ray Wagner,
Ray,Wagner,Ray Wagner,
Ricky,Wagner,Ricky Wagner,
Sid,Wagner,Sid Wagner,
Steve,Wagner,Steve Wagner,
Danny,Wagoner,Danny Wagoner,
Jim,Wagstaff,Jim Wagstaff,
Mike,Wahle,Mike Wahle,
Jim,Wahler,Jim Wahler,
Drew,Wahlroos,Drew Wahlroos,
Frank,Wainright,Frank Wainright,
Loyd,Wainscott,Loyd Wainscott,
Carl,Waite,Carl Waite,
Will,Waite,Will Waite,
Van,Waiters,Van Waiters,
Corliss,Waitman,Corliss Waitman,
Alex,Waits,Alex Waits,
Cameron,Wake,Cameron Wake,
Fred,Wakefield,Fred Wakefield,
Larry,Walbridge,Larry Walbridge,
Mark,Walczak,Mark Walczak,
Stan,Waldemore,Stan Waldemore,
Bobby,Walden,Bobby Walden,
Erik,Walden,Erik Walden,
Tim,Waldron,Tim Waldron,
Rob,Waldrop,Rob Waldrop,
Kerwin,Waldroup,Kerwin Waldroup,
Ralph,Waldsmith,Ralph Waldsmith,
Mark,Walen,Mark Walen,
Craig,Walendy,Craig Walendy,
Matt,Waletzko,Matt Waletzko,
Clive,Walford,Clive Walford,
Billy,Walik,Billy Walik,
Aaron,Walker,Aaron Walker,
Adam,Walker,Adam Walker,
Adam,Walker,Adam Walker,
Anthony,Walker,Anthony Walker,
Bill,Walker,Bill Walker,
Bracy,Walker,Bracy Walker,
Brian,Walker,Brian Walker,
Bruce,Walker,Bruce Walker,
Byron,Walker,Byron Walker,
Casey,Walker,Casey Walker,
Chuck,Walker,Chuck Walker,
Clarence,Walker,Clarence Walker,
Cleo,Walker,Cleo Walker,
Corey,Walker,Corey Walker,
Andre,Walker,Andre Walker,
Darius,Walker,Darius Walker,
Darnell,Walker,Darnell Walker,
Darwin,Walker,Darwin Walker,
Delanie,Walker,Delanie Walker,
DeMarcus,Walker,DeMarcus Walker,
Denard,Walker,Denard Walker,
Derrick,Walker,Derrick Walker,
Devontez,Walker,Devontez Walker,
Doak,Walker+,Doak Walker+,
Donnie,Walker,Donnie Walker,
Dwight,Walker,Dwight Walker,
Elliott,Walker,Elliott Walker,
Frank,Walker,Frank Walker,
Fulton,Walker,Fulton Walker,
Gary,Walker,Gary Walker,
Gary,Walker,Gary Walker,
Glen,Walker,Glen Walker,
Greg,Walker,Greg Walker,
Herschel,Walker,Herschel Walker,
Jackie,Walker,Jackie Walker,
James,Walker,James Walker,
Javon,Walker,Javon Walker,
Jay,Walker,Jay Walker,
Jeff,Walker,Jeff Walker,
Jimmy,Walker,Jimmy Walker,
Joe,Walker,Joe Walker,
Joe,Walker,Joe Walker,
John,Walker,John Walker,
Josh,Walker,Josh Walker,
Kenneth,Walker,Kenneth Walker,
Kenny,Walker,Kenny Walker,
Kenyatta,Walker,Kenyatta Walker,
Kevin,Walker,Kevin Walker,
Kevin,Walker,Kevin Walker,
Langston,Walker,Langston Walker,
Louie,Walker,Louie Walker,
Malcolm,Walker,Malcolm Walker,
Marquis,Walker,Marquis Walker,
Michael,Walker,Michael Walker,
Mickey,Walker,Mickey Walker,
Mike,Walker,Mike Walker,
Mike,Walker,Mike Walker,
Mykal,Walker,Mykal Walker,
P.J.,Walker,P.J. Walker,
Paul,Walker,Paul Walker,
Quay,Walker,Quay Walker,
Quentin,Walker,Quentin Walker,
Ramon,Walker,Ramon Walker,
Randy,Walker,Randy Walker,
Rasheed,Walker,Rasheed Walker,
Reggie,Walker,Reggie Walker,
Reggie,Walker,Reggie Walker,
Rick,Walker,Rick Walker,
Robert,Walker,Robert Walker,
Rod,Walker,Rod Walker,
Sammy,Walker,Sammy Walker,
Tim,Walker,Tim Walker,
Tony,Walker,Tony Walker,
Tracy,Walker,Tracy Walker,
Travon,Walker,Travon Walker,
Tray,Walker,Tray Walker,
Tyrunn,Walker,Tyrunn Walker,
Val,Joe,Val Joe,
Vance,Walker,Vance Walker,
Wayne,Walker,Wayne Walker,
Wayne,Walker,Wayne Walker,
Wayne,Walker,Wayne Walker,
Wesley,Walker,Wesley Walker,
Willie,Walker,Willie Walker,
Eddie,Wall,Eddie Wall,
Jamar,Wall,Jamar Wall,
Aaron,Wallace,Aaron Wallace,
Aaron,Wallace,Aaron Wallace,
Al,Wallace,Al Wallace,
Bev,Wallace,Bev Wallace,
Bob,Wallace,Bob Wallace,
C.J.,Wallace,C.J. Wallace,
Caedan,Wallace,Caedan Wallace,
Cal,Wallace,Cal Wallace,
Cody,Wallace,Cody Wallace,
Cooper,Wallace,Cooper Wallace,
Dutch,Wallace,Dutch Wallace,
Gordon,Wallace,Gordon Wallace,
Henry,Wallace,Henry Wallace,
Jackie,Wallace,Jackie Wallace,
John,Wallace,John Wallace,
Josh,Wallace,Josh Wallace,
Von,Wallace,Von Wallace,
Levi,Wallace,Levi Wallace,
Martin,Wallace,Martin Wallace,
Mike,Wallace,Mike Wallace,
Ray,Wallace,Ray Wallace,
Rian,Wallace,Rian Wallace,
Roberto,Wallace,Roberto Wallace,
Rodney,Wallace,Rodney Wallace,
Roger,Wallace,Roger Wallace,
Seneca,Wallace,Seneca Wallace,
Stan,Wallace,Stan Wallace,
Steve,Wallace,Steve Wallace,
Taco,Wallace,Taco Wallace,
Trevin,Wallace,Trevin Wallace,
Tylan,Wallace,Tylan Wallace,
Simms,,Simms ,
Bill,Waller,Bill Waller,
Darren,Waller,Darren Waller,
Ron,Waller,Ron Waller,
Brett,Wallerstedt,Brett Wallerstedt,
Fred,Wallner,Fred Wallner,
Garret,Wallow,Garret Wallow,
Craig,Walls,Craig Walls,
Darrin,Walls,Darrin Walls,
Everson,Walls,Everson Walls,
Henry,Walls,Henry Walls,
Herkie,Walls,Herkie Walls,
Lenny,Walls,Lenny Walls,
Raymond,Walls,Raymond Walls,
Wesley,Walls,Wesley Walls,
Will,Walls,Will Walls,
Laurie,Walquist,Laurie Walquist,
Bill,Walsh,Bill Walsh,
Blair,Walsh,Blair Walsh,
Chris,Walsh,Chris Walsh,
Ed,Walsh,Ed Walsh,
Jim,Walsh,Jim Walsh,
Steve,Walsh,Steve Walsh,
Ward,Walsh,Ward Walsh,
Bullets,Walson,Bullets Walson,
Bobby,Walston,Bobby Walston,
Andrew,Walter,Andrew Walter,
Austin,Walter,Austin Walter,
Dave,Walter,Dave Walter,
Joe,Walter,Joe Walter,
Ken,Walter,Ken Walter,
Kevin,Walter,Kevin Walter,
Mike,Walter,Mike Walter,
Tyson,Walter,Tyson Walter,
Anthony,Walters,Anthony Walters,
Bryan,Walters,Bryan Walters,
Dale,Walters,Dale Walters,
Danny,Walters,Danny Walters,
Joey,Walters,Joey Walters,
Les,Walters,Les Walters,
Matt,Walters,Matt Walters,
Pete,Walters,Pete Walters,
Pierre,Walters,Pierre Walters,
Rod,Walters,Rod Walters,
Stan,Walters,Stan Walters,
Tom,Walters,Tom Walters,
Troy,Walters,Troy Walters,
Len,Walterscheid,Len Walterscheid,
Alvin,Walton,Alvin Walton,
Brandon,Walton,Brandon Walton,
Bruce,Walton,Bruce Walton,
Chuck,Walton,Chuck Walton,
Frank,Walton,Frank Walton,
J.D.,Walton,J.D. Walton,
Joe,Walton,Joe Walton,
John,Walton,John Walton,
Larry,Walton,Larry Walton,
Leterrius,Walton,Leterrius Walton,
Mark,Walton,Mark Walton,
Riley,Walton,Riley Walton,
Sam,Walton,Sam Walton,
Shane,Walton,Shane Walton,
Wayne,Walton,Wayne Walton,
Whip,Walton,Whip Walton,
Zack,Walz,Zack Walz,
Seth,Wand,Seth Wand,
Ed,Wang,Ed Wang,
George,Wanless,George Wanless,
Prince,Tega,Prince Tega,
Tim,Wansley,Tim Wansley,
Hal,Wantland,Hal Wantland,
Ward,,Ward ,
Alex,Ward,Alex Ward,
B.J.,Ward,B.J. Ward,
Bill,Ward,Bill Ward,
Bill,Ward,Bill Ward,
Carl,Ward,Carl Ward,
Channing,Ward,Channing Ward,
Charvarius,Ward,Charvarius Ward,
Chris,Ward,Chris Ward,
Chris,Ward,Chris Ward,
David,Ward,David Ward,
David,Ward,David Ward,
Dedric,Ward,Dedric Ward,
Denzel,Ward,Denzel Ward,
Derrick,Ward,Derrick Ward,
Elmer,Ward,Elmer Ward,
Greg,Ward,Greg Ward,
Hines,Ward,Hines Ward,
Jay,Ward,Jay Ward,
Jihad,Ward,Jihad Ward,
Jim,Ward,Jim Ward,
Jimmie,Ward,Jimmie Ward,
John,Ward,John Ward,
Johnny,Ward,Johnny Ward,
Jonathan,Ward,Jonathan Ward,
LaShaun,Ward,LaShaun Ward,
Paul,Ward,Paul Ward,
Phillip,Ward,Phillip Ward,
Ronnie,Ward,Ronnie Ward,
T.J.,Ward,T.J. Ward,
Terron,Ward,Terron Ward,
Tim,Ward,Tim Ward,
Duane,Wardlow,Duane Wardlow,
Andre,Ware,Andre Ware,
Charlie,Ware,Charlie Ware,
Danny,Ware,Danny Ware,
DeMarcus,Ware+,DeMarcus Ware+,
Derek,Ware,Derek Ware,
Jeremy,Ware,Jeremy Ware,
Jylan,Ware,Jylan Ware,
Kevin,Ware,Kevin Ware,
Matt,Ware,Matt Ware,
Spencer,Ware,Spencer Ware,
Timmie,Ware,Timmie Ware,
Eric,Warfield,Eric Warfield,
Paul,Warfield+,Paul Warfield+,
Larry,Warford,Larry Warford,
Ernie,Warlick,Ernie Warlick,
Chance,Warmack,Chance Warmack,
Julius,Warmsley,Julius Warmsley,
Jim,Warne,Jim Warne,
Charley,Warner,Charley Warner,
Curt,Warner,Curt Warner,
Fred,Warner,Fred Warner,
Josh,Warner,Josh Warner,
Kurt,Warner+,Kurt Warner+,
Ron,Warner,Ron Warner,
David,Warnke,David Warnke,
Warren,,Warren ,
Buss,Warren,Buss Warren,
Carter,Warren,Carter Warren,
Chris,Warren,Chris Warren,
Dewey,Warren,Dewey Warren,
Don,Warren,Don Warren,
Frank,Warren,Frank Warren,
Gerard,Warren,Gerard Warren,
Greg,Warren,Greg Warren,
Jaylen,Warren,Jaylen Warren,
Jeremiah,Warren,Jeremiah Warren,
Jimmy,Warren,Jimmy Warren,
John,Warren,John Warren,
Lamont,Warren,Lamont Warren,
Michael,Warren,Michael Warren,
Morrie,Warren,Morrie Warren,
Paris,Warren,Paris Warren,
Pierre,Warren,Pierre Warren,
Steve,Warren,Steve Warren,
Terrence,Warren,Terrence Warren,
Ty,Warren,Ty Warren,
Vince,Warren,Vince Warren,
Xavier,Warren,Xavier Warren,
Peter,Warrick,Peter Warrick,
Kahale,Warring,Kahale Warring,
Tex,Warrington,Tex Warrington,
Nigel,Warrior,Nigel Warrior,
Earl,Warweg,Earl Warweg,
Lonnie,Warwick,Lonnie Warwick,
Ron,Warzeka,Ron Warzeka,
Adolphus,Washington,Adolphus Washington,
Al,Washington,Al Washington,
Anthony,Washington,Anthony Washington,
Darius,Washington,Darius Washington,
Brandon,Washington,Brandon Washington,
Brian,Washington,Brian Washington,
Broderick,Washington,Broderick Washington,
Carlos,Washington,Carlos Washington,
Casey,Washington,Casey Washington,
Charles,Washington,Charles Washington,
Charles,Washington,Charles Washington,
Chauncey,Washington,Chauncey Washington,
Chris,Washington,Chris Washington,
Chuck,Washington,Chuck Washington,
Clarence,Washington,Clarence Washington,
Clyde,Washington,Clyde Washington,
Corey,Washington,Corey Washington,
Cornelius,Washington,Cornelius Washington,
Damon,Washington,Damon Washington,
Darnell,Washington,Darnell Washington,
Daryl,Washington,Daryl Washington,
Dave,Washington,Dave Washington,
Dave,Washington,Dave Washington,
DeAndre,Washington,DeAndre Washington,
Dewayne,Washington,Dewayne Washington,
Dick,Washington,Dick Washington,
Donald,Washington,Donald Washington,
Dwayne,Washington,Dwayne Washington,
Eric,Washington,Eric Washington,
Fabian,Washington,Fabian Washington,
Fred,Washington,Fred Washington,
Fred,Washington,Fred Washington,
Gene,Washington,Gene Washington,
Gene,Washington,Gene Washington,
Gene,Washington,Gene Washington,
Harry,Washington,Harry Washington,
James,Washington,James Washington,
James,Washington,James Washington,
Joe,Washington,Joe Washington,
Joe,Washington,Joe Washington,
John,Washington,John Washington,
Keith,Washington,Keith Washington,
Kelley,Washington,Kelley Washington,
Kenny,Washington,Kenny Washington,
Leon,Washington,Leon Washington,
Lionel,Washington,Lionel Washington,
Malik,Washington,Malik Washington,
Marcus,Washington,Marcus Washington,
Mark,Washington,Mark Washington,
Mark,Washington,Mark Washington,
Marvin,Washington,Marvin Washington,
Mickey,Washington,Mickey Washington,
Mike,Washington,Mike Washington,
Montrell,Washington,Montrell Washington,
Nate,Washington,Nate Washington,
Parker,Washington,Parker Washington,
Patrick,Washington,Patrick Washington,
Rashad,Washington,Rashad Washington,
Robert,Washington,Robert Washington,
Ronnie,Washington,Ronnie Washington,
Russ,Washington,Russ Washington,
Sam,Washington,Sam Washington,
Scotty,Washington,Scotty Washington,
Tavares,Washington,Tavares Washington,
Ted,Washington,Ted Washington,
Ted,Washington,Ted Washington,
Teddy,Washington,Teddy Washington,
Tim,Washington,Tim Washington,
Todd,Washington,Todd Washington,
Tony,Washington,Tony Washington,
Vic,Washington,Vic Washington,
Jim,Waskiewicz,Jim Waskiewicz,
Lloyd,Wasserbach,Lloyd Wasserbach,
Bob,Waterfield+,Bob Waterfield+,
Andre,Waters,Andre Waters,
Anthony,Waters,Anthony Waters,
Bob,Waters,Bob Waters,
Brian,Waters,Brian Waters,
Charlie,Waters,Charlie Waters,
Dale,Waters,Dale Waters,
Herb,Waters,Herb Waters,
Mike,Waters,Mike Waters,
Earl,Watford,Earl Watford,
Jerry,Watford,Jerry Watford,
Pete,Wathen,Pete Wathen,
Bobby,Watkins,Bobby Watkins,
Bobby,Watkins,Bobby Watkins,
Carlos,Watkins,Carlos Watkins,
Danny,Watkins,Danny Watkins,
Foster,Watkins,Foster Watkins,
Gordon,Watkins,Gordon Watkins,
Jaylen,Watkins,Jaylen Watkins,
Kendell,Watkins,Kendell Watkins,
Larry,Watkins,Larry Watkins,
Pat,Watkins,Pat Watkins,
Quez,Watkins,Quez Watkins,
Rokevious,Watkins,Rokevious Watkins,
Sammy,Watkins,Sammy Watkins,
Todd,Watkins,Todd Watkins,
Tom,Watkins,Tom Watkins,
Allan,Watson,Allan Watson,
Ben,Watson,Ben Watson,
Blake,Watson,Blake Watson,
Chris,Watson,Chris Watson,
Christian,Watson,Christian Watson,
Courtney,Watson,Courtney Watson,
Dave,Watson,Dave Watson,
Dekoda,Watson,Dekoda Watson,
Deshaun,Watson,Deshaun Watson,
Ed,Watson,Ed Watson,
Eddie,Watson,Eddie Watson,
Ernest,Watson,Ernest Watson,
Gabe,Watson,Gabe Watson,
Jaylen,Watson,Jaylen Watson,
Jim,Watson,Jim Watson,
Joe,Watson,Joe Watson,
John,Watson,John Watson,
Josh,Watson,Josh Watson,
Justin,Watson,Justin Watson,
Justin,Watson,Justin Watson,
Kenny,Watson,Kenny Watson,
Leroy,Watson,Leroy Watson,
Louis,Watson,Louis Watson,
Menelik,Watson,Menelik Watson,
Nathaniel,Watson,Nathaniel Watson,
Pete,Watson,Pete Watson,
Rat,Watson,Rat Watson,
Remi,Watson,Remi Watson,
Sid,Watson,Sid Watson,
Steve,Watson,Steve Watson,
Terrell,Watson,Terrell Watson,
Tim,Watson,Tim Watson,
Chris,Watt,Chris Watt,
Derek,Watt,Derek Watt,
J.J.,Watt,J.J. Watt,
Joe,Watt,Joe Watt,
T.J.,Watt,T.J. Watt,
Walt,Watt,Walt Watt,
Frank,Wattelet,Frank Wattelet,
Luke,Wattenberg,Luke Wattenberg,
Bob,Watters,Bob Watters,
Len,Watters,Len Watters,
Orlando,Watters,Orlando Watters,
Ricky,Watters,Ricky Watters,
Scott,Watters,Scott Watters,
Armani,Watts,Armani Watts,
Armon,Watts,Armon Watts,
Brandon,Watts,Brandon Watts,
Craig,Watts,Craig Watts,
Damon,Watts,Damon Watts,
Darius,Watts,Darius Watts,
Elbert,Watts,Elbert Watts,
Eric,Watts,Eric Watts,
George,Watts,George Watts,
Markees,Watts,Markees Watts,
Randy,Watts,Randy Watts,
Rickey,Watts,Rickey Watts,
Robert,Watts,Robert Watts,
Ted,Watts,Ted Watts,
Trey,Watts,Trey Watts,
Charles,Way,Charles Way,
Charlie,Way,Charlie Way,
Tress,Way,Tress Way,
Dave,Waymer,Dave Waymer,
Jared,Wayne,Jared Wayne,
Nate,Wayne,Nate Wayne,
Reggie,Wayne,Reggie Wayne,
Trae,Waynes,Trae Waynes,
Russell,Wayt,Russell Wayt,
Jester,Weah,Jester Weah,
Bob,Wear,Bob Wear,
Fred,Weary,Fred Weary,
Fred,Weary,Fred Weary,
Jim,Weatherall,Jim Weatherall,
Jim,Weatherford,Jim Weatherford,
Sterling,Weatherford,Sterling Weatherford,
Steve,Weatherford,Steve Weatherford,
Colston,Weatherington,Colston Weatherington,
Bones,Weatherly,Bones Weatherly,
Jim,Weatherly,Jim Weatherly,
Stephen,Weatherly,Stephen Weatherly,
Andre,Weathers,Andre Weathers,
Carl,Weathers,Carl Weathers,
Clarence,Weathers,Clarence Weathers,
Cop,Weathers,Cop Weathers,
Curtis,Weathers,Curtis Weathers,
Robert,Weathers,Robert Weathers,
Dennis,Weathersby,Dennis Weathersby,
Cephus,Weatherspoon,Cephus Weatherspoon,
Chuck,Weatherspoon,Chuck Weatherspoon,
Sean,Weatherspoon,Sean Weatherspoon,
Jim,Weatherwax,Jim Weatherwax,
Anthony,Weaver,Anthony Weaver,
Buck,Weaver,Buck Weaver,
Charlie,Weaver,Charlie Weaver,
Curtis,Weaver,Curtis Weaver,
Emanuel,Weaver,Emanuel Weaver,
Gary,Weaver,Gary Weaver,
Herman,Weaver,Herman Weaver,
Jed,Weaver,Jed Weaver,
John,Weaver,John Weaver,
Larrye,Weaver,Larrye Weaver,
Leonard,Weaver,Leonard Weaver,
Rashad,Weaver,Rashad Weaver,
Red,Weaver,Red Weaver,
Xavier,Weaver,Xavier Weaver,
Allan,Webb,Allan Webb,
Art,Webb,Art Webb,
B.W.,Webb,B.W. Webb,
Chuck,Webb,Chuck Webb,
Davis,Webb,Davis Webb,
Dee,Webb,Dee Webb,
Don,Webb,Don Webb,
George,Webb,George Webb,
Marcus,Webb,Marcus Webb,
Jeff,Webb,Jeff Webb,
Jimmy,Webb,Jimmy Webb,
Joe,Webb,Joe Webb,
Ken,Webb,Ken Webb,
Lardarius,Webb,Lardarius Webb,
Mark,Webb,Mark Webb,
Raleigh,Webb,Raleigh Webb,
Richmond,Webb,Richmond Webb,
Sam,Webb,Sam Webb,
Dutch,Webber,Dutch Webber,
Harry,Webber,Harry Webber,
Charlie,Weber,Charlie Weber,
Chuck,Weber,Chuck Weber,
Dick,Weber,Dick Weber,
Alex,Webster,Alex Webster,
Corey,Webster,Corey Webster,
Cornell,Webster,Cornell Webster,
Dave,Webster,Dave Webster,
Elnardo,Webster,Elnardo Webster,
George,Webster,George Webster,
Jason,Webster,Jason Webster,
Kayvon,Webster,Kayvon Webster,
Ken,Webster,Ken Webster,
Kevin,Webster,Kevin Webster,
Larry,Webster,Larry Webster,
Larry,Webster,Larry Webster,
Mike,Webster+,Mike Webster+,
Nate,Webster,Nate Webster,
Nsimba,Webster,Nsimba Webster,
Tim,Webster,Tim Webster,
Floyd,Wedderburn,Floyd Wedderburn,
Mike,Weddington,Mike Weddington,
Eric,Weddle,Eric Weddle,
Dick,Wedel,Dick Wedel,
Herm,Wedemeyer,Herm Wedemeyer,
Scott,Wedige,Scott Wedige,
Tad,Weed,Tad Weed,
Brandon,Weeden,Brandon Weeden,
Don,Weedon,Don Weedon,
George,Weeks,George Weeks,
Jon,Weeks,Jon Weeks,
Marquis,Weeks,Marquis Weeks,
Darrion,Weems,Darrion Weems,
Eric,Weems,Eric Weems,
Norris,Weese,Norris Weese,
Bucky,Wegener,Bucky Wegener,
Mike,Weger,Mike Weger,
Ted,Wegert,Ted Wegert,
Brandon,Wegher,Brandon Wegher,
Ray,Wehba,Ray Wehba,
Roger,Wehrli+,Roger Wehrli+,
Bert,Weidner,Bert Weidner,
Lee,Weigel,Lee Weigel,
Jack,Weil,Jack Weil,
Chuck,Weimer,Chuck Weimer,
Henry,Weinberg,Henry Weinberg,
Sol,Weinberg,Sol Weinberg,
Art,Weiner,Art Weiner,
Bernie,Weiner,Bernie Weiner,
Reds,Weiner,Reds Weiner,
Todd,Weiner,Todd Weiner,
Chris,Weinke,Chris Weinke,
Arnie,Weinmeister+,Arnie Weinmeister+,
Izzy,Weinstock,Izzy Weinstock,
Ed,Weir,Ed Weir,
Joe,Weir,Joe Weir,
Sammy,Weir,Sammy Weir,
Ed,Weisacosky,Ed Weisacosky,
Dick,Weisgerber,Dick Weisgerber,
Clayton,Weishuhn,Clayton Weishuhn,
Howie,Weiss,Howie Weiss,
John,Weiss,John Weiss,
Ron,Weissenhofer,Ron Weissenhofer,
Tripp,Welborne,Tripp Welborne,
John,Welbourn,John Welbourn,
Claxton,Welch,Claxton Welch,
Gibby,Welch,Gibby Welch,
Herb,Welch,Herb Welch,
Jim,Welch,Jim Welch,
Kristian,Welch,Kristian Welch,
Thomas,Welch,Thomas Welch,
Harold,Weldin,Harold Weldin,
Bodie,Weldon,Bodie Weldon,
Casey,Weldon,Casey Weldon,
Larry,Weldon,Larry Weldon,
Wes,Welker,Wes Welker,
Joe,Wellborn,Joe Wellborn,
Bub,Weller,Bub Weller,
Rabbit,Weller,Rabbit Weller,
Gary,Wellman,Gary Wellman,
Mike,Wellman,Mike Wellman,
Arthur,Wells,Arthur Wells,
Beanie,Wells,Beanie Wells,
Billy,Wells,Billy Wells,
Bob,Wells,Bob Wells,
Dana,Wells,Dana Wells,
David,Wells,David Wells,
Dean,Wells,Dean Wells,
Don,Wells,Don Wells,
Harold,Wells,Harold Wells,
Joel,Wells,Joel Wells,
Jonathan,Wells,Jonathan Wells,
Josh,Wells,Josh Wells,
Kent,Wells,Kent Wells,
Mike,Wells,Mike Wells,
Mike,Wells,Mike Wells,
Mike,Wells,Mike Wells,
Norm,Wells,Norm Wells,
Ray,Wells,Ray Wells,
Reggie,Wells,Reggie Wells,
Scott,Wells,Scott Wells,
Terry,Wells,Terry Wells,
Warren,Wells,Warren Wells,
Doug,Wellsandt,Doug Wellsandt,
Woodchuck,Welmas,Woodchuck Welmas,
Jim,Welsh,Jim Welsh,
Jonathan,Welsh,Jonathan Welsh,
Tom,Welter,Tom Welter,
Larry,Weltman,Larry Weltman,
Don,Wemple,Don Wemple,
Martin,Wendell,Martin Wendell,
Ryan,Wendell,Ryan Wendell,
Jack,Wender,Jack Wender,
Hal,Wendler,Hal Wendler,
Joe,Wendlick,Joe Wendlick,
John,Wendling,John Wendling,
Joe,Wendryhoski,Joe Wendryhoski,
Ken,Wendt,Ken Wendt,
Al,Wenglikowski,Al Wenglikowski,
Obe,Wenig,Obe Wenig,
Ad,Wenke,Ad Wenke,
Austin,Wentworth,Austin Wentworth,
Cy,Wentworth,Cy Wentworth,
Barney,Wentz,Barney Wentz,
Carson,Wentz,Carson Wentz,
Jeff,Wenzel,Jeff Wenzel,
Ralph,Wenzel,Ralph Wenzel,
Ralph,Wenzel,Ralph Wenzel,
Dick,Werder,Dick Werder,
Red,Werder,Red Werder,
Bob,Werl,Bob Werl,
Bjoern,Werner,Bjoern Werner,
Clyde,Werner,Clyde Werner,
Greg,Werner,Greg Werner,
Pete,Werner,Pete Werner,
Ray,Wersching,Ray Wersching,
Mule,Werwaiss,Mule Werwaiss,
Al,Wesbecher,Al Wesbecher,
Trevon,Wesco,Trevon Wesco,
Antoine,Wesley,Antoine Wesley,
Bull,Wesley,Bull Wesley,
Dante,Wesley,Dante Wesley,
Ondre,Wesley,Ondre Wesley,
Greg,Wesley,Greg Wesley,
Joe,Wesley,Joe Wesley,
Ricky,Wesson,Ricky Wesson,
Belf,West,Belf West,
Bill,West,Bill West,
Burr,West,Burr West,
Charcandrick,West,Charcandrick West,
Charlie,West,Charlie West,
Chastin,West,Chastin West,
Dave,West,Dave West,
Derek,West,Derek West,
Ed,West,Ed West,
Jeff,West,Jeff West,
Lyle,West,Lyle West,
Mel,West,Mel West,
Pat,West,Pat West,
Robert,West,Robert West,
Ronnie,West,Ronnie West,
Stan,West,Stan West,
Terrance,West,Terrance West,
Troy,West,Troy West,
Walter,West,Walter West,
Willie,West,Willie West,
Brian,Westbrook,Brian Westbrook,
Bryant,Westbrook,Bryant Westbrook,
Byron,Westbrook,Byron Westbrook,
Dede,Westbrook,Dede Westbrook,
Don,Westbrook,Don Westbrook,
Michael,Westbrook,Michael Westbrook,
Ikhine,,Ikhine ,
Ethan,Westbrooks,Ethan Westbrooks,
Greg,Westbrooks,Greg Westbrooks,
Cleve,Wester,Cleve Wester,
Leonard,Wester,Leonard Wester,
Christian,Westerman,Christian Westerman,
Jamaal,Westerman,Jamaal Westerman,
Bob,Westfall,Bob Westfall,
Ed,Westfall,Ed Westfall,
Dick,Westmoreland,Dick Westmoreland,
Eric,Westmoreland,Eric Westmoreland,
Jeff,Weston,Jeff Weston,
Rhondy,Weston,Rhondy Weston,
Jack,Westover,Jack Westover,
Chris,Westry,Chris Westry,
Ryan,Wetnight,Ryan Wetnight,
Bob,Wetoska,Bob Wetoska,
Chet,Wetterlund,Chet Wetterlund,
Max,Wettstein,Max Wettstein,
Harlan,Wetz,Harlan Wetz,
Buzz,Wetzel,Buzz Wetzel,
John,Wetzel,John Wetzel,
Marty,Wetzel,Marty Wetzel,
Ron,Wetzel,Ron Wetzel,
Bill,Wexler,Bill Wexler,
Bill,Whalen,Bill Whalen,
Griff,Whalen,Griff Whalen,
James,Whalen,James Whalen,
Jerry,Whalen,Jerry Whalen,
Jim,Whalen,Jim Whalen,
Ryan,Whalen,Ryan Whalen,
Ben,Whaley,Ben Whaley,
Tom,Wham,Tom Wham,
Hogan,Wharton,Hogan Wharton,
Tershawn,Wharton,Tershawn Wharton,
Travelle,Wharton,Travelle Wharton,
Jim,Whatley,Jim Whatley,
Tyrus,Wheat,Tyrus Wheat,
Warren,Wheat,Warren Wheat,
Austin,Wheatley,Austin Wheatley,
Terrence,Wheatley,Terrence Wheatley,
Tyrone,Wheatley,Tyrone Wheatley,
Tyrone,Wheatley,Tyrone Wheatley,
Kenny,Wheaton,Kenny Wheaton,
Markus,Wheaton,Markus Wheaton,
Chad,Wheeler,Chad Wheeler,
Cowboy,Wheeler,Cowboy Wheeler,
Damen,Wheeler,Damen Wheeler,
Dwight,Wheeler,Dwight Wheeler,
Ernie,Wheeler,Ernie Wheeler,
Leonard,Wheeler,Leonard Wheeler,
Manch,Wheeler,Manch Wheeler,
Mark,Wheeler,Mark Wheeler,
Mark,Wheeler,Mark Wheeler,
Philip,Wheeler,Philip Wheeler,
Ron,Wheeler,Ron Wheeler,
Ted,Wheeler,Ted Wheeler,
Wayne,Wheeler,Wayne Wheeler,
Ernie,Wheelwright,Ernie Wheelwright,
Ernie,Wheelwright,Ernie Wheelwright,
Daniel,Whelan,Daniel Whelan,
Tom,Whelan,Tom Whelan,
Tommy,Whelan,Tommy Whelan,
Craig,Whelihan,Craig Whelihan,
Larry,Whigham,Larry Whigham,
Guy,Whimper,Guy Whimper,
Ray,Whipple,Ray Whipple,
Jodie,Whire,Jodie Whire,
Ken,Whisenhunt,Ken Whisenhunt,
Bill,Whitaker,Bill Whitaker,
Creston,Whitaker,Creston Whitaker,
Danta,Whitaker,Danta Whitaker,
Ronyell,Whitaker,Ronyell Whitaker,
Frank,Whitcomb,Frank Whitcomb,
Adrian,White,Adrian White,
Alberto,White,Alberto White,
Allie,White,Allie White,
Andre,White,Andre White,
Blair,White,Blair White,
Bob,White,Bob White,
Bob,White,Bob White,
Bob,White,Bob White,
Brad,White,Brad White,
Buck,White,Buck White,
Bucky,White,Bucky White,
Charles,White,Charles White,
Charlie,White,Charlie White,
Chris,White,Chris White,
Chris,White,Chris White,
Chris,White,Chris White,
Chris,White,Chris White,
Clayton,White,Clayton White,
Cody,White,Cody White,
Cody,White,Cody White,
Corey,White,Corey White,
Craig,White,Craig White,
D.J.,White,D.J. White,
Danny,White,Danny White,
Daryl,White,Daryl White,
DaShaun,White,DaShaun White,
David,White,David White,
DeAndrew,White,DeAndrew White,
Devin,White,Devin White,
Dewayne,White,Dewayne White,
Dez,White,Dez White,
Dwayne,White,Dwayne White,
Dwight,White,Dwight White,
Ed,White,Ed White,
Ellery,White,Ellery White,
Freeman,White,Freeman White,
Gene,White,Gene White,
Gene,White,Gene White,
Gerald,White,Gerald White,
Harvey,White,Harvey White,
Jamel,White,Jamel White,
James,White,James White,
James,White,James White,
Jan,White,Jan White,
Javin,White,Javin White,
Jeff,White,Jeff White,
Jeris,White,Jeris White,
Jim,White,Jim White,
Jim,White,Jim White,
John,White,John White,
Johnny,White,Johnny White,
Jordan,White,Jordan White,
Jose,White,Jose White,
Keion,White,Keion White,
Kevin,White,Kevin White,
Kyzir,White,Kyzir White,
Lawrence,White,Lawrence White,
Lee,White,Lee White,
LenDale,White,LenDale White,
Leon,White,Leon White,
Lorenzo,White,Lorenzo White,
Lyman,White,Lyman White,
Mac,White,Mac White,
Markus,White,Markus White,
Marsh,White,Marsh White,
Marvin,White,Marvin White,
Melvin,White,Melvin White,
Mike,White,Mike White,
Mike,White,Mike White,
Myles,White,Myles White,
Pat,White,Pat White,
Paul,White,Paul White,
Paul,White,Paul White,
Phil,White,Phil White,
Rachaad,White,Rachaad White,
Ralph,White,Ralph White,
Randy,White+,Randy White+,
Ray,White,Ray White,
Reggie,White+,Reggie White+,
Reggie,White,Reggie White,
Reggie,White,Reggie White,
Robb,White,Robb White,
Robert,White,Robert White,
Roddy,White,Roddy White,
Russell,White,Russell White,
Sammy,White,Sammy White,
Sheldon,White,Sheldon White,
Sherman,White,Sherman White,
Stan,White,Stan White,
Steve,White,Steve White,
Stylez,G.,Stylez G.,
Tarzan,White,Tarzan White,
Tim,White,Tim White,
Tracy,White,Tracy White,
Davious,White,Davious White,
Walter,White,Walter White,
Whizzer,White,Whizzer White,
Wilbur,White,Wilbur White,
Wilford,White,Wilford White,
William,White,William White,
Zamir,White,Zamir White,
Marv,Whited,Marv Whited,
Mike,Whited,Mike Whited,
Cody,Whitehair,Cody Whitehair,
Bud,Whitehead,Bud Whitehead,
Jermaine,Whitehead,Jermaine Whitehead,
Jordan,Whitehead,Jordan Whitehead,
Lucky,Whitehead,Lucky Whitehead,
Tahir,Whitehead,Tahir Whitehead,
Walker,Whitehead,Walker Whitehead,
Willie,Whitehead,Willie Whitehead,
Blake,Whiteheart,Blake Whiteheart,
Charlie,Whitehurst,Charlie Whitehurst,
David,Whitehurst,David Whitehurst,
Keyon,Whiteside,Keyon Whiteside,
Nick,Whiteside,Nick Whiteside,
A.D.,Whitfield,A.D. Whitfield,
Bob,Whitfield,Bob Whitfield,
Brandon,Whiting,Brandon Whiting,
Teag,Whiting,Teag Whiting,
Blake,Whitlatch,Blake Whitlatch,
Benton,Whitley,Benton Whitley,
Curtis,Whitley,Curtis Whitley,
Hall,Whitley,Hall Whitley,
James,Whitley,James Whitley,
Taylor,Whitley,Taylor Whitley,
Wilson,Whitley,Wilson Whitley,
Nikita,Whitlock,Nikita Whitlock,
Bob,Whitlow,Bob Whitlow,
Ken,Whitlow,Ken Whitlow,
Josh,Whitman,Josh Whitman,
S.J.,Whitman,S.J. Whitman,
Vic,Whitmarsh,Vic Whitmarsh,
Dave,Whitmore,Dave Whitmore,
Nat,Whitmyer,Nat Whitmyer,
Donte,Whitner,Donte Whitner,
Isaac,Whitney,Isaac Whitney,
Dave,Whitsell,Dave Whitsell,
Fozzy,Whittaker,Fozzy Whittaker,
Jace,Whittaker,Jace Whittaker,
Alvis,Whitted,Alvis Whitted,
Bobby,Whitten,Bobby Whitten,
Todd,Whitten,Todd Whitten,
Jesse,Whittenton,Jesse Whittenton,
Will,Whitticker,Will Whitticker,
Cary,Whittingham,Cary Whittingham,
Fred,Whittingham,Fred Whittingham,
Kyle,Whittingham,Kyle Whittingham,
Arthur,Whittington,Arthur Whittington,
Bernard,Whittington,Bernard Whittington,
C.L.,Whittington,C.L. Whittington,
Jordan,Whittington,Jordan Whittington,
Mike,Whittington,Mike Whittington,
Jason,Whittle,Jason Whittle,
Ricky,Whittle,Ricky Whittle,
Mike,Whitwell,Mike Whitwell,
Andrew,Whitworth,Andrew Whitworth,
Josh,Whyle,Josh Whyle,
Kerrith,Whyte,Kerrith Whyte,
John,Wiatrak,John Wiatrak,
Ossie,Wiberg,Ossie Wiberg,
Murray,Wichard,Murray Wichard,
Cody,Wichmann,Cody Wichmann,
Cole,Wick,Cole Wick,
Tom,Wickert,Tom Wickert,
Lloyd,Wickett,Lloyd Wickett,
Bob,Wicks,Bob Wicks,
Dontayvion,Wicks,Dontayvion Wicks,
Ron,Widby,Ron Widby,
Dave,Widell,Dave Widell,
Doug,Widell,Doug Widell,
Chet,Widerquist,Chet Widerquist,
Bud,Widick,Bud Widick,
Corey,Widmer,Corey Widmer,
Ed,Widseth,Ed Widseth,
Eric,Wiegand,Eric Wiegand,
Zach,Wiegert,Zach Wiegert,
Casey,Wiegmann,Casey Wiegmann,
Joe,Wiehl,Joe Wiehl,
Bob,Wiese,Bob Wiese,
Heinie,Wiesenbaugh,Heinie Wiesenbaugh,
Ray,Wietecha,Ray Wietecha,
Socko,Wiethe,Socko Wiethe,
Paul,Wiggin,Paul Wiggin,
James,Wiggins,James Wiggins,
Jermaine,Wiggins,Jermaine Wiggins,
Kenny,Wiggins,Kenny Wiggins,
Nate,Wiggins,Nate Wiggins,
Paul,Wiggins,Paul Wiggins,
Gene,Wiggs,Gene Wiggs,
Hubert,Wiggs,Hubert Wiggs,
Bill,Wightkin,Bill Wightkin,
Kyle,Wilber,Kyle Wilber,
Ray,Wilborn,Ray Wilborn,
John,Wilbur,John Wilbur,
Barry,Wilburn,Barry Wilburn,
J.R.,Wilburn,J.R. Wilburn,
Steve,Wilburn,Steve Wilburn,
Mike,Wilcher,Mike Wilcher,
Solomon,Wilcots,Solomon Wilcots,
Daniel,Wilcox,Daniel Wilcox,
Dave,Wilcox+,Dave Wilcox+,
Firpo,Wilcox,Firpo Wilcox,
J.J.,Wilcox,J.J. Wilcox,
John,Wilcox,John Wilcox,
Josh,Wilcox,Josh Wilcox,
Mitchell,Wilcox,Mitchell Wilcox,
Ned,Wilcox,Ned Wilcox,
George,Wilde,George Wilde,
Bert,Wilder,Bert Wilder,
Hal,Wilder,Hal Wilder,
James,Wilder,James Wilder,
Rachad,Wildgoose,Rachad Wildgoose,
Brandon,Wilds,Brandon Wilds,
Garnell,Wilds,Garnell Wilds,
Dick,Wildung,Dick Wildung,
Matt,Wile,Matt Wile,
Charles,Wiley,Charles Wiley,
Chuck,Wiley,Chuck Wiley,
Jack,Wiley,Jack Wiley,
Jared,Wiley,Jared Wiley,
Marcellus,Wiley,Marcellus Wiley,
Michael,Wiley,Michael Wiley,
Ernest,Wilford,Ernest Wilford,
Vince,Wilfork,Vince Wilfork,
Erik,Wilhelm,Erik Wilhelm,
Matt,Wilhelm,Matt Wilhelm,
Jonathan,Wilhite,Jonathan Wilhite,
Michael,Wilhoite,Michael Wilhoite,
Elmer,Wilkens,Elmer Wilkens,
Basil,Wilkerson,Basil Wilkerson,
Ben,Wilkerson,Ben Wilkerson,
Bruce,Wilkerson,Bruce Wilkerson,
Daryl,Wilkerson,Daryl Wilkerson,
Doug,Wilkerson,Doug Wilkerson,
Eric,Wilkerson,Eric Wilkerson,
Jimmy,Wilkerson,Jimmy Wilkerson,
Kristian,Wilkerson,Kristian Wilkerson,
Muhammad,Wilkerson,Muhammad Wilkerson,
Reggie,Wilkes,Reggie Wilkes,
Willie,Wilkin,Willie Wilkin,
Christian,Wilkins,Christian Wilkins,
David,Wilkins,David Wilkins,
Dick,Wilkins,Dick Wilkins,
Gabe,Wilkins,Gabe Wilkins,
Gary,Wilkins,Gary Wilkins,
Jeff,Wilkins,Jeff Wilkins,
Jordan,Wilkins,Jordan Wilkins,
Marcus,Wilkins,Marcus Wilkins,
Mazzi,Wilkins,Mazzi Wilkins,
Roy,Wilkins,Roy Wilkins,
Terrence,Wilkins,Terrence Wilkins,
Bob,Wilkinson,Bob Wilkinson,
Dan,Wilkinson,Dan Wilkinson,
Elijah,Wilkinson,Elijah Wilkinson,
Gerris,Wilkinson,Gerris Wilkinson,
Jerry,Wilkinson,Jerry Wilkinson,
Jim,Wilks,Jim Wilks,
Erwin,Will,Erwin Will,
Jerrott,Willard,Jerrott Willard,
Ken,Willard,Ken Willard,
Henry,Willegale,Henry Willegale,
Kenny,Willekes,Kenny Willekes,
Willert,,Willert ,
Norm,Willey,Norm Willey,
Cole,Willging,Cole Willging,
Gerald,Willhite,Gerald Willhite,
Kevin,Willhite,Kevin Willhite,
A.D.,Williams,A.D. Williams,
Aaron,Williams,Aaron Williams,
Aeneas,Williams+,Aeneas Williams+,
Al,Williams,Al Williams,
Alfred,Williams,Alfred Williams,
Allen,Williams,Allen Williams,
Alonzo,Williams,Alonzo Williams,
Andre,Williams,Andre Williams,
Andrew,Williams,Andrew Williams,
Antonio,Williams,Antonio Williams,
Antwione,Williams,Antwione Williams,
Armon,Williams,Armon Williams,
Avery,Williams,Avery Williams,
Ben,Williams,Ben Williams,
Ben,Williams,Ben Williams,
Bernard,Williams,Bernard Williams,
Bert,Williams,Bert Williams,
Billy,Williams,Billy Williams,
Bob,Williams,Bob Williams,
Bobbie,Williams,Bobbie Williams,
Bobby,Williams,Bobby Williams,
Boo,Williams,Boo Williams,
Boyd,Williams,Boyd Williams,
Brandon,Williams,Brandon Williams,
Brandon,Williams,Brandon Williams,
Brandon,Williams,Brandon Williams,
Brandon,Williams,Brandon Williams,
Brandon,Williams,Brandon Williams,
Brent,Williams,Brent Williams,
Brett,Williams,Brett Williams,
Brian,Williams,Brian Williams,
Brian,Williams,Brian Williams,
Brian,Williams,Brian Williams,
Brian,Williams,Brian Williams,
Brock,Williams,Brock Williams,
Brooks,Williams,Brooks Williams,
Byron,Williams,Byron Williams,
Cadillac,Williams,Cadillac Williams,
Caleb,Williams,Caleb Williams,
Calvin,Williams,Calvin Williams,
Cary,Williams,Cary Williams,
Chad,Williams,Chad Williams,
Chad,Williams,Chad Williams,
Charles,Williams,Charles Williams,
Charlie,Williams,Charlie Williams,
Chavis,Williams,Chavis Williams,
Chris,Williams,Chris Williams,
Chris,Williams,Chris Williams,
Chris,Williams,Chris Williams,
Chris,Williams,Chris Williams,
Chris,Williams,Chris Williams,
Clancy,Williams,Clancy Williams,
Clarence,Williams,Clarence Williams,
Clarence,Williams,Clarence Williams,
Clarence,Williams,Clarence Williams,
Clarence,Williams,Clarence Williams,
Clyde,Williams,Clyde Williams,
Clyde,Williams,Clyde Williams,
Connor,Williams,Connor Williams,
Corey,Williams,Corey Williams,
Cy,Williams,Cy Williams,
D.J.,Williams,D.J. Williams,
D.J.,Williams,D.J. Williams,
D.J.,Williams,D.J. Williams,
Damarion,Williams,Damarion Williams,
Damian,Williams,Damian Williams,
Damien,Williams,Damien Williams,
Dan,Williams,Dan Williams,
Dan,Williams,Dan Williams,
Darious,Williams,Darious Williams,
Darrel,Williams,Darrel Williams,
Darrell,Williams,Darrell Williams,
Darrell,Williams,Darrell Williams,
Darrent,Williams,Darrent Williams,
Darryl,Williams,Darryl Williams,
Darryl,Williams,Darryl Williams,
Daryl,Williams,Daryl Williams,
Dave,Williams,Dave Williams,
Dave,Williams,Dave Williams,
Davern,Williams,Davern Williams,
David,Williams,David Williams,
David,Williams,David Williams,
David,Williams,David Williams,
DeAngelo,Williams,DeAngelo Williams,
Dee,Williams,Dee Williams,
Del,Williams,Del Williams,
Delvin,Williams,Delvin Williams,
Demetrius,Williams,Demetrius Williams,
Demise,Williams,Demise Williams,
Demorrio,Williams,Demorrio Williams,
Derrick,Williams,Derrick Williams,
Derwin,Williams,Derwin Williams,
DeShawn,Williams,DeShawn Williams,
Dexter,Williams,Dexter Williams,
Doc,Williams,Doc Williams,
Dokie,Williams,Dokie Williams,
Domanick,Williams,Domanick Williams,
Don,Williams,Don Williams,
Donnie,Williams,Donnie Williams,
Dorian,Williams,Dorian Williams,
Doug,Williams,Doug Williams,
Doug,Williams,Doug Williams,
Duke,Williams,Duke Williams,
Duke,Williams,Duke Williams,
Ed,Williams,Ed Williams,
Ed,Williams,Ed Williams,
Eddie,Williams,Eddie Williams,
Edwin,Williams,Edwin Williams,
Elijah,Williams,Elijah Williams,
Ellery,Williams,Ellery Williams,
Eric,Williams,Eric Williams,
Eric,Williams,Eric Williams,
Eric,Williams,Eric Williams,
Erik,Williams,Erik Williams,
Erwin,Williams,Erwin Williams,
Eugene,Williams,Eugene Williams,
Evan,Williams,Evan Williams,
Frank,Williams,Frank Williams,
Frank,Williams,Frank Williams,
Frankie,Williams,Frankie Williams,
Fred,Williams,Fred Williams,
Gardner,Williams,Gardner Williams,
Garland,Williams,Garland Williams,
Garrett,Williams,Garrett Williams,
Garry,Williams,Garry Williams,
Gary,Williams,Gary Williams,
Gene,Williams,Gene Williams,
George,Williams,George Williams,
Gerald,Williams,Gerald Williams,
Gerard,Williams,Gerard Williams,
Gerome,Williams,Gerome Williams,
Grant,Williams,Grant Williams,
Greedy,Williams,Greedy Williams,
Greg,Williams,Greg Williams,
Harry,Williams,Harry Williams,
Harvey,Williams,Harvey Williams,
Henry,Williams,Henry Williams,
Henry,Williams,Henry Williams,
Herb,Williams,Herb Williams,
Howie,Williams,Howie Williams,
Ian,Williams,Ian Williams,
Ike,Williams,Ike Williams,
Inky,Williams,Inky Williams,
Isaiah,Williams,Isaiah Williams,
Isaiah,Williams,Isaiah Williams,
Jabara,Williams,Jabara Williams,
Jack,Williams,Jack Williams,
Jacquian,Williams,Jacquian Williams,
Jake,Williams,Jake Williams,
Jamaal,Williams,Jamaal Williams,
Jamal,Williams,Jamal Williams,
Jamar,Williams,Jamar Williams,
Jamel,Williams,Jamel Williams,
James,Williams,James Williams,
James,Williams,James Williams,
James,Williams,James Williams,
James,Williams,James Williams,
James,Williams,James Williams,
Jameson,Williams,Jameson Williams,
Jamie,Williams,Jamie Williams,
Jarren,Williams,Jarren Williams,
Jarveon,Williams,Jarveon Williams,
Jarvis,Williams,Jarvis Williams,
Jason,Williams,Jason Williams,
Javarris,Williams,Javarris Williams,
Javonte,Williams,Javonte Williams,
Jay,Williams,Jay Williams,
Jaylin,Williams,Jaylin Williams,
Jeff,Williams,Jeff Williams,
Jeff,Williams,Jeff Williams,
Jermaine,Williams,Jermaine Williams,
Jerrol,Williams,Jerrol Williams,
Jerry,Williams,Jerry Williams,
Jim,Williams,Jim Williams,
Jimmy,Williams,Jimmy Williams,
Jimmy,Williams,Jimmy Williams,
Jimmy,Williams,Jimmy Williams,
Joe,Williams,Joe Williams,
Joe,Williams,Joe Williams,
Joe,Williams,Joe Williams,
Joe,Williams,Joe Williams,
Joejuan,Williams,Joejuan Williams,
Joel,Williams,Joel Williams,
Joel,Williams,Joel Williams,
Joel,Williams,Joel Williams,
John,Williams,John Williams,
John,Williams,John Williams,
John,Williams,John Williams,
John,Williams,John Williams,
Johnny,Williams,Johnny Williams,
Jon,Williams,Jon Williams,
Jonah,Williams,Jonah Williams,
Jonah,Williams,Jonah Williams,
Jonathan,Williams,Jonathan Williams,
Jordan,Williams,Jordan Williams,
Josh,Williams,Josh Williams,
Joshua,Williams,Joshua Williams,
Julius,Williams,Julius Williams,
Waun,Williams,Waun Williams,
K.D.,Williams,K.D. Williams,
Karl,Williams,Karl Williams,
Karlos,Williams,Karlos Williams,
Kasen,Williams,Kasen Williams,
Keiland,Williams,Keiland Williams,
Keith,Williams,Keith Williams,
Keith,Williams,Keith Williams,
Kendall,Williams,Kendall Williams,
Kerwynn,Williams,Kerwynn Williams,
Kevin,Williams,Kevin Williams,
Kevin,Williams,Kevin Williams,
Kevin,Williams,Kevin Williams,
Kevin,Williams,Kevin Williams,
Kevin,Williams,Kevin Williams,
Kevin,Williams,Kevin Williams,
Kyle,Williams,Kyle Williams,
Kyle,Williams,Kyle Williams,
Kyle,Williams,Kyle Williams,
Kyren,Williams,Kyren Williams,
Lamanzer,Williams,Lamanzer Williams,
LaQuan,Williams,LaQuan Williams,
Larry,Williams,Larry Williams,
Lawrence,Williams,Lawrence Williams,
Lee,Williams,Lee Williams,
Leon,Williams,Leon Williams,
Leonard,Williams,Leonard Williams,
Leonard,Williams,Leonard Williams,
Lester,Williams,Lester Williams,
Louis,Williams,Louis Williams,
Madieu,Williams,Madieu Williams,
Malcolm,Williams,Malcolm Williams,
Marcus,Williams,Marcus Williams,
Marcus,Williams,Marcus Williams,
Marcus,Williams,Marcus Williams,
Mario,Williams,Mario Williams,
Mark,Williams,Mark Williams,
Marquez,Williams,Marquez Williams,
Marv,Williams,Marv Williams,
Maurice,Williams,Maurice Williams,
Maxie,Williams,Maxie Williams,
Maxx,Williams,Maxx Williams,
Melvin,Williams,Melvin Williams,
Michael,Williams,Michael Williams,
Michael,Williams,Michael Williams,
Michael,Williams,Michael Williams,
Mike,Williams,Mike Williams,
Mike,Williams,Mike Williams,
Mike,Williams,Mike Williams,
Mike,Williams,Mike Williams,
Mike,Williams,Mike Williams,
Mike,Williams,Mike Williams,
Mike,Williams,Mike Williams,
Mike,Williams,Mike Williams,
Milton,Williams,Milton Williams,
Moe,Williams,Moe Williams,
Monk,Williams,Monk Williams,
Newton,Williams,Newton Williams,
Nick,Williams,Nick Williams,
Nick,Williams,Nick Williams,
Oliver,Williams,Oliver Williams,
P.J.,Williams,P.J. Williams,
Pat,Williams,Pat Williams,
Paul,Williams,Paul Williams,
Payton,Williams,Payton Williams,
Perry,Williams,Perry Williams,
Perry,Williams,Perry Williams,
Perry,Williams,Perry Williams,
Pooh,Bear,Pooh Bear,
Pooka,Williams,Pooka Williams,
Pop,Williams,Pop Williams,
Preston,Williams,Preston Williams,
Pryor,Williams,Pryor Williams,
Quincy,Williams,Quincy Williams,
Quinnen,Williams,Quinnen Williams,
Quintin,Williams,Quintin Williams,
Raequan,Williams,Raequan Williams,
Ralph,Williams,Ralph Williams,
Randal,Williams,Randal Williams,
Ray,Williams,Ray Williams,
Ray,Williams,Ray Williams,
Reggie,Williams,Reggie Williams,
Reggie,Williams,Reggie Williams,
Renaud,Williams,Renaud Williams,
Rex,Williams,Rex Williams,
Richard,Williams,Richard Williams,
Richard,Williams,Richard Williams,
Ricky,Williams,Ricky Williams,
Ricky,Williams,Ricky Williams,
Ricky,Williams,Ricky Williams,
Robert,Williams,Robert Williams,
Robert,Williams,Robert Williams,
Robert,Williams,Robert Williams,
Rodarius,Williams,Rodarius Williams,
Rodney,Williams,Rodney Williams,
Rodney,Williams,Rodney Williams,
Rodney,Williams,Rodney Williams,
Roger,Williams,Roger Williams,
Roland,Williams,Roland Williams,
Rollie,Williams,Rollie Williams,
Ronnie,Williams,Ronnie Williams,
Roosevelt,Williams,Roosevelt Williams,
Roy,Williams,Roy Williams,
Roy,Williams,Roy Williams,
Roy,Williams,Roy Williams,
Roydell,Williams,Roydell Williams,
Ryan,Williams,Ryan Williams,
Sam,Williams,Sam Williams,
Sam,Williams,Sam Williams,
Sam,Williams,Sam Williams,
Sam,Williams,Sam Williams,
Sammy,Williams,Sammy Williams,
Scott,Williams,Scott Williams,
Seth,Williams,Seth Williams,
Shaud,Williams,Shaud Williams,
Shaun,Williams,Shaun Williams,
Shawn,Williams,Shawn Williams,
Sherman,Williams,Sherman Williams,
Sid,Williams,Sid Williams,
Stan,Williams,Stan Williams,
Stepfret,Williams,Stepfret Williams,
Stephen,Williams,Stephen Williams,
Stephen,Williams,Stephen Williams,
Steve,Williams,Steve Williams,
Steve,Williams,Steve Williams,
Sylvester,Williams,Sylvester Williams,
Tank,Williams,Tank Williams,
Ted,Williams,Ted Williams,
Teddy,Williams,Teddy Williams,
Terrance,Williams,Terrance Williams,
Terry,Williams,Terry Williams,
Tex,Williams,Tex Williams,
Thomas,Williams,Thomas Williams,
Tim,Williams,Tim Williams,
Toby,Williams,Toby Williams,
Todd,Williams,Todd Williams,
Tom,Williams,Tom Williams,
Tony,Williams,Tony Williams,
Torri,Williams,Torri Williams,
Tourek,Williams,Tourek Williams,
Tramon,Williams,Tramon Williams,
Travis,Williams,Travis Williams,
Travis,Williams,Travis Williams,
Travis,Williams,Travis Williams,
Trayveon,Williams,Trayveon Williams,
Trent,Williams,Trent Williams,
Trevardo,Williams,Trevardo Williams,
Trevor,Williams,Trevor Williams,
Trey,Williams,Trey Williams,
Trill,Williams,Trill Williams,
Son,Williams,Son Williams,
Tyrell,Williams,Tyrell Williams,
Tyrone,Williams,Tyrone Williams,
Tyrone,Williams,Tyrone Williams,
Tyrone,Williams,Tyrone Williams,
Van,Williams,Van Williams,
Vaughn,Williams,Vaughn Williams,
Vince,Williams,Vince Williams,
Vince,Williams,Vince Williams,
Wally,Williams,Wally Williams,
Walt,Williams,Walt Williams,
Walt,Williams,Walt Williams,
Walter,Williams,Walter Williams,
Wandy,Williams,Wandy Williams,
Warren,Williams,Warren Williams,
Wendall,Williams,Wendall Williams,
Willie,Williams,Willie Williams,
Willie,Williams,Willie Williams,
Willie,Williams,Willie Williams,
Windell,Williams,Windell Williams,
Xavier,Williams,Xavier Williams,
Zack,Williams,Zack Williams,
Avery,Williamson,Avery Williamson,
Carlton,Williamson,Carlton Williamson,
Chris,Williamson,Chris Williamson,
Ernie,Williamson,Ernie Williamson,
Fred,Williamson,Fred Williamson,
Greg,Williamson,Greg Williamson,
J.R.,Williamson,J.R. Williamson,
Kendall,Williamson,Kendall Williamson,
Troy,Williamson,Troy Williamson,
Derrick,Willies,Derrick Willies,
Matt,Willig,Matt Willig,
Larry,Willingham,Larry Willingham,
Bill,Willis+,Bill Willis+,
Brayden,Willis,Brayden Willis,
Chester,Willis,Chester Willis,
Damion,Willis,Damion Willis,
Donald,Willis,Donald Willis,
Fred,Willis,Fred Willis,
Gerald,Willis,Gerald Willis,
Jamal,Willis,Jamal Willis,
James,Willis,James Willis,
Jason,Willis,Jason Willis,
Jordan,Willis,Jordan Willis,
Keith,Willis,Keith Willis,
Ken,Willis,Ken Willis,
Khari,Willis,Khari Willis,
Larry,Willis,Larry Willis,
Leonard,Willis,Leonard Willis,
Malik,Willis,Malik Willis,
Matt,Willis,Matt Willis,
Mitch,Willis,Mitch Willis,
Patrick,Willis+,Patrick Willis+,
Peter,Tom,Peter Tom,
Ray,Willis,Ray Willis,
Jedrick,Wills,Jedrick Wills,
Ladell,Wills,Ladell Wills,
Diddie,Willson,Diddie Willson,
Joe,Willson,Joe Willson,
Luke,Willson,Luke Willson,
Ray,Wilmer,Ray Wilmer,
Trevor,Wilmot,Trevor Wilmot,
Klaus,Wilmsmeyer,Klaus Wilmsmeyer,
Jeff,Wilner,Jeff Wilner,
Tony,Wilsbach,Tony Wilsbach,
Abe,Wilson,Abe Wilson,
Adrian,Wilson,Adrian Wilson,
Al,Wilson,Al Wilson,
Albert,Wilson,Albert Wilson,
Antonio,Wilson,Antonio Wilson,
Ben,Wilson,Ben Wilson,
Bernard,Wilson,Bernard Wilson,
Billy,Wilson,Billy Wilson,
Billy,Wilson,Billy Wilson,
Bobby,Wilson,Bobby Wilson,
Bobby,Wilson,Bobby Wilson,
Bobo,Wilson,Bobo Wilson,
Brandon,Wilson,Brandon Wilson,
Brenard,Wilson,Brenard Wilson,
Brett,Wilson,Brett Wilson,
Butch,Wilson,Butch Wilson,
C.J.,Wilson,C.J. Wilson,
C.J.,Wilson,C.J. Wilson,
C.J.,Wilson,C.J. Wilson,
Caleb,Wilson,Caleb Wilson,
Camp,Wilson,Camp Wilson,
Cedrick,Wilson,Cedrick Wilson,
Cedrick,Wilson,Cedrick Wilson,
Charles,Wilson,Charles Wilson,
Chris,Wilson,Chris Wilson,
Damien,Wilson,Damien Wilson,
Darrell,Wilson,Darrell Wilson,
Darryal,Wilson,Darryal Wilson,
Dave,Wilson,Dave Wilson,
David,Wilson,David Wilson,
David,Wilson,David Wilson,
Divaad,Wilson,Divaad Wilson,
Don,Wilson,Don Wilson,
Donovan,Wilson,Donovan Wilson,
Drip,Wilson,Drip Wilson,
E.J.,Wilson,E.J. Wilson,
Earl,Wilson,Earl Wilson,
Eddie,Wilson,Eddie Wilson,
Emanuel,Wilson,Emanuel Wilson,
Eric,Wilson,Eric Wilson,
Eric,Wilson,Eric Wilson,
Eugene,Wilson,Eugene Wilson,
Frank,Wilson,Frank Wilson,
Garrett,Wilson,Garrett Wilson,
Gene,Wilson,Gene Wilson,
George,Wilson,George Wilson,
George,Wilson,George Wilson,
George,Wilson,George Wilson,
George,Wilson,George Wilson,
Gibril,Wilson,Gibril Wilson,
Gillis,Wilson,Gillis Wilson,
Gordon,Wilson,Gordon Wilson,
Harry,Wilson,Harry Wilson,
Isaiah,Wilson,Isaiah Wilson,
J.C.,Wilson,J.C. Wilson,
Jack,Wilson,Jack Wilson,
Jamie,Wilson,Jamie Wilson,
Jarrod,Wilson,Jarrod Wilson,
Jeff,Wilson,Jeff Wilson,
Jerrel,Wilson,Jerrel Wilson,
Jerry,Wilson,Jerry Wilson,
Jerry,Wilson,Jerry Wilson,
Jim,Wilson,Jim Wilson,
Jim,Wilson,Jim Wilson,
Jimmy,Wilson,Jimmy Wilson,
Joe,Wilson,Joe Wilson,
Johnny,Wilson,Johnny Wilson,
Johnny,Wilson,Johnny Wilson,
Josh,Wilson,Josh Wilson,
Karl,Wilson,Karl Wilson,
Kion,Wilson,Kion Wilson,
Kris,Wilson,Kris Wilson,
Kyle,Wilson,Kyle Wilson,
Kyle,Wilson,Kyle Wilson,
Larry,Wilson+,Larry Wilson+,
Lee,Wilson,Lee Wilson,
Logan,Wilson,Logan Wilson,
Mack,Wilson,Mack Wilson,
Marc,Wilson,Marc Wilson,
Marco,Wilson,Marco Wilson,
Marcus,Wilson,Marcus Wilson,
Mark,Wilson,Mark Wilson,
Marquess,Wilson,Marquess Wilson,
Martez,Wilson,Martez Wilson,
Marvin,Wilson,Marvin Wilson,
Michael,Wilson,Michael Wilson,
Mike,Wilson,Mike Wilson,
Mike,Wilson,Mike Wilson,
Mike,Wilson,Mike Wilson,
Mike,Wilson,Mike Wilson,
Mike,Wilson,Mike Wilson,
Milt,Wilson,Milt Wilson,
Milton,Wilson,Milton Wilson,
Mule,Wilson,Mule Wilson,
Nemiah,Wilson,Nemiah Wilson,
Otis,Wilson,Otis Wilson,
Payton,Wilson,Payton Wilson,
Perce,Wilson,Perce Wilson,
Quincy,Wilson,Quincy Wilson,
Quincy,Wilson,Quincy Wilson,
Ramik,Wilson,Ramik Wilson,
Ray,Wilson,Ray Wilson,
Reinard,Wilson,Reinard Wilson,
Robert,Wilson,Robert Wilson,
Robert,Wilson,Robert Wilson,
Rod,Wilson,Rod Wilson,
Roman,Wilson,Roman Wilson,
Russell,Wilson,Russell Wilson,
Shaun,Wilson,Shaun Wilson,
Sheddrick,Wilson,Sheddrick Wilson,
Stanley,Wilson,Stanley Wilson,
Stanley,Wilson,Stanley Wilson,
Steve,Wilson,Steve Wilson,
Steve,Wilson,Steve Wilson,
Stu,Wilson,Stu Wilson,
Tavon,Wilson,Tavon Wilson,
Ted,Wilson,Ted Wilson,
Tim,Wilson,Tim Wilson,
Tommy,Wilson,Tommy Wilson,
Tracy,Wilson,Tracy Wilson,
Travis,Wilson,Travis Wilson,
Troy,Wilson,Troy Wilson,
Troy,Wilson,Troy Wilson,
Tyree,Wilson,Tyree Wilson,
Wade,Wilson,Wade Wilson,
Walter,Wilson,Walter Wilson,
Wayne,Wilson,Wayne Wilson,
Wildcat,Wilson,Wildcat Wilson,
Zach,Wilson,Zach Wilson,
Jason,Wiltz,Jason Wiltz,
Ab,Wimberly,Ab Wimberly,
By,Wimberly,By Wimberly,
Derek,Wimberly,Derek Wimberly,
Marcus,Wimberly,Marcus Wimberly,
Kamerion,Wimbley,Kamerion Wimbley,
Derrick,Wimbush,Derrick Wimbush,
Gary,Wimmer,Gary Wimmer,
Javon,Wims,Javon Wims,
Jeff,Winans,Jeff Winans,
Tydus,Winans,Tydus Winans,
Jamie,Winborn,Jamie Winborn,
Jamaine,Winborne,Jamaine Winborne,
Ernie,Winburn,Ernie Winburn,
James,Winchester,James Winchester,
Bill,Windauer,Bill Windauer,
Joe,Windbiel,Joe Windbiel,
Sammy,Winder,Sammy Winder,
Dave,Windham,Dave Windham,
Jacoby,Windmon,Jacoby Windmon,
Bob,Windsor,Bob Windsor,
Robert,Windsor,Robert Windsor,
Mike,Windt,Mike Windt,
Brandon,Winey,Brandon Winey,
Antoine,Winfield,Antoine Winfield,
Antoine,Winfield,Antoine Winfield,
Vernon,Winfield,Vernon Winfield,
Juwann,Winfree,Juwann Winfree,
Chuck,Winfrey,Chuck Winfrey,
Perrion,Winfrey,Perrion Winfrey,
Stan,Winfrey,Stan Winfrey,
Brad,Wing,Brad Wing,
Chris,Wing,Chris Wing,
Andrew,Wingard,Andrew Wingard,
Elmer,Wingate,Elmer Wingate,
Heath,Wingate,Heath Wingate,
Leonard,Wingate,Leonard Wingate,
Blake,Wingle,Blake Wingle,
Mekhi,Wingo,Mekhi Wingo,
Rich,Wingo,Rich Wingo,
Ronnie,Wingo,Ronnie Wingo,
Dean,Wink,Dean Wink,
Bob,Winkel,Bob Winkel,
Ben,Winkelman,Ben Winkelman,
Bernie,Winkler,Bernie Winkler,
Francis,Winkler,Francis Winkler,
Jim,Winkler,Jim Winkler,
Joe,Winkler,Joe Winkler,
Randy,Winkler,Randy Winkler,
Billy,Winn,Billy Winn,
Bryant,Winn,Bryant Winn,
George,Winn,George Winn,
C.B.,Winneshiek,C.B. Winneshiek,
Chase,Winovich,Chase Winovich,
Bob,Winslow,Bob Winslow,
Doug,Winslow,Doug Winslow,
George,Winslow,George Winslow,
Kellen,Winslow+,Kellen Winslow+,
Kellen,Winslow,Kellen Winslow,
Paul,Winslow,Paul Winslow,
Ryan,Winslow,Ryan Winslow,
Charlie,Winston,Charlie Winston,
DeMond,Winston,DeMond Winston,
Dirt,Winston,Dirt Winston,
Easop,Winston,Easop Winston,
Eric,Winston,Eric Winston,
Glenn,Winston,Glenn Winston,
Jameis,Winston,Jameis Winston,
Kelton,Winston,Kelton Winston,
Lloyd,Winston,Lloyd Winston,
Roy,Winston,Roy Winston,
Anthony,Wint,Anthony Wint,
Bill,Winter,Bill Winter,
Blaise,Winter,Blaise Winter,
Leon,Winternheimer,Leon Winternheimer,
Brian,Winters,Brian Winters,
Chet,Winters,Chet Winters,
Dee,Winters,Dee Winters,
Frank,Winters,Frank Winters,
Sonny,Winters,Sonny Winters,
Richard,Winther,Richard Winther,
Don,Wiper,Don Wiper,
Coy,Wire,Coy Wire,
Tristan,Wirfs,Tristan Wirfs,
Dennis,Wirgowski,Dennis Wirgowski,
Steven,Wirtel,Steven Wirtel,
Terrence,Wisdom,Terrence Wisdom,
Daniel,Wise,Daniel Wise,
Deatrich,Wise,Deatrich Wise,
Mike,Wise,Mike Wise,
Phil,Wise,Phil Wise,
Gary,Wisener,Gary Wisener,
Mitch,Wishnowsky,Mitch Wishnowsky,
Jerron,Wishom,Jerron Wishom,
Jeff,Wiska,Jeff Wiska,
Pete,Wismann,Pete Wismann,
Jerry,Wisne,Jerry Wisne,
Leo,Wisniewski,Leo Wisniewski,
Stefen,Wisniewski,Stefen Wisniewski,
Steve,Wisniewski,Steve Wisniewski,
Zeke,Wissinger,Zeke Wissinger,
Al,Wistert,Al Wistert,
Grant,Wistrom,Grant Wistrom,
Al,Witcher,Al Witcher,
Dick,Witcher,Dick Witcher,
Ahkello,Witherspoon,Ahkello Witherspoon,
Brian,Witherspoon,Brian Witherspoon,
Derrick,Witherspoon,Derrick Witherspoon,
Devon,Witherspoon,Devon Witherspoon,
Terry,Witherspoon,Terry Witherspoon,
Will,Witherspoon,Will Witherspoon,
Cal,Withrow,Cal Withrow,
Cory,Withrow,Cory Withrow,
Mike,Withycombe,Mike Withycombe,
John,Witkowski,John Witkowski,
Jon,Witman,Jon Witman,
Billy,Witt,Billy Witt,
Mel,Witt,Mel Witt,
Earl,Witte,Earl Witte,
Mark,Witte,Mark Witte,
Mike,Witteck,Mike Witteck,
Jason,Witten,Jason Witten,
John,Wittenborn,John Wittenborn,
Ray,Witter,Ray Witter,
Tom,Wittum,Tom Wittum,
Cas,Witucki,Cas Witucki,
Bryan,Witzmann,Bryan Witzmann,
Alex,Wizbicki,Alex Wizbicki,
Charlie,Woerner,Charlie Woerner,
Ernie,Woerner,Ernie Woerner,
Scott,Woerner,Scott Woerner,
James,Wofford,James Wofford,
Dave,Wohlabaugh,Dave Wohlabaugh,
Richie,Woit,Richie Woit,
John,Woitt,John Woitt,
Alex,Wojciechowicz+,Alex Wojciechowicz+,
John,Wojciechowski,John Wojciechowski,
Gregory,Wojcik,Gregory Wojcik,
Al,Wolden,Al Wolden,
Dick,Wolf,Dick Wolf,
Ethan,Wolf,Ethan Wolf,
Jim,Wolf,Jim Wolf,
Joe,Wolf,Joe Wolf,
Derek,Wolfe,Derek Wolfe,
Garrett,Wolfe,Garrett Wolfe,
Red,Wolfe,Red Wolfe,
Earl,Wolff,Earl Wolff,
Wayne,Wolff,Wayne Wolff,
Craig,Wolfley,Craig Wolfley,
Ron,Wolfley,Ron Wolfley,
John,Wolford,John Wolford,
Oscar,Wolford,Oscar Wolford,
Will,Wolford,Will Wolford,
Bill,Wolski,Bill Wolski,
Whitey,Wolter,Whitey Wolter,
Clem,Woltman,Clem Woltman,
Bruce,Womack,Bruce Womack,
Floyd,Womack,Floyd Womack,
Jeff,Womack,Jeff Womack,
Joe,Womack,Joe Womack,
Samuel,Womack,Samuel Womack,
Royce,Womble,Royce Womble,
Bill,Wondolowski,Bill Wondolowski,
Joe,Wong,Joe Wong,
Kailee,Wong,Kailee Wong,
D.J.,Wonnum,D.J. Wonnum,
George,Wonsley,George Wonsley,
Nathan,Wonsley,Nathan Wonsley,
Otis,Wonsley,Otis Wonsley,
Wood,,Wood ,
Bill,Wood,Bill Wood,
Bo,Wood,Bo Wood,
Bobby,Wood,Bobby Wood,
Cierre,Wood,Cierre Wood,
Dick,Wood,Dick Wood,
Duane,Wood,Duane Wood,
Eric,Wood,Eric Wood,
Gary,Wood,Gary Wood,
John,Wood,John Wood,
Julius,Wood,Julius Wood,
Marv,Wood,Marv Wood,
Mike,Wood,Mike Wood,
Richard,Wood,Richard Wood,
Willie,Wood+,Willie Wood+,
Zach,Wood,Zach Wood,
Al,Woodall,Al Woodall,
Lee,Woodall,Lee Woodall,
Cedric,Woodard,Cedric Woodard,
Dick,Woodard,Dick Woodard,
Jonathan,Woodard,Jonathan Woodard,
Ken,Woodard,Ken Woodard,
Marc,Woodard,Marc Woodard,
Ray,Woodard,Ray Woodard,
Dennis,Woodberry,Dennis Woodberry,
Tory,Woodbury,Tory Woodbury,
John,Woodcock,John Woodcock,
Colby,Wooden,Colby Wooden,
Shawn,Wooden,Shawn Wooden,
Terry,Wooden,Terry Wooden,
Tom,Woodeshick,Tom Woodeshick,
Zac,Woodfin,Zac Woodfin,
Danny,Woodhead,Danny Woodhead,
Whitey,Woodin,Whitey Woodin,
David,Woodley,David Woodley,
LaMarr,Woodley,LaMarr Woodley,
Richard,Woodley,Richard Woodley,
Doug,Woodlief,Doug Woodlief,
John,Woodring,John Woodring,
Dwayne,Woodruff,Dwayne Woodruff,
Jim,Woodruff,Jim Woodruff,
Lee,Woodruff,Lee Woodruff,
Tony,Woodruff,Tony Woodruff,
Al,Woods,Al Woods,
Antwaun,Woods,Antwaun Woods,
Carl,Woods,Carl Woods,
Charles,Woods,Charles Woods,
Chris,Woods,Chris Woods,
Juan,Woods,Juan Woods,
Don,Woods,Don Woods,
Donovan,Woods,Donovan Woods,
Flash,Woods,Flash Woods,
Glenn,Woods,Glenn Woods,
Ickey,Woods,Ickey Woods,
Jelani,Woods,Jelani Woods,
Jerome,Woods,Jerome Woods,
Jerry,Woods,Jerry Woods,
Jimmy,Woods,Jimmy Woods,
Josh,Woods,Josh Woods,
JT,Woods,JT Woods,
Larry,Woods,Larry Woods,
LeVar,Woods,LeVar Woods,
Michael,Woods,Michael Woods,
Mike,Woods,Mike Woods,
Pierre,Woods,Pierre Woods,
Rashaun,Woods,Rashaun Woods,
Rick,Woods,Rick Woods,
Rob,Woods,Rob Woods,
Robert,Woods,Robert Woods,
Robert,Woods,Robert Woods,
Robert,Woods,Robert Woods,
Tony,Woods,Tony Woods,
Tony,Woods,Tony Woods,
Xavier,Woods,Xavier Woods,
Keith,Woodside,Keith Woodside,
Logan,Woodside,Logan Woodside,
Abe,Woodson,Abe Woodson,
Charles,Woodson+,Charles Woodson+,
Darren,Woodson,Darren Woodson,
Freddie,Woodson,Freddie Woodson,
Marv,Woodson,Marv Woodson,
Rod,Woodson+,Rod Woodson+,
Luster,,Luster ,
Damien,Woody,Damien Woody,
Wesley,Woodyard,Wesley Woodyard,
Riq,Woolen,Riq Woolen,
Scott,Woolf,Scott Woolf,
Andre,Woolfolk,Andre Woolfolk,
Butch,Woolfolk,Butch Woolfolk,
Donnell,Woolford,Donnell Woolford,
Gary,Woolford,Gary Woolford,
Rolly,Woolsey,Rolly Woolsey,
Chandler,Wooten,Chandler Wooten,
John,Wooten,John Wooten,
Khalid,Wooten,Khalid Wooten,
Mike,Wooten,Mike Wooten,
Ron,Wooten,Ron Wooten,
Tito,Wooten,Tito Wooten,
Corey,Wootton,Corey Wootton,
Barry,Word,Barry Word,
Mark,Word,Mark Word,
Roscoe,Word,Roscoe Word,
Daniels,,Daniels ,
Jim,Worden,Jim Worden,
Neil,Worden,Neil Worden,
Stu,Worden,Stu Worden,
Jason,Worilds,Jason Worilds,
Joe,Work,Joe Work,
Blake,Workman,Blake Workman,
Hoge,Workman,Hoge Workman,
Vince,Workman,Vince Workman,
Chris,Worley,Chris Worley,
Daryl,Worley,Daryl Worley,
Tim,Worley,Tim Worley,
Chris,Wormley,Chris Wormley,
Cameron,Worrell,Cameron Worrell,
Paul,Worrilow,Paul Worrilow,
Victor,Worsley,Victor Worsley,
Barron,Wortham,Barron Wortham,
Cornelius,Wortham,Cornelius Wortham,
Naz,Worthen,Naz Worthen,
Shawn,Worthen,Shawn Worthen,
Doug,Worthington,Doug Worthington,
Chandler,Worthy,Chandler Worthy,
Jerel,Worthy,Jerel Worthy,
Xavier,Worthy,Xavier Worthy,
Keith,Wortman,Keith Wortman,
Joe,Wostoupal,Joe Wostoupal,
John,Woudenberg,John Woudenberg,
Mike,Woulfe,Mike Woulfe,
John,Wozniak,John Wozniak,
Tony,Wragge,Tony Wragge,
Lud,Wray,Lud Wray,
Wilson,,Wilson ,
Darryl,Wren,Darryl Wren,
Junior,Wren,Junior Wren,
Renell,Wren,Renell Wren,
George,Wrighster,George Wrighster,
Ab,Wright,Ab Wright,
Adrian,Wright,Adrian Wright,
Alex,Wright,Alex Wright,
Alexander,Wright,Alexander Wright,
Alvin,Wright,Alvin Wright,
Anthony,Wright,Anthony Wright,
Brandon,Wright,Brandon Wright,
Brock,Wright,Brock Wright,
Charles,Wright,Charles Wright,
Dana,Wright,Dana Wright,
Darnell,Wright,Darnell Wright,
Dwayne,Wright,Dwayne Wright,
Elmo,Wright,Elmo Wright,
Eric,Wright,Eric Wright,
Eric,Wright,Eric Wright,
Eric,Wright,Eric Wright,
Ernie,Wright,Ernie Wright,
Fearon,Wright,Fearon Wright,
Felix,Wright,Felix Wright,
Gabe,Wright,Gabe Wright,
George,Wright,George Wright,
Gordon,Wright,Gordon Wright,
Isaiah,Wright,Isaiah Wright,
James,Wright,James Wright,
James,Wright,James Wright,
Jarius,Wright,Jarius Wright,
Jason,Wright,Jason Wright,
Jaylen,Wright,Jaylen Wright,
Jeff,Wright,Jeff Wright,
Jeff,Wright,Jeff Wright,
Jim,Wright,Jim Wright,
Jim,Wright,Jim Wright,
John,Wright,John Wright,
John,Wright,John Wright,
Johnnie,Wright,Johnnie Wright,
K.J.,Wright,K.J. Wright,
Keith,Wright,Keith Wright,
Kendall,Wright,Kendall Wright,
Kenny,Wright,Kenny Wright,
Kenyatta,Wright,Kenyatta Wright,
Lawrence,Wright,Lawrence Wright,
Lonnie,Wright,Lonnie Wright,
Louis,Wright,Louis Wright,
Major,Wright,Major Wright,
Manuel,Wright,Manuel Wright,
Matthew,Wright,Matthew Wright,
Mike,Wright,Mike Wright,
Nahshon,Wright,Nahshon Wright,
Nate,Wright,Nate Wright,
Owen,Wright,Owen Wright,
Ralph,Wright,Ralph Wright,
Randy,Wright,Randy Wright,
Rayfield,Wright+,Rayfield Wright+,
Rodrique,Wright,Rodrique Wright,
Ryan,Wright,Ryan Wright,
Scooby,Wright,Scooby Wright,
Shareece,Wright,Shareece Wright,
Steve,Wright,Steve Wright,
Steve,Wright,Steve Wright,
Sylvester,Wright,Sylvester Wright,
Ted,Wright,Ted Wright,
Terry,Wright,Terry Wright,
Tim,Wright,Tim Wright,
Toby,Wright,Toby Wright,
Wallace,Wright,Wallace Wright,
Willie,Wright,Willie Wright,
Tim,Wrightman,Tim Wrightman,
Claude,Wroten,Claude Wroten,
Mansfield,Wrotto,Mansfield Wrotto,
Danny,Wuerffel,Danny Wuerffel,
Al,Wukits,Al Wukits,
Jim,Wulff,Jim Wulff,
Harry,Wunsch,Harry Wunsch,
Jerry,Wunsch,Jerry Wunsch,
Fred,Wyant,Fred Wyant,
Alvin,Wyatt,Alvin Wyatt,
Antwuan,Wyatt,Antwuan Wyatt,
Devonte,Wyatt,Devonte Wyatt,
Doug,Wyatt,Doug Wyatt,
Kervin,Wyatt,Kervin Wyatt,
Kevin,Wyatt,Kevin Wyatt,
Willie,Wyatt,Willie Wyatt,
James,Wyche,James Wyche,
Sam,Wyche,Sam Wyche,
Frank,Wycheck,Frank Wycheck,
Craig,Wycinsky,Craig Wycinsky,
Doug,Wycoff,Doug Wycoff,
Frank,Wydo,Frank Wydo,
John,Wyhonic,John Wyhonic,
Lee,Wykoff,Lee Wykoff,
Pudge,Wyland,Pudge Wyland,
Andrew,Wylie,Andrew Wylie,
Devon,Wylie,Devon Wylie,
Arnie,Wyman,Arnie Wyman,
David,Wyman,David Wyman,
Devin,Wyman,Devin Wyman,
Ellis,Wyms,Ellis Wyms,
DeShawn,Wynn,DeShawn Wynn,
Dexter,Wynn,Dexter Wynn,
Isaiah,Wynn,Isaiah Wynn,
Jarius,Wynn,Jarius Wynn,
Jonathan,Wynn,Jonathan Wynn,
Kerry,Wynn,Kerry Wynn,
Milton,Wynn,Milton Wynn,
Renaldo,Wynn,Renaldo Wynn,
Shane,Wynn,Shane Wynn,
Spergon,Wynn,Spergon Wynn,
Will,Wynn,Will Wynn,
Chet,Wynne,Chet Wynne,
Elmer,Wynne,Elmer Wynne,
Harry,Wynne,Harry Wynne,
Luke,Wypler,Luke Wypler,
Jimmy,Wyrick,Jimmy Wyrick,
Pete,Wysocki,Pete Wysocki,
Oshane,Ximines,Oshane Ximines,
Sin,,Sin ,
Izzy,Yablok,Izzy Yablok,
Vinnie,Yablonski,Vinnie Yablonski,
John,Yaccino,John Yaccino,
Joe,Yackanich,Joe Yackanich,
Ray,Yagiello,Ray Yagiello,
Ray,Yakavonis,Ray Yakavonis,
Bashir,Yamini,Bashir Yamini,
William,Yanchar,William Yanchar,
Carlos,Yancy,Carlos Yancy,
Marshal,Yanda,Marshal Yanda,
David,Yankey,David Yankey,
Colson,Yankoff,Colson Yankoff,
Ron,Yankowski,Ron Yankowski,
Eric,Yarber,Eric Yarber,
Ryan,Yarborough,Ryan Yarborough,
Eddie,Yarbrough,Eddie Yarbrough,
Jim,Yarbrough,Jim Yarbrough,
Jim,Yarbrough,Jim Yarbrough,
George,Yarno,George Yarno,
John,Yarno,John Yarno,
Tommy,Yarr,Tommy Yarr,
Ron,Yary+,Ron Yary+,
Billy,Yates,Billy Yates,
Bob,Yates,Bob Yates,
Max,Yates,Max Yates,
T.J.,Yates,T.J. Yates,
Howie,Yeager,Howie Yeager,
Jim,Yeager,Jim Yeager,
William,Yearby,William Yearby,
Craig,Yeast,Craig Yeast,
Russ,Yeast,Russ Yeast,
Jeff,Yeates,Jeff Yeates,
Will,Yeatman,Will Yeatman,
James,Yeats,James Yeats,
Kenny,Yeboah,Kenny Yeboah,
Kodie,,Kodie ,
Don,Yeisley,Don Yeisley,
Deon,Yelder,Deon Yelder,
T.J.,Yeldon,T.J. Yeldon,
Bill,Yelverton,Bill Yelverton,
Dick,Yelvington,Dick Yelvington,
Garo,Yepremian,Garo Yepremian,
Howard,Yerges,Howard Yerges,
Tom,Yewcic,Tom Yewcic,
John,Yezerski,John Yezerski,
Isaac,Yiadom,Isaac Yiadom,
Todd,Yoder,Todd Yoder,
Dave,Yohn,Dave Yohn,
Mack,Yoho,Mack Yoho,
Frank,Yokas,Frank Yokas,
John,Yonakor,John Yonakor,
Wally,Yonamine,Wally Yonamine,
Cade,York,Cade York,
Ashton,Youboty,Ashton Youboty,
Jim,Youel,Jim Youel,
Maury,Youmans,Maury Youmans,
Len,Younce,Len Younce,
Adrian,Young,Adrian Young,
Al,Young,Al Young,
Al,Young,Al Young,
Albert,Young,Albert Young,
Almon,Young,Almon Young,
Andre,Young,Andre Young,
Anthony,Young,Anthony Young,
Ben,Young,Ben Young,
Bill,Young,Bill Young,
Billy,Young,Billy Young,
Bob,Young,Bob Young,
Brian,Young,Brian Young,
Bryant,Young+,Bryant Young+,
Bryce,Young,Bryce Young,
Buddy,Young,Buddy Young,
Byron,Young,Byron Young,
Byron,Young,Byron Young,
Cameron,Young,Cameron Young,
Charle,Young,Charle Young,
Charley,Young,Charley Young,
Chase,Young,Chase Young,
Chris,Young,Chris Young,
Dareke,Young,Dareke Young,
Darrel,Young,Darrel Young,
Dave,Young,Dave Young,
David,Young,David Young,
Dick,Young,Dick Young,
Duane,Young,Duane Young,
Floyd,Young,Floyd Young,
Fredd,Young,Fredd Young,
George,Young,George Young,
Glen,Young,Glen Young,
Glen,Young,Glen Young,
Glenn,Young,Glenn Young,
Herm,Young,Herm Young,
Jim,Young,Jim Young,
Jim,Young,Jim Young,
Joe,Young,Joe Young,
Kenny,Young,Kenny Young,
Kevin,Young,Kevin Young,
Landon,Young,Landon Young,
Lloyd,Young,Lloyd Young,
Lonnie,Young,Lonnie Young,
Lou,Young,Lou Young,
Michael,Young,Michael Young,
Mike,Young,Mike Young,
Mitchell,Young,Mitchell Young,
Paul,Young,Paul Young,
Randy,Young,Randy Young,
Randy,Young,Randy Young,
Renard,Young,Renard Young,
Rickey,Young,Rickey Young,
Robert,Young,Robert Young,
Rodney,Young,Rodney Young,
Roy,Young,Roy Young,
Roynell,Young,Roynell Young,
Russ,Young,Russ Young,
Ryan,Young,Ryan Young,
Sam,Young,Sam Young,
Sam,Young,Sam Young,
Scott,Young,Scott Young,
Selvin,Young,Selvin Young,
Steve,Young,Steve Young,
Steve,Young+,Steve Young+,
Tavon,Young,Tavon Young,
Theo,Young,Theo Young,
Titus,Young,Titus Young,
Trevon,Young,Trevon Young,
Tyrone,Young,Tyrone Young,
Usama,Young,Usama Young,
Vince,Young,Vince Young,
Waddy,Young,Waddy Young,
Walter,Young,Walter Young,
Wilbur,Young,Wilbur Young,
Willie,Young,Willie Young,
Willie,Young,Willie Young,
Willie,Young,Willie Young,
George,Youngblood,George Youngblood,
Jack,Youngblood+,Jack Youngblood+,
Jim,Youngblood,Jim Youngblood,
Kevin,Youngblood,Kevin Youngblood,
Sid,Youngelman,Sid Youngelman,
Tank,Younger,Tank Younger,
Frank,Youngfleish,Frank Youngfleish,
Swede,Youngstrom,Swede Youngstrom,
Christian,Yount,Christian Yount,
Mike,Yount,Mike Yount,
Frank,Youso,Frank Youso,
Dave,Yovanovits,Dave Yovanovits,
John,Yovicsin,John Yovicsin,
Walt,Yowarsky,Walt Yowarsky,
John,Yurchey,John Yurchey,
Steve,Zabel,Steve Zabel,
Olamide,Zaccheaus,Olamide Zaccheaus,
Ken,Zachary,Ken Zachary,
Tony,Zackery,Tony Zackery,
Frank,Zadworney,Frank Zadworney,
Paul,Zaeske,Paul Zaeske,
Bert,Zagers,Bert Zagers,
Steve,Zahursky,Steve Zahursky,
Nick,Zakelj,Nick Zakelj,
Ernie,Zalejski,Ernie Zalejski,
John,Zamberlin,John Zamberlin,
Carl,Zander,Carl Zander,
Emanuel,Zanders,Emanuel Zanders,
Mike,Zandofsky,Mike Zandofsky,
Silvio,Zaninelli,Silvio Zaninelli,
Willie,Zapalac,Willie Zapalac,
Bailey,Zappe,Bailey Zappe,
Joe,Zapustas,Joe Zapustas,
Gust,Zarnas,Gust Zarnas,
Carroll,Zaruba,Carroll Zaruba,
Dave,Zastudil,Dave Zastudil,
Rob,Zatechka,Rob Zatechka,
Roger,Zatkoff,Roger Zatkoff,
Godfrey,Zaunbrecher,Godfrey Zaunbrecher,
Chandler,Zavala,Chandler Zavala,
Jerry,Zawadzkas,Jerry Zawadzkas,
Dave,Zawatson,Dave Zawatson,
Tom,Zbikowski,Tom Zbikowski,
Rich,Zecher,Rich Zecher,
Henry,Zehrer,Henry Zehrer,
Eric,Zeier,Eric Zeier,
Dominique,Zeigler,Dominique Zeigler,
Dusty,Zeigler,Dusty Zeigler,
Kevin,Zeitler,Kevin Zeitler,
Mike,Zele,Mike Zele,
Connie,Zelencik,Connie Zelencik,
Frank,Zelencik,Frank Zelencik,
Joe,Zelenka,Joe Zelenka,
Ray,Zellars,Ray Zellars,
Jerry,Zeller,Jerry Zeller,
Joe,Zeller,Joe Zeller,
Peppi,Zellner,Peppi Zellner,
Bob,Zeman,Bob Zeman,
Ed,Zeman,Ed Zeman,
Joaquin,Zendejas,Joaquin Zendejas,
Luis,Zendejas,Luis Zendejas,
Max,Zendejas,Max Zendejas,
Tony,Zendejas,Tony Zendejas,
Zach,Zenner,Zach Zenner,
Coleman,Zeno,Coleman Zeno,
Joe,Zeno,Joe Zeno,
Lance,Zeno,Lance Zeno,
Mike,Zentic,Mike Zentic,
Ty,Zentner,Ty Zentner,
Harold,Zerbe,Harold Zerbe,
Amos,Zereoue,Amos Zereoue,
Anthony,Zettel,Anthony Zettel,
Jeff,Zgonina,Jeff Zgonina,
Frank,Ziegler,Frank Ziegler,
Paul,Ziegler,Paul Ziegler,
Chris,Ziemann,Chris Ziemann,
Lee,Ziemba,Lee Ziemba,
Dave,Ziff,Dave Ziff,
Jack,Zilly,Jack Zilly,
Justin,Zimmer,Justin Zimmer,
Geno,Zimmerlink,Geno Zimmerlink,
Corl,Zimmerman,Corl Zimmerman,
Don,Zimmerman,Don Zimmerman,
Gary,Zimmerman+,Gary Zimmerman+,
Giff,Zimmerman,Giff Zimmerman,
Jeff,Zimmerman,Jeff Zimmerman,
Roy,Zimmerman,Roy Zimmerman,
Bob,Zimny,Bob Zimny,
Keith,Zinger,Keith Zinger,
Zak,Zinter,Zak Zinter,
Walt,Zirinsky,Walt Zirinsky,
Vince,Zizak,Vince Zizak,
Mickey,Zofko,Mickey Zofko,
Jon,Zogg,Jon Zogg,
Clyde,Zoia,Clyde Zoia,
Scott,Zolak,Scott Zolak,
Carl,Zoll,Carl Zoll,
Dick,Zoll,Dick Zoll,
Marty,Zoll,Marty Zoll,
Eric,Zomalt,Eric Zomalt,
Joe,Zombek,Joe Zombek,
Frank,Zombo,Frank Zombo,
Lou,Zontini,Lou Zontini,
John,Zook,John Zook,
Frank,Zoppetti,Frank Zoppetti,
Mike,Zordich,Mike Zordich,
Chris,Zorich,Chris Zorich,
George,Zorich,George Zorich,
Jim,Zorn,Jim Zorn,
Isaiah,Zuber,Isaiah Zuber,
Vic,Zucco,Vic Zucco,
Greg,Zuerlein,Greg Zuerlein,
Dave,Zuidmulder,Dave Zuidmulder,
Paul,Zukauskas,Paul Zukauskas,
Jabari,Zuniga,Jabari Zuniga,
Charlie,Zunker,Charlie Zunker,
Albert,Zupek,Albert Zupek,
Jeremy,Zuttah,Jeremy Zuttah,
Merle,Zuver,Merle Zuver,
Tony,Zuzzio,Tony Zuzzio,
Brandon,Zylstra,Brandon Zylstra,
Shane,Zylstra,Shane Zylstra,
Jim,Zyntell,Jim Zyntell,
